{
  "A7A5": [
    0.01242144,
    0.01225591
  ],
  "VIRTUAL": [
    0.734374,
    0.729961
  ],
  "CAKE": [
    1.43,
    1.44
  ],
  "FTN": [
    1.089,
    1.088
  ],
  "PENGU": [
    0.00727372,
    0.00732066
  ],
  "KITE": [
    0.247528,
    0.24987
  ],
  "STX": [
    0.243114,
    0.242508
  ],
  "ETHFI": [
    0.55314,
    0.561928
  ],
  "DASH": [
    33.86,
    33.92
  ],
  "RIVER": [
    21.75,
    21.82
  ],
  "EURC": [
    1.16,
    1.16
  ],
  "XTZ": [
    0.389167,
    0.387931
  ],
  "SEI": [
    0.060764,
    0.060808
  ],
  "DCR": [
    23.05,
    23.49
  ],
  "JAAA": [
    1.028,
    1.028
  ],
  "ADI": [
    3.95,
    4
  ],
  "FDUSD": [
    0.999874,
    0.999419
  ],
  "CHZ": [
    0.03588513,
    0.03589398
  ],
  "USX": [
    0.999567,
    0.999419
  ],
  "PRIME": [
    1.028,
    1.028
  ],
  "CRV": [
    0.232642,
    0.235308
  ],
  "SUN": [
    0.01761114,
    0.01822239
  ],
  "KAU": [
    146.37,
    144.6
  ],
  "GNO": [
    128.6,
    129.73
  ],
  "NFT": [
    3.32288e-7,
    3.3171e-7
  ],
  "BTT": [
    3.32652e-7,
    3.32305e-7
  ],
  "CFX": [
    0.062052,
    0.062272
  ],
  "DEXE": [
    6.93,
    7
  ],
  "AERO": [
    0.342471,
    0.338251
  ],
  "USDAI": [
    0.999917,
    0.999721
  ],
  "INJ": [
    3.08,
    3.08
  ],
  "VVV": [
    6.76,
    6.77
  ],
  "TIA": [
    0.330898,
    0.331745
  ],
  "KAIA": [
    0.050496,
    0.050625
  ],
  "FLOKI": [
    0.00003034,
    0.00003036
  ],
  "BSV": [
    14.18,
    14.31
  ],
  "SPX": [
    0.300354,
    0.299998
  ],
  "JASMY": [
    0.00557963,
    0.00560013
  ],
  "SYRUP": [
    0.235322,
    0.236382
  ],
  "GRT": [
    0.02533464,
    0.02541031
  ],
  "FRAX": [
    0.99036,
    0.991165
  ],
  "APEPE": [
    0.00000128,
    0.00000128
  ],
  "MON": [
    0.02504535,
    0.02464278
  ],
  "2Z": [
    0.0758,
    0.076336
  ],
  "FO": [
    0.26374,
    0.263775
  ],
  "CRVUSD": [
    0.998066,
    0.999265
  ],
  "IOTA": [
    0.058905,
    0.059217
  ],
  "LDO": [
    0.298807,
    0.298852
  ],
  "LIT": [
    0.995075,
    0.9908
  ],
  "OHM": [
    15.77,
    15.81
  ],
  "OP": [
    0.113277,
    0.113713
  ],
  "XPL": [
    0.099562,
    0.099852
  ],
  "BTSE": [
    1.46,
    1.46
  ],
  "ENS": [
    6.1,
    6.11
  ],
  "ZBCN": [
    0.00233305,
    0.00238103
  ],
  "PYTH": [
    0.04017418,
    0.04035291
  ],
  "HNT": [
    1.24,
    1.25
  ],
  "USTBL": [
    1.078,
    1.078
  ],
  "IP": [
    0.636933,
    0.646755
  ],
  "9BIT": [
    0.02709113,
    0.02700293
  ],
  "UDS": [
    1.77,
    1.78
  ],
  "SAND": [
    0.08173,
    0.081583
  ],
  "USDA": [
    0.984662,
    0.984662
  ],
  "TEL": [
    0.00227436,
    0.00228217
  ],
  "B": [
    0.223625,
    0.216194
  ],
  "AUSD": [
    0.999906,
    0.999814
  ],
  "PENDLE": [
    1.28,
    1.29
  ],
  "TWT": [
    0.500651,
    0.507201
  ],
  "LUNC": [
    0.00003872,
    0.00003861
  ],
  "STRK": [
    0.03711172,
    0.0370587
  ],
  "BCAP": [
    22.89,
    22.89
  ],
  "AB": [
    0.00202407,
    0.00202707
  ],
  "XCN": [
    0.00524065,
    0.00522739
  ],
  "REAL": [
    0.061546,
    0.061572
  ],
  "NEO": [
    2.75,
    2.75
  ],
  "WIF": [
    0.19549,
    0.193627
  ],
  "VSN": [
    0.052773,
    0.052915
  ],
  "FARTCOIN": [
    0.192164,
    0.190307
  ],
  "AXS": [
    1.13,
    1.12
  ],
  "PC0000031": [
    1,
    1
  ],
  "COMP": [
    19.63,
    19.58
  ],
  "BORG": [
    0.190429,
    0.190957
  ],
  "GRASS": [
    0.36957,
    0.345415
  ],
  "NUSD": [
    0.998623,
    0.999127
  ],
  "WFI": [
    2.25,
    2.27
  ],
  "ZK": [
    0.01895901,
    0.01925231
  ],
  "REUSD": [
    1.068,
    1.068
  ],
  "WAL": [
    0.080891,
    0.081185
  ],
  "MANA": [
    0.088311,
    0.088515
  ],
  "H": [
    0.093608,
    0.09268
  ],
  "S": [
    0.04437875,
    0.04421552
  ],
  "FF": [
    0.070967,
    0.071307
  ],
  "THETA": [
    0.164498,
    0.165237
  ],
  "MX": [
    1.79,
    1.8
  ],
  "RAY": [
    0.610354,
    0.611727
  ],
  "BAT": [
    0.106958,
    0.109898
  ],
  "KOGE": [
    47.99,
    47.98
  ],
  "CVX": [
    1.8,
    1.77
  ],
  "FDIT": [
    1,
    1
  ],
  "SATUSD": [
    0.995539,
    0.995314
  ]
}