{
  "FTN": [
    1.089,
    1.089
  ],
  "A7A5": [
    0.01187978,
    0.01188039
  ],
  "CAKE": [
    1.4,
    1.4
  ],
  "VIRTUAL": [
    0.697457,
    0.698308
  ],
  "DCR": [
    26.03,
    26.02
  ],
  "PENGU": [
    0.00704699,
    0.00708582
  ],
  "STX": [
    0.243312,
    0.243045
  ],
  "ETHFI": [
    0.563869,
    0.562104
  ],
  "XTZ": [
    0.397186,
    0.402106
  ],
  "EURC": [
    1.16,
    1.16
  ],
  "SEI": [
    0.062954,
    0.062999
  ],
  "JAAA": [
    1.027,
    1.027
  ],
  "RIVER": [
    21.52,
    21.17
  ],
  "DASH": [
    31.64,
    31.64
  ],
  "KITE": [
    0.218747,
    0.220595
  ],
  "FDUSD": [
    0.999043,
    0.999479
  ],
  "CHZ": [
    0.03585052,
    0.03572621
  ],
  "USX": [
    0.999745,
    0.999746
  ],
  "PRIME": [
    1.028,
    1.028
  ],
  "CRV": [
    0.232482,
    0.234129
  ],
  "KAU": [
    144.46,
    144.86
  ],
  "GNO": [
    129.93,
    129.81
  ],
  "SUN": [
    0.01756473,
    0.0176954
  ],
  "BTT": [
    3.35058e-7,
    3.35781e-7
  ],
  "CFX": [
    0.064101,
    0.063827
  ],
  "NFT": [
    3.32018e-7,
    3.33568e-7
  ],
  "USDAI": [
    0.99979,
    0.999792
  ],
  "ADI": [
    3.2,
    3.2
  ],
  "INJ": [
    3.08,
    3.07
  ],
  "KAIA": [
    0.05111,
    0.051101
  ],
  "TIA": [
    0.330984,
    0.332061
  ],
  "AERO": [
    0.318444,
    0.318338
  ],
  "BSV": [
    14.56,
    14.63
  ],
  "DEXE": [
    6.03,
    6.12
  ],
  "FLOKI": [
    0.00002953,
    0.00002957
  ],
  "SPX": [
    0.300939,
    0.301624
  ],
  "GRT": [
    0.02586227,
    0.02586077
  ],
  "JASMY": [
    0.00562357,
    0.0056114
  ],
  "LIT": [
    1.13,
    1.1
  ],
  "SYRUP": [
    0.236571,
    0.236884
  ],
  "FRAX": [
    0.991867,
    0.992103
  ],
  "APEPE": [
    0.00000129,
    0.00000129
  ],
  "IOTA": [
    0.061762,
    0.061625
  ],
  "2Z": [
    0.075803,
    0.075808
  ],
  "FO": [
    0.263819,
    0.263809
  ],
  "IP": [
    0.743999,
    0.741895
  ],
  "OP": [
    0.123161,
    0.123115
  ],
  "CRVUSD": [
    1.001,
    0.999738
  ],
  "OHM": [
    16.33,
    16.21
  ],
  "VVV": [
    5.68,
    5.62
  ],
  "LDO": [
    0.295373,
    0.296615
  ],
  "ZBCN": [
    0.00254528,
    0.00254907
  ],
  "PYTH": [
    0.04293506,
    0.04290281
  ],
  "BTSE": [
    1.52,
    1.5
  ],
  "MON": [
    0.02201912,
    0.02193654
  ],
  "ENS": [
    6.18,
    6.19
  ],
  "TEL": [
    0.00244093,
    0.00243724
  ],
  "HNT": [
    1.24,
    1.25
  ],
  "B": [
    0.228025,
    0.22463
  ],
  "USDA": [
    0.984014,
    0.984014
  ],
  "SAND": [
    0.081391,
    0.081428
  ],
  "AUSD": [
    0.999917,
    0.999906
  ],
  "LUNC": [
    0.00003943,
    0.00003937
  ],
  "UDS": [
    1.71,
    1.7
  ],
  "XPL": [
    0.093184,
    0.093594
  ],
  "BCAP": [
    22.99,
    22.99
  ],
  "TWT": [
    0.497682,
    0.499135
  ],
  "PENDLE": [
    1.25,
    1.25
  ],
  "AB": [
    0.00208057,
    0.00207731
  ],
  "AXS": [
    1.21,
    1.21
  ],
  "NUSD": [
    0.999485,
    0.999811
  ],
  "GRASS": [
    0.367637,
    0.372854
  ],
  "STRK": [
    0.03564126,
    0.03556582
  ],
  "BORG": [
    0.202925,
    0.203115
  ],
  "XCN": [
    0.00515915,
    0.00522679
  ],
  "REUSD": [
    1.068,
    1.068
  ],
  "USTBL": [
    1.078,
    1.078
  ],
  "NEO": [
    2.74,
    2.73
  ],
  "FARTCOIN": [
    0.19251,
    0.192247
  ],
  "PC0000031": [
    1,
    1
  ],
  "VSN": [
    0.05242,
    0.052543
  ],
  "9BIT": [
    0.02288402,
    0.02288419
  ],
  "REAL": [
    0.058701,
    0.058798
  ],
  "COMP": [
    18.86,
    18.9
  ],
  "WFI": [
    2.22,
    2.22
  ],
  "WAL": [
    0.079518,
    0.079959
  ],
  "FDIT": [
    1,
    1
  ],
  "WIF": [
    0.176581,
    0.177569
  ],
  "FLUID": [
    2.25,
    2.26
  ],
  "IUSD": [
    1,
    1.001
  ],
  "H": [
    0.094414,
    0.094887
  ],
  "MANA": [
    0.088509,
    0.088437
  ],
  "ZK": [
    0.01854212,
    0.01850057
  ],
  "THETA": [
    0.170178,
    0.169535
  ],
  "CVX": [
    1.81,
    1.83
  ],
  "S": [
    0.04398177,
    0.0441492
  ],
  "FF": [
    0.070915,
    0.070918
  ],
  "MX": [
    1.79,
    1.79
  ],
  "RAY": [
    0.60757,
    0.609509
  ],
  "KOGE": [
    47.99,
    47.99
  ]
}