{
  "A7A5": [
    0.01233099,
    0.01232928
  ],
  "FTN": [
    1.088,
    1.088
  ],
  "CAKE": [
    1.45,
    1.43
  ],
  "VIRTUAL": [
    0.722523,
    0.708725
  ],
  "PENGU": [
    0.00732522,
    0.00713977
  ],
  "STX": [
    0.242267,
    0.239607
  ],
  "DASH": [
    34.08,
    33.8
  ],
  "ETHFI": [
    0.559751,
    0.540644
  ],
  "RIVER": [
    22.32,
    21.77
  ],
  "EURC": [
    1.16,
    1.16
  ],
  "XTZ": [
    0.390204,
    0.380369
  ],
  "SEI": [
    0.061168,
    0.059878
  ],
  "KITE": [
    0.243153,
    0.220643
  ],
  "JAAA": [
    1.028,
    1.028
  ],
  "DCR": [
    23.74,
    22.39
  ],
  "FDUSD": [
    0.999351,
    0.999257
  ],
  "CHZ": [
    0.03608131,
    0.03565729
  ],
  "PRIME": [
    1.028,
    1.028
  ],
  "USX": [
    0.999667,
    0.999795
  ],
  "SUN": [
    0.01788227,
    0.01806149
  ],
  "KAU": [
    145.16,
    145.01
  ],
  "CRV": [
    0.235364,
    0.22875
  ],
  "DEXE": [
    7.46,
    7.27
  ],
  "GNO": [
    129.32,
    127.87
  ],
  "NFT": [
    3.32973e-7,
    3.32744e-7
  ],
  "BTT": [
    3.31127e-7,
    3.30655e-7
  ],
  "ADI": [
    4.03,
    4.05
  ],
  "CFX": [
    0.061427,
    0.060511
  ],
  "USDAI": [
    0.999697,
    0.999638
  ],
  "AERO": [
    0.335452,
    0.332538
  ],
  "INJ": [
    3.08,
    3.03
  ],
  "KAIA": [
    0.050662,
    0.04983115
  ],
  "TIA": [
    0.331204,
    0.324803
  ],
  "FLOKI": [
    0.00003039,
    0.00002967
  ],
  "VVV": [
    6.58,
    6.29
  ],
  "BSV": [
    14.36,
    14.12
  ],
  "MON": [
    0.02635186,
    0.0256103
  ],
  "FRAX": [
    0.991803,
    0.990782
  ],
  "SPX": [
    0.301247,
    0.292816
  ],
  "KAG": [
    71.57
  ],
  "GRT": [
    0.02540017,
    0.02496344
  ],
  "APEPE": [
    0.00000129,
    0.00000128
  ],
  "JASMY": [
    0.00554721,
    0.00543198
  ],
  "SYRUP": [
    0.236302,
    0.229454
  ],
  "FO": [
    0.264018,
    0.262965
  ],
  "CRVUSD": [
    1,
    1
  ],
  "2Z": [
    0.076586,
    0.07445
  ],
  "IOTA": [
    0.059369,
    0.058856
  ],
  "LDO": [
    0.299436,
    0.295126
  ],
  "OHM": [
    15.66,
    15.63
  ],
  "LIT": [
    0.990179,
    0.973149
  ],
  "OP": [
    0.113377,
    0.111567
  ],
  "BTSE": [
    1.45,
    1.45
  ],
  "XPL": [
    0.099823,
    0.098662
  ],
  "ZBCN": [
    0.00242173,
    0.00237529
  ],
  "USTBL": [
    1.078,
    1.078
  ],
  "ENS": [
    6.12,
    5.99
  ],
  "PYTH": [
    0.04056835,
    0.0397939
  ],
  "IP": [
    0.661385,
    0.647238
  ],
  "HNT": [
    1.25,
    1.23
  ],
  "9BIT": [
    0.02707369,
    0.02706606
  ],
  "UDS": [
    1.77,
    1.77
  ],
  "B": [
    0.209132,
    0.219721
  ],
  "USDA": [
    0.984662,
    0.984662
  ],
  "AUSD": [
    0.99985,
    0.999874
  ],
  "TEL": [
    0.00228606,
    0.00225364
  ],
  "SAND": [
    0.081611,
    0.080034
  ],
  "PENDLE": [
    1.29,
    1.26
  ],
  "BCAP": [
    22.89,
    22.89
  ],
  "LUNC": [
    0.00003861,
    0.00003811
  ],
  "TWT": [
    0.505283,
    0.496623
  ],
  "STRK": [
    0.03683205,
    0.03621684
  ],
  "AB": [
    0.0020248,
    0.00201842
  ],
  "XCN": [
    0.00524935,
    0.00523235
  ],
  "REAL": [
    0.062337,
    0.061279
  ],
  "NEO": [
    2.76,
    2.72
  ],
  "WIF": [
    0.19143,
    0.189816
  ],
  "PC0000031": [
    1,
    1
  ],
  "VSN": [
    0.053094,
    0.052434
  ],
  "FARTCOIN": [
    0.192235,
    0.186608
  ],
  "AXS": [
    1.13,
    1.099
  ],
  "NUSD": [
    1,
    0.999321
  ],
  "COMP": [
    19.63,
    19.11
  ],
  "WFI": [
    2.28,
    2.24
  ],
  "REUSD": [
    1.069,
    1.068
  ],
  "BORG": [
    0.190248,
    0.185685
  ],
  "GRASS": [
    0.341831,
    0.331913
  ],
  "WAL": [
    0.081475,
    0.079688
  ],
  "ZK": [
    0.01903239,
    0.01853397
  ],
  "H": [
    0.092896,
    0.093184
  ],
  "MANA": [
    0.089054,
    0.087542
  ],
  "FF": [
    0.071831,
    0.071526
  ],
  "MX": [
    1.8,
    1.8
  ],
  "THETA": [
    0.166598,
    0.163466
  ],
  "BAT": [
    0.109159,
    0.109169
  ],
  "KOGE": [
    47.98,
    47.97
  ],
  "RAY": [
    0.612615,
    0.600647
  ],
  "S": [
    0.04356725,
    0.04268102
  ],
  "FDIT": [
    1,
    1
  ],
  "SATUSD": [
    0.995032,
    0.994649
  ]
}