{
  "TUSD": [
    0.999407
  ],
  "ETHFI": [
    0.598384,
    0.601515
  ],
  "FTN": [
    1.089,
    1.09
  ],
  "A7A5": [
    0.01177346,
    0.01180295
  ],
  "CAKE": [
    1.39,
    1.38
  ],
  "VIRTUAL": [
    0.693009,
    0.693216
  ],
  "STX": [
    0.244687,
    0.245142
  ],
  "PENGU": [
    0.00706107,
    0.00705476
  ],
  "XTZ": [
    0.398522,
    0.397688
  ],
  "EURC": [
    1.16,
    1.16
  ],
  "SEI": [
    0.063193,
    0.0631
  ],
  "JAAA": [
    1.027,
    1.027
  ],
  "DCR": [
    24.51,
    24.27
  ],
  "DASH": [
    32.27,
    32.68
  ],
  "KITE": [
    0.219585,
    0.217717
  ],
  "FDUSD": [
    0.999546,
    0.999594
  ],
  "CHZ": [
    0.03621384,
    0.03622143
  ],
  "USX": [
    0.999666,
    0.999772
  ],
  "PRIME": [
    1.028,
    1.028
  ],
  "KAU": [
    146.89,
    146.91
  ],
  "CRV": [
    0.233035,
    0.233318
  ],
  "GNO": [
    130.88,
    130.82
  ],
  "SUN": [
    0.01776684,
    0.01785691
  ],
  "CFX": [
    0.064589,
    0.06462
  ],
  "BTT": [
    3.36519e-7,
    3.36957e-7
  ],
  "NFT": [
    3.34666e-7,
    3.35304e-7
  ],
  "USDAI": [
    0.999427,
    0.999608
  ],
  "ADI": [
    3.23,
    3.23
  ],
  "INJ": [
    3.09,
    3.08
  ],
  "KAIA": [
    0.051771,
    0.051592
  ],
  "TIA": [
    0.331875,
    0.331776
  ],
  "AERO": [
    0.319357,
    0.319539
  ],
  "BSV": [
    14.65,
    14.65
  ],
  "FLOKI": [
    0.00002969,
    0.00002967
  ],
  "DEXE": [
    6.07,
    6.05
  ],
  "SPX": [
    0.304156,
    0.30377
  ],
  "GRT": [
    0.02591448,
    0.02593344
  ],
  "JASMY": [
    0.00560788,
    0.00560532
  ],
  "FRAX": [
    0.992555,
    0.992795
  ],
  "SYRUP": [
    0.236305,
    0.23626
  ],
  "APEPE": [
    0.00000128,
    0.00000128
  ],
  "IOTA": [
    0.061362,
    0.061443
  ],
  "FO": [
    0.264812,
    0.264786
  ],
  "LIT": [
    1.054,
    1.055
  ],
  "2Z": [
    0.076055,
    0.07587
  ],
  "IP": [
    0.742731,
    0.742689
  ],
  "VVV": [
    5.76,
    5.83
  ],
  "CRVUSD": [
    0.999075,
    0.999957
  ],
  "OP": [
    0.121659,
    0.121629
  ],
  "LDO": [
    0.29812,
    0.298101
  ],
  "OHM": [
    16.08,
    15.89
  ],
  "PYTH": [
    0.04284203,
    0.04289625
  ],
  "ZBCN": [
    0.00245638,
    0.00245261
  ],
  "ENS": [
    6.2,
    6.2
  ],
  "BTSE": [
    1.47,
    1.47
  ],
  "MON": [
    0.02188833,
    0.02178864
  ],
  "TEL": [
    0.00245067,
    0.00245158
  ],
  "HNT": [
    1.24,
    1.24
  ],
  "B": [
    0.224538,
    0.224588
  ],
  "USDA": [
    0.984014,
    0.984014
  ],
  "AUSD": [
    0.999825,
    0.999983
  ],
  "SAND": [
    0.080586,
    0.080789
  ],
  "LUNC": [
    0.00003936,
    0.00003933
  ],
  "XPL": [
    0.094414,
    0.094406
  ],
  "TWT": [
    0.506329,
    0.508633
  ],
  "STRK": [
    0.03689087,
    0.03749417
  ],
  "BCAP": [
    22.99,
    22.99
  ],
  "PENDLE": [
    1.26,
    1.26
  ],
  "GRASS": [
    0.378509,
    0.379699
  ],
  "UDS": [
    1.66,
    1.64
  ],
  "AB": [
    0.00206343,
    0.0020639
  ],
  "BORG": [
    0.206441,
    0.207035
  ],
  "NUSD": [
    0.999972,
    0.99973
  ],
  "AXS": [
    1.18,
    1.18
  ],
  "9BIT": [
    0.02408136,
    0.02408077
  ],
  "FARTCOIN": [
    0.19727,
    0.196233
  ],
  "REUSD": [
    1.068,
    1.068
  ],
  "XCN": [
    0.00519145,
    0.0052069
  ],
  "USTBL": [
    1.078,
    1.078
  ],
  "NEO": [
    2.69,
    2.69
  ],
  "PC0000031": [
    1,
    1
  ],
  "REAL": [
    0.059735,
    0.05972
  ],
  "VSN": [
    0.052403,
    0.0524
  ],
  "COMP": [
    19.26,
    19.18
  ],
  "FLUID": [
    2.32,
    2.34
  ],
  "WAL": [
    0.08011,
    0.080192
  ],
  "WIF": [
    0.179338,
    0.179427
  ],
  "FDIT": [
    1,
    1
  ],
  "WFI": [
    2.17,
    2.17
  ],
  "IUSD": [
    1,
    1
  ],
  "H": [
    0.095027,
    0.095134
  ],
  "ZK": [
    0.01861898,
    0.01859135
  ],
  "THETA": [
    0.169658,
    0.169554
  ],
  "MANA": [
    0.08706,
    0.087394
  ],
  "CVX": [
    1.84,
    1.84
  ],
  "S": [
    0.04421981,
    0.04426765
  ],
  "RAY": [
    0.616134,
    0.617374
  ],
  "FF": [
    0.070858,
    0.070831
  ],
  "MX": [
    1.79,
    1.79
  ],
  "KOGE": [
    47.99
  ]
}