{
  "TUSD": [
    0.999188,
    0.999262
  ],
  "ETHFI": [
    0.601089,
    0.601229
  ],
  "FTN": [
    1.089,
    1.089
  ],
  "A7A5": [
    0.01200008,
    0.01200127
  ],
  "VIRTUAL": [
    0.698171,
    0.69687
  ],
  "CAKE": [
    1.37,
    1.37
  ],
  "STX": [
    0.246539,
    0.244985
  ],
  "PENGU": [
    0.00712318,
    0.0070787
  ],
  "DCR": [
    25.32,
    24.98
  ],
  "XTZ": [
    0.396797,
    0.39779
  ],
  "EURC": [
    1.16,
    1.16
  ],
  "SEI": [
    0.0629,
    0.062891
  ],
  "JAAA": [
    1.027,
    1.027
  ],
  "DASH": [
    32.73,
    32.46
  ],
  "KITE": [
    0.216191,
    0.216067
  ],
  "FDUSD": [
    0.99911,
    0.9999
  ],
  "CHZ": [
    0.03604498,
    0.03596236
  ],
  "USX": [
    0.999854,
    0.999773
  ],
  "KAU": [
    149.23,
    149.23
  ],
  "PRIME": [
    1.028,
    1.029
  ],
  "CRV": [
    0.234547,
    0.233646
  ],
  "SUN": [
    0.01778899,
    0.01781276
  ],
  "GNO": [
    129.77,
    129.5
  ],
  "USDAI": [
    0.999975,
    0.999992
  ],
  "BTT": [
    3.36437e-7,
    3.36342e-7
  ],
  "NFT": [
    3.337e-7,
    3.33811e-7
  ],
  "CFX": [
    0.063581,
    0.063575
  ],
  "DEXE": [
    6.93,
    6.74
  ],
  "ADI": [
    3.23,
    3.23
  ],
  "INJ": [
    3.12,
    3.11
  ],
  "KAIA": [
    0.051308,
    0.051215
  ],
  "TIA": [
    0.332671,
    0.331443
  ],
  "AERO": [
    0.320587,
    0.320638
  ],
  "BSV": [
    14.57,
    14.55
  ],
  "FLOKI": [
    0.00003003,
    0.00002991
  ],
  "SPX": [
    0.304586,
    0.303756
  ],
  "GRT": [
    0.02605536,
    0.02594571
  ],
  "JASMY": [
    0.00565602,
    0.00562378
  ],
  "SYRUP": [
    0.238682,
    0.239158
  ],
  "FRAX": [
    0.990908,
    0.990964
  ],
  "VVV": [
    6.16,
    6.09
  ],
  "APEPE": [
    0.00000129,
    0.00000129
  ],
  "LIT": [
    1.078,
    1.07
  ],
  "IOTA": [
    0.061322,
    0.061216
  ],
  "IP": [
    0.751934,
    0.753642
  ],
  "FO": [
    0.264031,
    0.264197
  ],
  "2Z": [
    0.075414,
    0.075257
  ],
  "CRVUSD": [
    0.999445,
    0.998324
  ],
  "OP": [
    0.122398,
    0.121754
  ],
  "ZBCN": [
    0.00254751,
    0.00262282
  ],
  "LDO": [
    0.298045,
    0.297078
  ],
  "PYTH": [
    0.04323705,
    0.04303018
  ],
  "OHM": [
    15.9,
    15.81
  ],
  "BTSE": [
    1.47,
    1.48
  ],
  "ENS": [
    6.2,
    6.18
  ],
  "MON": [
    0.02184002,
    0.02186118
  ],
  "TEL": [
    0.00244383,
    0.00244413
  ],
  "HNT": [
    1.25,
    1.24
  ],
  "USDA": [
    0.984014,
    0.984014
  ],
  "XPL": [
    0.096569,
    0.096721
  ],
  "B": [
    0.220021,
    0.216894
  ],
  "LUNC": [
    0.00003982,
    0.00003966
  ],
  "AUSD": [
    0.999984,
    0.999967
  ],
  "SAND": [
    0.081183,
    0.080887
  ],
  "STRK": [
    0.03831324,
    0.03799107
  ],
  "BCAP": [
    22.99,
    22.99
  ],
  "TWT": [
    0.50916,
    0.501927
  ],
  "PENDLE": [
    1.25,
    1.25
  ],
  "GRASS": [
    0.37571,
    0.375119
  ],
  "AB": [
    0.00205069,
    0.00205496
  ],
  "AXS": [
    1.19,
    1.19
  ],
  "NUSD": [
    0.999606,
    0.999721
  ],
  "XCN": [
    0.00526885,
    0.00529835
  ],
  "9BIT": [
    0.02415109,
    0.02417218
  ],
  "BORG": [
    0.200759,
    0.2007
  ],
  "REUSD": [
    1.068,
    1.068
  ],
  "FARTCOIN": [
    0.197365,
    0.194655
  ],
  "USTBL": [
    1.078,
    1.078
  ],
  "UDS": [
    1.53,
    1.53
  ],
  "NEO": [
    2.68,
    2.68
  ],
  "PC0000031": [
    1,
    1
  ],
  "VSN": [
    0.052576,
    0.052605
  ],
  "REAL": [
    0.059752,
    0.059679
  ],
  "COMP": [
    19.27,
    19.27
  ],
  "FLUID": [
    2.33,
    2.35
  ],
  "WIF": [
    0.182099,
    0.181298
  ],
  "WAL": [
    0.079968,
    0.07994
  ],
  "WFI": [
    2.16,
    2.16
  ],
  "IUSD": [
    0.999373,
    0.999095
  ],
  "FDIT": [
    1,
    1
  ],
  "H": [
    0.094871,
    0.09456
  ],
  "ZK": [
    0.01873091,
    0.01860646
  ],
  "CVX": [
    1.84,
    1.84
  ],
  "S": [
    0.04484467,
    0.04464019
  ],
  "MANA": [
    0.087807,
    0.087217
  ],
  "THETA": [
    0.168642,
    0.16735
  ],
  "RAY": [
    0.621502,
    0.620838
  ],
  "FF": [
    0.070764,
    0.07069
  ],
  "MX": [
    1.79,
    1.79
  ],
  "KOGE": [
    47.99
  ]
}