{
  "A7A5": [
    0.01233022,
    0.01233099
  ],
  "CAKE": [
    1.44,
    1.45
  ],
  "VIRTUAL": [
    0.719029,
    0.722523
  ],
  "FTN": [
    1.088,
    1.088
  ],
  "PENGU": [
    0.00730425,
    0.00732522
  ],
  "STX": [
    0.240876,
    0.242267
  ],
  "ETHFI": [
    0.557456,
    0.559751
  ],
  "RIVER": [
    21.88,
    22.32
  ],
  "KITE": [
    0.247046,
    0.243153
  ],
  "DASH": [
    33.81,
    34.08
  ],
  "XTZ": [
    0.389095,
    0.390204
  ],
  "EURC": [
    1.16,
    1.16
  ],
  "SEI": [
    0.060736,
    0.061168
  ],
  "DCR": [
    23.63,
    23.74
  ],
  "JAAA": [
    1.028,
    1.028
  ],
  "ADI": [
    4.02,
    4.03
  ],
  "FDUSD": [
    0.999632,
    0.999351
  ],
  "CHZ": [
    0.03579543,
    0.03608131
  ],
  "USX": [
    0.999626,
    0.999667
  ],
  "PRIME": [
    1.027,
    1.028
  ],
  "CRV": [
    0.233131,
    0.235364
  ],
  "DEXE": [
    7.29,
    7.46
  ],
  "KAU": [
    145.17,
    145.16
  ],
  "SUN": [
    0.0182072,
    0.01788227
  ],
  "GNO": [
    129.33,
    129.32
  ],
  "NFT": [
    3.31633e-7,
    3.32973e-7
  ],
  "BTT": [
    3.32506e-7,
    3.31127e-7
  ],
  "CFX": [
    0.06139,
    0.061427
  ],
  "USDAI": [
    0.999773,
    0.999697
  ],
  "AERO": [
    0.338196,
    0.335452
  ],
  "INJ": [
    3.07,
    3.08
  ],
  "TIA": [
    0.329501,
    0.331204
  ],
  "KAIA": [
    0.050407,
    0.050662
  ],
  "VVV": [
    6.86,
    6.58
  ],
  "FLOKI": [
    0.00003029,
    0.00003039
  ],
  "BSV": [
    14.31,
    14.36
  ],
  "MON": [
    0.02469304,
    0.02635186
  ],
  "SPX": [
    0.29946,
    0.301247
  ],
  "JASMY": [
    0.00555301,
    0.00554721
  ],
  "FRAX": [
    0.991415,
    0.991803
  ],
  "SYRUP": [
    0.235755,
    0.236302
  ],
  "GRT": [
    0.02526006,
    0.02540017
  ],
  "APEPE": [
    0.00000128,
    0.00000129
  ],
  "2Z": [
    0.076067,
    0.076586
  ],
  "FO": [
    0.263848,
    0.264018
  ],
  "CRVUSD": [
    0.999126,
    1
  ],
  "IOTA": [
    0.059011,
    0.059369
  ],
  "LDO": [
    0.297858,
    0.299436
  ],
  "LIT": [
    0.984152,
    0.990179
  ],
  "OHM": [
    15.67,
    15.66
  ],
  "OP": [
    0.112704,
    0.113377
  ],
  "ZBCN": [
    0.00239164,
    0.00242173
  ],
  "XPL": [
    0.099424,
    0.099823
  ],
  "BTSE": [
    1.46,
    1.45
  ],
  "ENS": [
    6.08,
    6.12
  ],
  "PYTH": [
    0.04025519,
    0.04056835
  ],
  "IP": [
    0.645899,
    0.661385
  ],
  "HNT": [
    1.24,
    1.25
  ],
  "USTBL": [
    1.078,
    1.078
  ],
  "9BIT": [
    0.0271,
    0.02707369
  ],
  "UDS": [
    1.78,
    1.77
  ],
  "SAND": [
    0.081145,
    0.081611
  ],
  "USDA": [
    0.984662,
    0.984662
  ],
  "TEL": [
    0.00226369,
    0.00228606
  ],
  "AUSD": [
    0.999933,
    0.99985
  ],
  "PENDLE": [
    1.29,
    1.29
  ],
  "TWT": [
    0.507169,
    0.505283
  ],
  "LUNC": [
    0.00003835,
    0.00003861
  ],
  "B": [
    0.208551,
    0.209132
  ],
  "BCAP": [
    22.89,
    22.89
  ],
  "STRK": [
    0.03690446,
    0.03683205
  ],
  "AB": [
    0.00202269,
    0.0020248
  ],
  "REAL": [
    0.061721,
    0.062337
  ],
  "XCN": [
    0.00522971,
    0.00524935
  ],
  "NEO": [
    2.74,
    2.76
  ],
  "FARTCOIN": [
    0.190655,
    0.192235
  ],
  "WIF": [
    0.191645,
    0.19143
  ],
  "AXS": [
    1.12,
    1.13
  ],
  "VSN": [
    0.053294,
    0.053094
  ],
  "COMP": [
    19.54,
    19.63
  ],
  "PC0000031": [
    1,
    1
  ],
  "BORG": [
    0.191274,
    0.190248
  ],
  "WFI": [
    2.28,
    2.28
  ],
  "NUSD": [
    0.99991,
    1
  ],
  "GRASS": [
    0.339206,
    0.341831
  ],
  "ZK": [
    0.01901598,
    0.01903239
  ],
  "REUSD": [
    1.069,
    1.069
  ],
  "WAL": [
    0.080792,
    0.081475
  ],
  "MANA": [
    0.088336,
    0.089054
  ],
  "H": [
    0.092799,
    0.092896
  ],
  "FF": [
    0.07108,
    0.071831
  ],
  "THETA": [
    0.16456,
    0.166598
  ],
  "MX": [
    1.79,
    1.8
  ],
  "S": [
    0.04353147,
    0.04356725
  ],
  "RAY": [
    0.609054,
    0.612615
  ],
  "BAT": [
    0.110195,
    0.109159
  ],
  "CVX": [
    1.76,
    1.77
  ],
  "KOGE": [
    47.99,
    47.98
  ],
  "FDIT": [
    1,
    1
  ],
  "SATUSD": [
    0.997787,
    0.995032
  ]
}