{
  "FTN": [
    1.089,
    1.089
  ],
  "FET": [
    0.206835,
    0.206684
  ],
  "CAKE": [
    1.41,
    1.41
  ],
  "VIRTUAL": [
    0.699224,
    0.698575
  ],
  "A7A5": [
    0.01169623,
    0.01169623
  ],
  "DCR": [
    26.47,
    26.45
  ],
  "STX": [
    0.243896,
    0.243909
  ],
  "PENGU": [
    0.00700062,
    0.00699674
  ],
  "EURC": [
    1.15,
    1.15
  ],
  "SEI": [
    0.063269,
    0.063249
  ],
  "ETHFI": [
    0.533274,
    0.532952
  ],
  "JAAA": [
    1.027,
    1.027
  ],
  "XTZ": [
    0.38378,
    0.383496
  ],
  "DASH": [
    31.42,
    31.39
  ],
  "FDUSD": [
    1,
    0.999977
  ],
  "CHZ": [
    0.03540919,
    0.03540886
  ],
  "USX": [
    0.999717,
    0.999628
  ],
  "KAU": [
    148.38,
    148.38
  ],
  "KITE": [
    0.193836,
    0.193925
  ],
  "CRV": [
    0.233298,
    0.233204
  ],
  "GNO": [
    131.12,
    131.06
  ],
  "PRIME": [
    1.027,
    1.027
  ],
  "SUN": [
    0.01732178,
    0.01732389
  ],
  "NFT": [
    3.31969e-7,
    3.31901e-7
  ],
  "BTT": [
    3.32994e-7,
    3.32793e-7
  ],
  "USDAI": [
    0.999678,
    0.999629
  ],
  "CFX": [
    0.061668,
    0.061625
  ],
  "ADI": [
    3.25,
    3.26
  ],
  "TIA": [
    0.335613,
    0.335627
  ],
  "KAIA": [
    0.051074,
    0.05104
  ],
  "INJ": [
    2.96,
    2.96
  ],
  "AERO": [
    0.319743,
    0.31942
  ],
  "DEXE": [
    6.22,
    6.22
  ],
  "BSV": [
    14.4,
    14.37
  ],
  "FLOKI": [
    0.00002913,
    0.00002912
  ],
  "SYRUP": [
    0.241308,
    0.241279
  ],
  "JASMY": [
    0.00564775,
    0.00564714
  ],
  "SPX": [
    0.299375,
    0.299048
  ],
  "LIT": [
    1.12,
    1.12
  ],
  "GRT": [
    0.0257965,
    0.02579026
  ],
  "FRAX": [
    0.992394,
    0.992398
  ],
  "IP": [
    0.774737,
    0.77392
  ],
  "APEPE": [
    0.00000128,
    0.00000128
  ],
  "IOTA": [
    0.061632,
    0.061626
  ],
  "2Z": [
    0.077033,
    0.077
  ],
  "FO": [
    0.263884,
    0.263868
  ],
  "BTSE": [
    1.61,
    1.61
  ],
  "CRVUSD": [
    1.002,
    1.002
  ],
  "OHM": [
    16.45,
    16.42
  ],
  "PYTH": [
    0.04472544,
    0.04470254
  ],
  "OP": [
    0.120215,
    0.120212
  ],
  "LDO": [
    0.294994,
    0.294898
  ],
  "B": [
    0.238364,
    0.238366
  ],
  "VVV": [
    5.32,
    5.31
  ],
  "ENS": [
    6.2,
    6.19
  ],
  "HNT": [
    1.29,
    1.28
  ],
  "MON": [
    0.02190249,
    0.0218886
  ],
  "TEL": [
    0.00246535,
    0.00246457
  ],
  "UDS": [
    1.81,
    1.81
  ],
  "XPL": [
    0.099745,
    0.099675
  ],
  "LUNC": [
    0.00003979,
    0.00003979
  ],
  "USDA": [
    0.984014,
    0.984014
  ],
  "SAND": [
    0.081259,
    0.081205
  ],
  "AUSD": [
    0.999901,
    0.99991
  ],
  "TWT": [
    0.513864,
    0.513645
  ],
  "BCAP": [
    22.99,
    22.99
  ],
  "AB": [
    0.0020995,
    0.00209782
  ],
  "STRK": [
    0.03643306,
    0.03642028
  ],
  "NUSD": [
    1.001,
    1.001
  ],
  "PENDLE": [
    1.23,
    1.23
  ],
  "9BIT": [
    0.02469968,
    0.0246966
  ],
  "GRASS": [
    0.371514,
    0.371787
  ],
  "ZBCN": [
    0.00205476,
    0.00205407
  ],
  "XCN": [
    0.0053513,
    0.00534791
  ],
  "BORG": [
    0.202682,
    0.20262
  ],
  "AXS": [
    1.16,
    1.16
  ],
  "USTBL": [
    1.077,
    1.077
  ],
  "REUSD": [
    1.067,
    1.067
  ],
  "VSN": [
    0.053005,
    0.053005
  ],
  "NEO": [
    2.7,
    2.7
  ],
  "FARTCOIN": [
    0.190131,
    0.189909
  ],
  "PC0000031": [
    1,
    1
  ],
  "REAL": [
    0.057728,
    0.057728
  ],
  "WFI": [
    2.22,
    2.22
  ],
  "H": [
    0.098167,
    0.097951
  ],
  "COMP": [
    18.43,
    18.42
  ],
  "FDIT": [
    1,
    1
  ],
  "WAL": [
    0.07864,
    0.078514
  ],
  "IUSD": [
    1.001,
    1.001
  ],
  "ZK": [
    0.01890953,
    0.01890545
  ],
  "WIF": [
    0.173148,
    0.17305
  ],
  "THETA": [
    0.172643,
    0.172581
  ],
  "MANA": [
    0.089152,
    0.089136
  ],
  "FLUID": [
    2.19,
    2.18
  ],
  "S": [
    0.04356003,
    0.04355043
  ],
  "FF": [
    0.070414,
    0.070406
  ],
  "MX": [
    1.79,
    1.79
  ],
  "RAY": [
    0.60753,
    0.607115
  ],
  "CVX": [
    1.77,
    1.77
  ],
  "KOGE": [
    48,
    48
  ]
}