{
  "FET": [
    0.211824,
    0.212679
  ],
  "FTN": [
    1.088,
    1.089
  ],
  "A7A5": [
    0.01200658,
    0.01200611
  ],
  "CAKE": [
    1.36,
    1.36
  ],
  "ETHFI": [
    0.557467,
    0.558825
  ],
  "VIRTUAL": [
    0.663854,
    0.663238
  ],
  "STX": [
    0.234681,
    0.235334
  ],
  "PENGU": [
    0.00679622,
    0.00681227
  ],
  "EURC": [
    1.15,
    1.15
  ],
  "JAAA": [
    1.027,
    1.027
  ],
  "XTZ": [
    0.382404,
    0.382213
  ],
  "DCR": [
    23.79,
    23.49
  ],
  "DASH": [
    32.24,
    32.13
  ],
  "SEI": [
    0.05999,
    0.059949
  ],
  "KITE": [
    0.216079,
    0.219786
  ],
  "FDUSD": [
    0.999339,
    0.999316
  ],
  "CHZ": [
    0.03498813,
    0.03498196
  ],
  "SUN": [
    0.01856258,
    0.01878869
  ],
  "USX": [
    0.999732,
    0.999753
  ],
  "PRIME": [
    1.028,
    1.028
  ],
  "GNO": [
    125.97,
    126.11
  ],
  "KAU": [
    155.82,
    139.41
  ],
  "USDAI": [
    1,
    1
  ],
  "NFT": [
    3.33915e-7,
    3.33849e-7
  ],
  "BTT": [
    3.33024e-7,
    3.33335e-7
  ],
  "CRV": [
    0.219174,
    0.218279
  ],
  "DEXE": [
    6.9,
    6.86
  ],
  "CFX": [
    0.06147,
    0.061637
  ],
  "ADI": [
    3.25,
    3.29
  ],
  "KAIA": [
    0.050767,
    0.051186
  ],
  "INJ": [
    2.98,
    2.97
  ],
  "AERO": [
    0.308778,
    0.308568
  ],
  "TIA": [
    0.316036,
    0.316578
  ],
  "BSV": [
    14.15,
    14.16
  ],
  "VVV": [
    6.04,
    6.21
  ],
  "FLOKI": [
    0.00002859,
    0.00002865
  ],
  "SPX": [
    0.295017,
    0.294808
  ],
  "FRAX": [
    0.991759,
    0.991638
  ],
  "SYRUP": [
    0.230562,
    0.230964
  ],
  "GRT": [
    0.02475935,
    0.0248157
  ],
  "JASMY": [
    0.00538552,
    0.0053785
  ],
  "APEPE": [
    0.00000126,
    0.00000126
  ],
  "FO": [
    0.264573,
    0.264548
  ],
  "CRVUSD": [
    0.999718,
    0.999618
  ],
  "IOTA": [
    0.058443,
    0.058527
  ],
  "2Z": [
    0.073125,
    0.073348
  ],
  "LIT": [
    1.015,
    1.013
  ],
  "OHM": [
    15.84,
    15.77
  ],
  "OP": [
    0.11604,
    0.116153
  ],
  "IP": [
    0.700081,
    0.699083
  ],
  "LDO": [
    0.286072,
    0.286527
  ],
  "BTSE": [
    1.45,
    1.45
  ],
  "ZBCN": [
    0.00238116,
    0.00240309
  ],
  "MON": [
    0.02134855,
    0.02136097
  ],
  "ENS": [
    5.96,
    5.96
  ],
  "PYTH": [
    0.03975394,
    0.03890471
  ],
  "TEL": [
    0.0023371,
    0.00232737
  ],
  "B": [
    0.21778,
    0.218024
  ],
  "USDA": [
    0.984014,
    0.984014
  ],
  "AUSD": [
    0.999874,
    1
  ],
  "HNT": [
    1.18,
    1.16
  ],
  "BCAP": [
    22.99,
    22.99
  ],
  "TWT": [
    0.496752,
    0.500956
  ],
  "SAND": [
    0.077968,
    0.077945
  ],
  "XPL": [
    0.092351,
    0.092247
  ],
  "LUNC": [
    0.00003779,
    0.00003792
  ],
  "STRK": [
    0.03614568,
    0.03618135
  ],
  "AB": [
    0.00202736,
    0.00202949
  ],
  "NUSD": [
    0.998518,
    0.998883
  ],
  "9BIT": [
    0.02414965,
    0.02419303
  ],
  "PENDLE": [
    1.19,
    1.19
  ],
  "USTBL": [
    1.078,
    1.078
  ],
  "BORG": [
    0.196483,
    0.196852
  ],
  "VSN": [
    0.051937,
    0.052887
  ],
  "AXS": [
    1.11,
    1.12
  ],
  "XCN": [
    0.00507611,
    0.00506212
  ],
  "PC0000031": [
    1,
    1
  ],
  "REUSD": [
    1.066,
    1.066
  ],
  "FARTCOIN": [
    0.189406,
    0.187701
  ],
  "UDS": [
    1.51,
    1.51
  ],
  "REAL": [
    0.05824,
    0.05828
  ],
  "NEO": [
    2.6,
    2.6
  ],
  "COMP": [
    18.72,
    18.78
  ],
  "H": [
    0.098039,
    0.096479
  ],
  "FDIT": [
    1,
    1
  ],
  "WAL": [
    0.077939,
    0.078075
  ],
  "WIF": [
    0.174292,
    0.175189
  ],
  "GRASS": [
    0.335929,
    0.318928
  ],
  "WFI": [
    2.12,
    2.12
  ],
  "FF": [
    0.071948,
    0.072264
  ],
  "ZK": [
    0.0179035,
    0.0178532
  ],
  "MX": [
    1.79,
    1.79
  ],
  "MANA": [
    0.084335,
    0.084145
  ],
  "KOGE": [
    48,
    48
  ],
  "CVX": [
    1.75,
    1.76
  ],
  "S": [
    0.04249181,
    0.0425616
  ],
  "THETA": [
    0.161696,
    0.160699
  ],
  "FT": [
    0.098757,
    0.097867
  ],
  "RAY": [
    0.589258,
    0.5906
  ],
  "SATUSD": [
    0.996175,
    0.995935
  ]
}