{
  "TUSD": [
    0.999543,
    0.99927
  ],
  "FTN": [
    1.088,
    1.088
  ],
  "CAKE": [
    1.41,
    1.41
  ],
  "RIVER": [
    24.29,
    23.46
  ],
  "STX": [
    0.245013,
    0.243943
  ],
  "VIRTUAL": [
    0.691656,
    0.680946
  ],
  "PENGU": [
    0.00705544,
    0.00697306
  ],
  "DASH": [
    34.07,
    34.4
  ],
  "EURC": [
    1.16,
    1.16
  ],
  "JAAA": [
    1.027,
    1.027
  ],
  "XTZ": [
    0.390778,
    0.389698
  ],
  "KITE": [
    0.229777,
    0.232528
  ],
  "ETHFI": [
    0.534574,
    0.531218
  ],
  "SEI": [
    0.060532,
    0.060024
  ],
  "DCR": [
    23.01,
    22.75
  ],
  "FDUSD": [
    1.001,
    0.999996
  ],
  "CHZ": [
    0.03583841,
    0.03564682
  ],
  "USX": [
    0.999601,
    0.999591
  ],
  "SUN": [
    0.01832307,
    0.0187246
  ],
  "DEXE": [
    7.53,
    7.64
  ],
  "PRIME": [
    1.027,
    1.028
  ],
  "GNO": [
    128.43,
    128.89
  ],
  "KAU": [
    141.92,
    141.63
  ],
  "NFT": [
    3.33389e-7,
    3.33409e-7
  ],
  "BTT": [
    3.33808e-7,
    3.33691e-7
  ],
  "CRV": [
    0.220076,
    0.218825
  ],
  "AERO": [
    0.349449,
    0.352169
  ],
  "ADI": [
    3.34,
    3.33
  ],
  "USDAI": [
    0.999804,
    0.999834
  ],
  "CFX": [
    0.060234,
    0.059978
  ],
  "INJ": [
    3.1,
    3.08
  ],
  "KAIA": [
    0.050859,
    0.050739
  ],
  "TIA": [
    0.329436,
    0.326993
  ],
  "BSV": [
    14.36,
    14.38
  ],
  "FLOKI": [
    0.0000298,
    0.00002946
  ],
  "JASMY": [
    0.00564857,
    0.00565766
  ],
  "SPX": [
    0.300512,
    0.29712
  ],
  "FRAX": [
    0.991598,
    0.991419
  ],
  "GRT": [
    0.02542518,
    0.02519135
  ],
  "SYRUP": [
    0.234734,
    0.23307
  ],
  "2Z": [
    0.075968,
    0.076967
  ],
  "VVV": [
    6.03,
    5.91
  ],
  "APEPE": [
    0.00000126,
    0.00000126
  ],
  "FO": [
    0.263454,
    0.263966
  ],
  "CRVUSD": [
    0.99916,
    1
  ],
  "IOTA": [
    0.059269,
    0.058717
  ],
  "LDO": [
    0.294519,
    0.292904
  ],
  "OHM": [
    15.86,
    15.79
  ],
  "HNT": [
    1.35,
    1.34
  ],
  "ZBCN": [
    0.0024741,
    0.00249287
  ],
  "OP": [
    0.114756,
    0.113493
  ],
  "LIT": [
    0.964372,
    0.958272
  ],
  "BTSE": [
    1.46,
    1.46
  ],
  "ENS": [
    6.19,
    6.14
  ],
  "MON": [
    0.02150902,
    0.02152977
  ],
  "IP": [
    0.666449,
    0.659405
  ],
  "PYTH": [
    0.04024317,
    0.04009256
  ],
  "UDS": [
    1.8,
    1.8
  ],
  "TEL": [
    0.00232501,
    0.00231792
  ],
  "USDA": [
    0.983886,
    0.983712
  ],
  "AUSD": [
    0.999915,
    0.999871
  ],
  "SAND": [
    0.081209,
    0.080792
  ],
  "XPL": [
    0.096119,
    0.095729
  ],
  "LUNC": [
    0.00003924,
    0.00003902
  ],
  "B": [
    0.210862,
    0.211007
  ],
  "BCAP": [
    22.99,
    22.99
  ],
  "TWT": [
    0.505818,
    0.502564
  ],
  "STRK": [
    0.0365188,
    0.03638483
  ],
  "PENDLE": [
    1.23,
    1.24
  ],
  "AB": [
    0.00201904,
    0.00201873
  ],
  "9BIT": [
    0.02412148,
    0.02411962
  ],
  "XCN": [
    0.00519127,
    0.00522735
  ],
  "BORG": [
    0.199011,
    0.199504
  ],
  "USTBL": [
    1.078,
    1.078
  ],
  "REAL": [
    0.061302,
    0.061061
  ],
  "NEO": [
    2.73,
    2.7
  ],
  "VSN": [
    0.052762,
    0.052787
  ],
  "PC0000031": [
    1,
    1
  ],
  "NUSD": [
    0.999847,
    1
  ],
  "AXS": [
    1.12,
    1.11
  ],
  "WIF": [
    0.188509,
    0.185503
  ],
  "COMP": [
    19.25,
    19.16
  ],
  "WFI": [
    2.24,
    2.24
  ],
  "REUSD": [
    1.067,
    1.067
  ],
  "GRASS": [
    0.337213,
    0.335657
  ],
  "H": [
    0.100594,
    0.09863
  ],
  "WAL": [
    0.080578,
    0.080113
  ],
  "FARTCOIN": [
    0.180001,
    0.177329
  ],
  "FDIT": [
    1,
    1
  ],
  "FF": [
    0.072065,
    0.072157
  ],
  "MANA": [
    0.08755,
    0.087006
  ],
  "CVX": [
    1.84,
    1.83
  ],
  "ZK": [
    0.01824339,
    0.01809113
  ],
  "S": [
    0.04423099,
    0.0439656
  ],
  "MX": [
    1.79,
    1.79
  ],
  "THETA": [
    0.164579,
    0.163406
  ],
  "RAY": [
    0.610636,
    0.60776
  ],
  "KOGE": [
    47.99,
    47.98
  ],
  "SATUSD": [
    0.994264,
    0.994784
  ],
  "FT": [
    0.096975,
    0.096737
  ]
}