{
  "VIRTUAL": [
    0.705349,
    0.728233
  ],
  "FTN": [
    1.088,
    1.089
  ],
  "CAKE": [
    1.41,
    1.43
  ],
  "RIVER": [
    23.48
  ],
  "PENGU": [
    0.00709307,
    0.00731398
  ],
  "STX": [
    0.245766,
    0.24993
  ],
  "DCR": [
    26.22,
    26.46
  ],
  "A7A5": [
    0.01156796,
    0.01158698
  ],
  "XTZ": [
    0.388348,
    0.401675
  ],
  "SEI": [
    0.063953,
    0.06438
  ],
  "EURC": [
    1.16,
    1.16
  ],
  "ETHFI": [
    0.535055,
    0.538728
  ],
  "JAAA": [
    1.027,
    1.027
  ],
  "DASH": [
    31.35,
    31.77
  ],
  "KITE": [
    0.208103,
    0.21652
  ],
  "FDUSD": [
    0.999214,
    0.999337
  ],
  "CHZ": [
    0.03593606,
    0.03593877
  ],
  "USX": [
    0.999656,
    0.999974
  ],
  "KAU": [
    149.46,
    150.82
  ],
  "CRV": [
    0.235977,
    0.240579
  ],
  "GNO": [
    131.48,
    131.88
  ],
  "CFX": [
    0.064407,
    0.06554
  ],
  "PRIME": [
    1.028,
    1.029
  ],
  "SUN": [
    0.017783,
    0.01746328
  ],
  "BTT": [
    3.33533e-7,
    3.35515e-7
  ],
  "NFT": [
    3.32899e-7,
    3.32716e-7
  ],
  "ADI": [
    3.32,
    3.34
  ],
  "USDAI": [
    0.999652,
    0.999749
  ],
  "INJ": [
    3.06,
    3.22
  ],
  "TIA": [
    0.333986,
    0.340453
  ],
  "KAIA": [
    0.051467,
    0.051926
  ],
  "LIT": [
    1.19,
    1.21
  ],
  "AERO": [
    0.319142,
    0.326119
  ],
  "FLOKI": [
    0.00002971,
    0.00003044
  ],
  "BSV": [
    14.42,
    14.53
  ],
  "DEXE": [
    6.14,
    6.14
  ],
  "SPX": [
    0.30223,
    0.307917
  ],
  "GRT": [
    0.02563121,
    0.02627889
  ],
  "JASMY": [
    0.00564889,
    0.00566823
  ],
  "SYRUP": [
    0.242489,
    0.239806
  ],
  "FRAX": [
    0.992045,
    0.993104
  ],
  "IOTA": [
    0.062164,
    0.062528
  ],
  "IP": [
    0.779981,
    0.772271
  ],
  "APEPE": [
    0.00000128,
    0.00000129
  ],
  "2Z": [
    0.077637,
    0.077682
  ],
  "FO": [
    0.26313,
    0.263527
  ],
  "OP": [
    0.121437,
    0.123792
  ],
  "VVV": [
    5.72,
    5.84
  ],
  "OHM": [
    16.53,
    16.56
  ],
  "PYTH": [
    0.04488442,
    0.0449652
  ],
  "BTSE": [
    1.6,
    1.59
  ],
  "CRVUSD": [
    0.998313,
    0.997774
  ],
  "ZBCN": [
    0.00232646,
    0.00261186
  ],
  "LDO": [
    0.297064,
    0.301444
  ],
  "B": [
    0.242411,
    0.243832
  ],
  "ENS": [
    6.24,
    6.34
  ],
  "HNT": [
    1.28,
    1.3
  ],
  "MON": [
    0.02196288,
    0.02217488
  ],
  "TEL": [
    0.00248301,
    0.00249493
  ],
  "XPL": [
    0.09917,
    0.100846
  ],
  "SAND": [
    0.081258,
    0.082943
  ],
  "USDA": [
    0.984014,
    0.984014
  ],
  "LUNC": [
    0.0000397,
    0.00003976
  ],
  "AUSD": [
    0.999964,
    0.999842
  ],
  "UDS": [
    1.75,
    1.73
  ],
  "TWT": [
    0.511732,
    0.512707
  ],
  "GRASS": [
    0.387414,
    0.390485
  ],
  "AXS": [
    1.2,
    1.25
  ],
  "PENDLE": [
    1.24,
    1.27
  ],
  "BCAP": [
    22.99,
    22.99
  ],
  "AB": [
    0.00210615,
    0.00211128
  ],
  "STRK": [
    0.03639381,
    0.03650792
  ],
  "BORG": [
    0.207373,
    0.209714
  ],
  "NUSD": [
    0.999238,
    0.998069
  ],
  "USTBL": [
    1.078,
    1.078
  ],
  "FARTCOIN": [
    0.198343,
    0.199726
  ],
  "XCN": [
    0.00528654,
    0.00531312
  ],
  "REUSD": [
    1.067,
    1.068
  ],
  "9BIT": [
    0.02430258,
    0.02358661
  ],
  "NEO": [
    2.71,
    2.73
  ],
  "VSN": [
    0.053155,
    0.053212
  ],
  "PC0000031": [
    1,
    1
  ],
  "REAL": [
    0.058353,
    0.059306
  ],
  "COMP": [
    19.15,
    19.2
  ],
  "WFI": [
    2.23,
    2.23
  ],
  "WAL": [
    0.078573,
    0.080319
  ],
  "FLUID": [
    2.26,
    2.28
  ],
  "FDIT": [
    1,
    1
  ],
  "ZK": [
    0.01886545,
    0.01911736
  ],
  "WIF": [
    0.172627,
    0.175921
  ],
  "MANA": [
    0.08956,
    0.090819
  ],
  "IUSD": [
    0.999696,
    0.999042
  ],
  "THETA": [
    0.172553,
    0.173694
  ],
  "S": [
    0.04424303,
    0.04506492
  ],
  "H": [
    0.093668,
    0.092149
  ],
  "CVX": [
    1.77,
    1.82
  ],
  "FF": [
    0.070556,
    0.071191
  ],
  "RAY": [
    0.613399,
    0.613443
  ],
  "MX": [
    1.79,
    1.79
  ],
  "KOGE": [
    48,
    48
  ]
}