{
  "A7A5": [
    0.01207056,
    0.01217826
  ],
  "FTN": [
    1.088,
    1.088
  ],
  "CAKE": [
    1.4,
    1.41
  ],
  "VIRTUAL": [
    0.689258,
    0.688354
  ],
  "PENGU": [
    0.00689409,
    0.00690536
  ],
  "STX": [
    0.232958,
    0.233178
  ],
  "EURC": [
    1.15,
    1.15
  ],
  "ETHFI": [
    0.521372,
    0.526116
  ],
  "DASH": [
    32.69,
    32.65
  ],
  "XTZ": [
    0.372408,
    0.37103
  ],
  "JAAA": [
    1.028,
    1.028
  ],
  "FDUSD": [
    0.998963,
    0.999403
  ],
  "SEI": [
    0.058931,
    0.058414
  ],
  "DCR": [
    21.93,
    22.19
  ],
  "KITE": [
    0.21573,
    0.208368
  ],
  "PRIME": [
    1.026,
    1.027
  ],
  "CHZ": [
    0.03485206,
    0.03477898
  ],
  "USX": [
    0.999558,
    0.999501
  ],
  "DEXE": [
    7.47,
    7.4
  ],
  "RIVER": [
    19.45,
    17.38
  ],
  "KAU": [
    142.02,
    142.05
  ],
  "SUN": [
    0.01730139,
    0.01730892
  ],
  "CRV": [
    0.221333,
    0.22154
  ],
  "NFT": [
    3.31803e-7,
    3.32192e-7
  ],
  "GNO": [
    124.6,
    123.78
  ],
  "BTT": [
    3.25487e-7,
    3.26382e-7
  ],
  "ADI": [
    4.09,
    4
  ],
  "USDAI": [
    0.999683,
    0.999569
  ],
  "CFX": [
    0.058808,
    0.059472
  ],
  "AERO": [
    0.325217,
    0.328629
  ],
  "INJ": [
    2.96,
    2.95
  ],
  "KAIA": [
    0.04882558,
    0.04895928
  ],
  "TIA": [
    0.317266,
    0.317232
  ],
  "VVV": [
    6.26,
    6.19
  ],
  "FLOKI": [
    0.00002888,
    0.00002875
  ],
  "BSV": [
    13.88,
    13.82
  ],
  "FRAX": [
    0.991201,
    0.991849
  ],
  "SPX": [
    0.286359,
    0.28728
  ],
  "APEPE": [
    0.00000128,
    0.00000126
  ],
  "JASMY": [
    0.00530783,
    0.00532629
  ],
  "FO": [
    0.26406,
    0.263989
  ],
  "CRVUSD": [
    1,
    1.004
  ],
  "GRT": [
    0.02437473,
    0.02424952
  ],
  "KAG": [
    68.09,
    68.49
  ],
  "MON": [
    0.02453435,
    0.0237721
  ],
  "SYRUP": [
    0.219734,
    0.222021
  ],
  "2Z": [
    0.072601,
    0.073407
  ],
  "IOTA": [
    0.057396,
    0.057449
  ],
  "LDO": [
    0.286665,
    0.286647
  ],
  "OHM": [
    15.45,
    15.56
  ],
  "LIT": [
    0.952367,
    0.941865
  ],
  "BTSE": [
    1.44,
    1.44
  ],
  "USTBL": [
    1.078,
    1.078
  ],
  "ZBCN": [
    0.00227848,
    0.00235022
  ],
  "OP": [
    0.108225,
    0.108557
  ],
  "ENS": [
    5.85,
    5.87
  ],
  "UDS": [
    1.7,
    1.81
  ],
  "9BIT": [
    0.02728965,
    0.02742738
  ],
  "PYTH": [
    0.03878864,
    0.03866361
  ],
  "HNT": [
    1.19,
    1.2
  ],
  "XPL": [
    0.093788,
    0.0931
  ],
  "USDA": [
    0.984662,
    0.984662
  ],
  "AUSD": [
    0.999795,
    0.999796
  ],
  "IP": [
    0.617392,
    0.6122
  ],
  "B": [
    0.207404,
    0.210502
  ],
  "TEL": [
    0.00220657,
    0.00220104
  ],
  "BCAP": [
    22.89,
    22.89
  ],
  "SAND": [
    0.07761,
    0.077284
  ],
  "LUNC": [
    0.00003729,
    0.00003775
  ],
  "TWT": [
    0.484054,
    0.487628
  ],
  "PENDLE": [
    1.21,
    1.21
  ],
  "STRK": [
    0.03548953,
    0.03551622
  ],
  "AB": [
    0.00200221,
    0.00200218
  ],
  "XCN": [
    0.00513497,
    0.00513992
  ],
  "REAL": [
    0.05997,
    0.05989
  ],
  "PC0000031": [
    1,
    1
  ],
  "NEO": [
    2.66,
    2.67
  ],
  "WIF": [
    0.186528,
    0.187444
  ],
  "NUSD": [
    1.001,
    1.001
  ],
  "BORG": [
    0.188111,
    0.189155
  ],
  "VSN": [
    0.051869,
    0.051423
  ],
  "REUSD": [
    1.068,
    1.069
  ],
  "COMP": [
    18.69,
    18.83
  ],
  "AXS": [
    1.068,
    1.069
  ],
  "FARTCOIN": [
    0.179523,
    0.178889
  ],
  "WFI": [
    2.2,
    2.18
  ],
  "ZK": [
    0.01813667,
    0.01816412
  ],
  "WAL": [
    0.077833,
    0.076862
  ],
  "GRASS": [
    0.331818,
    0.3172
  ],
  "FF": [
    0.071726,
    0.070873
  ],
  "MX": [
    1.79,
    1.79
  ],
  "MANA": [
    0.085126,
    0.084961
  ],
  "KOGE": [
    47.97,
    47.98
  ],
  "H": [
    0.090614,
    0.0877
  ],
  "SATUSD": [
    0.99502,
    0.997114
  ],
  "FDIT": [
    1,
    1
  ],
  "RAY": [
    0.588278,
    0.588585
  ],
  "S": [
    0.04153359,
    0.04171106
  ],
  "THETA": [
    0.158492,
    0.157681
  ],
  "FT": [
    0.097689,
    0.097973
  ]
}