{
  "A7A5": [
    0.01190109,
    0.01209733
  ],
  "FTN": [
    1.089,
    1.088
  ],
  "FET": [
    0.2092,
    0.207284
  ],
  "CAKE": [
    1.37,
    1.36
  ],
  "VIRTUAL": [
    0.673868,
    0.66527
  ],
  "STX": [
    0.234199,
    0.23189
  ],
  "EURC": [
    1.15,
    1.15
  ],
  "PENGU": [
    0.00688282,
    0.00672447
  ],
  "JAAA": [
    1.027,
    1.027
  ],
  "DASH": [
    34.27,
    33.1
  ],
  "ETHFI": [
    0.536646,
    0.527514
  ],
  "XTZ": [
    0.383254,
    0.37983
  ],
  "KITE": [
    0.229894,
    0.226465
  ],
  "DCR": [
    23.25,
    23.06
  ],
  "SEI": [
    0.060299,
    0.059222
  ],
  "FDUSD": [
    0.999459,
    0.999025
  ],
  "USX": [
    0.99966,
    0.99976
  ],
  "CHZ": [
    0.03508904,
    0.03451551
  ],
  "SUN": [
    0.01881707,
    0.01850986
  ],
  "PRIME": [
    1.027,
    1.017
  ],
  "DEXE": [
    7.42,
    7.41
  ],
  "NFT": [
    3.33224e-7,
    3.33023e-7
  ],
  "USDAI": [
    0.999767,
    0.999852
  ],
  "BTT": [
    3.29656e-7,
    3.28952e-7
  ],
  "GNO": [
    124.78,
    121.5
  ],
  "CRV": [
    0.217852,
    0.215412
  ],
  "KAU": [
    140.88,
    133.81
  ],
  "ADI": [
    3.28,
    3.28
  ],
  "CFX": [
    0.060822,
    0.060236
  ],
  "INJ": [
    2.97,
    2.93
  ],
  "KAIA": [
    0.04968817,
    0.04933596
  ],
  "AERO": [
    0.308658,
    0.305376
  ],
  "TIA": [
    0.317614,
    0.313143
  ],
  "BSV": [
    14.13,
    13.98
  ],
  "VVV": [
    6.23,
    6.21
  ],
  "FLOKI": [
    0.00002872,
    0.00002836
  ],
  "FRAX": [
    0.989651,
    0.99148
  ],
  "SPX": [
    0.29825,
    0.291456
  ],
  "JASMY": [
    0.00543093,
    0.00537565
  ],
  "APEPE": [
    0.00000125,
    0.00000126
  ],
  "SYRUP": [
    0.230598,
    0.227369
  ],
  "FO": [
    0.263694,
    0.263444
  ],
  "CRVUSD": [
    0.997569,
    0.998412
  ],
  "GRT": [
    0.02439872,
    0.02417026
  ],
  "2Z": [
    0.073191,
    0.072755
  ],
  "IOTA": [
    0.057737,
    0.057061
  ],
  "OHM": [
    15.76,
    15.81
  ],
  "OP": [
    0.116132,
    0.113738
  ],
  "LDO": [
    0.284679,
    0.281081
  ],
  "BTSE": [
    1.45,
    1.45
  ],
  "LIT": [
    0.929889,
    0.920213
  ],
  "MON": [
    0.02084647,
    0.02115607
  ],
  "IP": [
    0.657488,
    0.648177
  ],
  "PYTH": [
    0.03978354,
    0.03928615
  ],
  "ENS": [
    5.93,
    5.85
  ],
  "HNT": [
    1.2,
    1.21
  ],
  "ZBCN": [
    0.00226928,
    0.00224545
  ],
  "USDA": [
    0.984014,
    0.984014
  ],
  "AUSD": [
    0.999879,
    1
  ],
  "B": [
    0.217594,
    0.214109
  ],
  "BCAP": [
    22.99,
    22.99
  ],
  "SAND": [
    0.078058,
    0.077129
  ],
  "TEL": [
    0.00219073,
    0.00215807
  ],
  "XPL": [
    0.093725,
    0.091429
  ],
  "STRK": [
    0.03601855,
    0.03542769
  ],
  "LUNC": [
    0.00003705,
    0.00003666
  ],
  "AB": [
    0.00202384,
    0.00202125
  ],
  "TWT": [
    0.487785,
    0.47969
  ],
  "NUSD": [
    0.998858,
    0.999533
  ],
  "9BIT": [
    0.0241955,
    0.02414681
  ],
  "USTBL": [
    1.078,
    1.078
  ],
  "GRASS": [
    0.368215,
    0.352742
  ],
  "PENDLE": [
    1.18,
    1.15
  ],
  "PC0000031": [
    1,
    1
  ],
  "BORG": [
    0.193558,
    0.190889
  ],
  "REAL": [
    0.058895,
    0.058837
  ],
  "VSN": [
    0.051471,
    0.051746
  ],
  "UDS": [
    1.5,
    1.49
  ],
  "REUSD": [
    1.067,
    1.066
  ],
  "FARTCOIN": [
    0.189319,
    0.183584
  ],
  "XCN": [
    0.00499229,
    0.00489312
  ],
  "NEO": [
    2.61,
    2.6
  ],
  "AXS": [
    1.089,
    1.075
  ],
  "COMP": [
    18.62,
    18.51
  ],
  "FDIT": [
    1,
    1
  ],
  "H": [
    0.095612,
    0.095319
  ],
  "WIF": [
    0.177036,
    0.174147
  ],
  "WFI": [
    2.1,
    2.12
  ],
  "WAL": [
    0.078029,
    0.076649
  ],
  "FF": [
    0.070775,
    0.070331
  ],
  "MX": [
    1.79,
    1.79
  ],
  "KOGE": [
    47.98,
    47.98
  ],
  "MANA": [
    0.084604,
    0.083686
  ],
  "CVX": [
    1.75,
    1.75
  ],
  "ZK": [
    0.01769029,
    0.01731931
  ],
  "S": [
    0.04225091,
    0.04201004
  ],
  "SATUSD": [
    0.992426,
    0.994736
  ],
  "FT": [
    0.097626,
    0.097522
  ],
  "RAY": [
    0.589681,
    0.58313
  ],
  "THETA": [
    0.158776,
    0.156498
  ]
}