{
  "FTN": [
    1.089,
    1.088
  ],
  "CAKE": [
    1.42,
    1.42
  ],
  "A7A5": [
    0.01169821,
    0.01186167
  ],
  "VIRTUAL": [
    0.707983,
    0.706938
  ],
  "PENGU": [
    0.00722354,
    0.00722021
  ],
  "DCR": [
    26.2,
    26.13
  ],
  "STX": [
    0.245463,
    0.246176
  ],
  "ETHFI": [
    0.547448,
    0.565063
  ],
  "RIVER": [
    23.39,
    22.49
  ],
  "XTZ": [
    0.397156,
    0.398085
  ],
  "EURC": [
    1.16,
    1.16
  ],
  "SEI": [
    0.063404,
    0.063402
  ],
  "JAAA": [
    1.027,
    1.027
  ],
  "DASH": [
    31.69,
    31.85
  ],
  "FDUSD": [
    1,
    0.998977
  ],
  "KITE": [
    0.212406,
    0.21234
  ],
  "CHZ": [
    0.03580659,
    0.03583071
  ],
  "USX": [
    0.999662,
    0.999609
  ],
  "KAU": [
    146.84,
    147.5
  ],
  "CRV": [
    0.234035,
    0.234645
  ],
  "PRIME": [
    1.027,
    1.012
  ],
  "GNO": [
    130.24,
    130.58
  ],
  "SUN": [
    0.01762019,
    0.0176293
  ],
  "BTT": [
    3.34129e-7,
    3.35344e-7
  ],
  "CFX": [
    0.063527,
    0.063492
  ],
  "NFT": [
    3.31156e-7,
    3.32724e-7
  ],
  "USDAI": [
    0.999884,
    0.999775
  ],
  "ADI": [
    3.29,
    3.26
  ],
  "INJ": [
    3.09,
    3.09
  ],
  "KAIA": [
    0.051369,
    0.0513
  ],
  "TIA": [
    0.332695,
    0.33282
  ],
  "AERO": [
    0.322266,
    0.321632
  ],
  "BSV": [
    14.37,
    14.65
  ],
  "LIT": [
    1.15,
    1.17
  ],
  "DEXE": [
    6.14,
    6.21
  ],
  "FLOKI": [
    0.00002967,
    0.00002989
  ],
  "SPX": [
    0.304296,
    0.305452
  ],
  "GRT": [
    0.02590614,
    0.02592793
  ],
  "SYRUP": [
    0.238401,
    0.239508
  ],
  "JASMY": [
    0.00562247,
    0.00559486
  ],
  "FRAX": [
    0.992668,
    0.992198
  ],
  "IOTA": [
    0.062031,
    0.062199
  ],
  "APEPE": [
    0.00000129,
    0.00000129
  ],
  "2Z": [
    0.077013,
    0.076487
  ],
  "IP": [
    0.755803,
    0.754227
  ],
  "FO": [
    0.263236,
    0.263822
  ],
  "OP": [
    0.123661,
    0.123112
  ],
  "CRVUSD": [
    1.004,
    1.003
  ],
  "VVV": [
    5.59,
    5.73
  ],
  "OHM": [
    16.49,
    16.33
  ],
  "BTSE": [
    1.6,
    1.57
  ],
  "LDO": [
    0.296475,
    0.297371
  ],
  "PYTH": [
    0.04333681,
    0.04380439
  ],
  "MON": [
    0.02211863,
    0.02204667
  ],
  "ENS": [
    6.17,
    6.19
  ],
  "ZBCN": [
    0.00233342,
    0.00242055
  ],
  "TEL": [
    0.00247734,
    0.00247668
  ],
  "HNT": [
    1.25,
    1.25
  ],
  "B": [
    0.21944,
    0.219982
  ],
  "SAND": [
    0.081979,
    0.082238
  ],
  "LUNC": [
    0.00003989,
    0.00004012
  ],
  "USDA": [
    0.984014,
    0.984014
  ],
  "AUSD": [
    0.999957,
    0.999838
  ],
  "XPL": [
    0.100479,
    0.095659
  ],
  "UDS": [
    1.72,
    1.73
  ],
  "PENDLE": [
    1.26,
    1.27
  ],
  "BCAP": [
    22.99,
    22.99
  ],
  "TWT": [
    0.502569,
    0.502492
  ],
  "AXS": [
    1.22,
    1.23
  ],
  "AB": [
    0.00209662,
    0.00208808
  ],
  "GRASS": [
    0.379234,
    0.378885
  ],
  "NUSD": [
    0.999255,
    1
  ],
  "STRK": [
    0.03569279,
    0.03567155
  ],
  "BORG": [
    0.205204,
    0.204577
  ],
  "USTBL": [
    1.078,
    1.078
  ],
  "FARTCOIN": [
    0.1978,
    0.199614
  ],
  "XCN": [
    0.00529776,
    0.00526445
  ],
  "REUSD": [
    1.068,
    1.067
  ],
  "NEO": [
    2.71,
    2.72
  ],
  "PC0000031": [
    1,
    1
  ],
  "VSN": [
    0.052566,
    0.05243
  ],
  "9BIT": [
    0.02292282,
    0.0228669
  ],
  "REAL": [
    0.058565,
    0.058629
  ],
  "COMP": [
    19.06,
    19.06
  ],
  "WFI": [
    2.23,
    2.23
  ],
  "WAL": [
    0.08072,
    0.080787
  ],
  "FLUID": [
    2.27,
    2.28
  ],
  "WIF": [
    0.177083,
    0.179354
  ],
  "FDIT": [
    1,
    1
  ],
  "IUSD": [
    1.001,
    0.999967
  ],
  "H": [
    0.092576,
    0.096016
  ],
  "MANA": [
    0.089528,
    0.089739
  ],
  "ZK": [
    0.01869937,
    0.01870238
  ],
  "THETA": [
    0.170606,
    0.171528
  ],
  "S": [
    0.04467125,
    0.04466554
  ],
  "FF": [
    0.071006,
    0.070968
  ],
  "CVX": [
    1.8,
    1.81
  ],
  "MX": [
    1.79,
    1.79
  ],
  "RAY": [
    0.60979,
    0.611834
  ],
  "KOGE": [
    47.99
  ]
}