{
  "TUSD": [
    0.999261,
    0.999188
  ],
  "ETHFI": [
    0.597045,
    0.601089
  ],
  "FTN": [
    1.088,
    1.089
  ],
  "A7A5": [
    0.01200087,
    0.01200008
  ],
  "VIRTUAL": [
    0.698593,
    0.698171
  ],
  "CAKE": [
    1.37,
    1.37
  ],
  "STX": [
    0.246822,
    0.246539
  ],
  "PENGU": [
    0.00713286,
    0.00712318
  ],
  "DCR": [
    25.51,
    25.32
  ],
  "XTZ": [
    0.396606,
    0.396797
  ],
  "EURC": [
    1.16,
    1.16
  ],
  "SEI": [
    0.063098,
    0.0629
  ],
  "JAAA": [
    1.027,
    1.027
  ],
  "DASH": [
    32.8,
    32.73
  ],
  "KITE": [
    0.217454,
    0.216191
  ],
  "FDUSD": [
    0.999383,
    0.99911
  ],
  "CHZ": [
    0.03602306,
    0.03604498
  ],
  "USX": [
    0.999832,
    0.999854
  ],
  "KAU": [
    149.28,
    149.23
  ],
  "PRIME": [
    1.028,
    1.028
  ],
  "CRV": [
    0.234799,
    0.234547
  ],
  "GNO": [
    129.85,
    129.77
  ],
  "SUN": [
    0.01785595,
    0.01778899
  ],
  "USDAI": [
    0.999897,
    0.999975
  ],
  "BTT": [
    3.36874e-7,
    3.36437e-7
  ],
  "NFT": [
    3.33796e-7,
    3.337e-7
  ],
  "CFX": [
    0.064128,
    0.063581
  ],
  "DEXE": [
    6.73,
    6.93
  ],
  "ADI": [
    3.23,
    3.23
  ],
  "INJ": [
    3.11,
    3.12
  ],
  "KAIA": [
    0.051389,
    0.051308
  ],
  "TIA": [
    0.334715,
    0.332671
  ],
  "AERO": [
    0.321527,
    0.320587
  ],
  "BSV": [
    14.58,
    14.57
  ],
  "FLOKI": [
    0.00002998,
    0.00003003
  ],
  "SPX": [
    0.305318,
    0.304586
  ],
  "GRT": [
    0.0260608,
    0.02605536
  ],
  "JASMY": [
    0.00567056,
    0.00565602
  ],
  "VVV": [
    6.16,
    6.16
  ],
  "SYRUP": [
    0.238247,
    0.238682
  ],
  "FRAX": [
    0.992039,
    0.990908
  ],
  "APEPE": [
    0.00000129,
    0.00000129
  ],
  "LIT": [
    1.087,
    1.078
  ],
  "IOTA": [
    0.061387,
    0.061322
  ],
  "IP": [
    0.747786,
    0.751934
  ],
  "FO": [
    0.264009,
    0.264031
  ],
  "2Z": [
    0.075505,
    0.075414
  ],
  "OP": [
    0.122817,
    0.122398
  ],
  "CRVUSD": [
    0.999162,
    0.999445
  ],
  "LDO": [
    0.298291,
    0.298045
  ],
  "ZBCN": [
    0.00258402,
    0.00254751
  ],
  "OHM": [
    15.82,
    15.9
  ],
  "PYTH": [
    0.04333406,
    0.04323705
  ],
  "BTSE": [
    1.47,
    1.47
  ],
  "ENS": [
    6.21,
    6.2
  ],
  "MON": [
    0.02194419,
    0.02184002
  ],
  "TEL": [
    0.00244873,
    0.00244383
  ],
  "HNT": [
    1.24,
    1.25
  ],
  "B": [
    0.220425,
    0.220021
  ],
  "LUNC": [
    0.00003997,
    0.00003982
  ],
  "USDA": [
    0.984014,
    0.984014
  ],
  "XPL": [
    0.097175,
    0.096569
  ],
  "SAND": [
    0.081412,
    0.081183
  ],
  "AUSD": [
    0.999903,
    0.999984
  ],
  "STRK": [
    0.03888082,
    0.03831324
  ],
  "TWT": [
    0.515848,
    0.50916
  ],
  "BCAP": [
    22.99,
    22.99
  ],
  "PENDLE": [
    1.25,
    1.25
  ],
  "GRASS": [
    0.377819,
    0.37571
  ],
  "AB": [
    0.00205222,
    0.00205069
  ],
  "AXS": [
    1.2,
    1.19
  ],
  "NUSD": [
    0.99931,
    0.999606
  ],
  "9BIT": [
    0.02415353,
    0.02415109
  ],
  "FARTCOIN": [
    0.198177,
    0.197365
  ],
  "BORG": [
    0.200865,
    0.200759
  ],
  "XCN": [
    0.0052437,
    0.00526885
  ],
  "REUSD": [
    1.068,
    1.068
  ],
  "USTBL": [
    1.078,
    1.078
  ],
  "UDS": [
    1.54,
    1.53
  ],
  "PC0000031": [
    1,
    1
  ],
  "VSN": [
    0.052621,
    0.052576
  ],
  "NEO": [
    2.68,
    2.68
  ],
  "REAL": [
    0.059909,
    0.059752
  ],
  "COMP": [
    19.31,
    19.27
  ],
  "FLUID": [
    2.34,
    2.33
  ],
  "WIF": [
    0.181341,
    0.182099
  ],
  "WAL": [
    0.080124,
    0.079968
  ],
  "IUSD": [
    0.999183,
    0.999373
  ],
  "WFI": [
    2.16,
    2.16
  ],
  "FDIT": [
    1,
    1
  ],
  "H": [
    0.095346,
    0.094871
  ],
  "ZK": [
    0.01873799,
    0.01873091
  ],
  "MANA": [
    0.088051,
    0.087807
  ],
  "S": [
    0.04486062,
    0.04484467
  ],
  "CVX": [
    1.85,
    1.84
  ],
  "THETA": [
    0.169561,
    0.168642
  ],
  "RAY": [
    0.622078,
    0.621502
  ],
  "FF": [
    0.070825,
    0.070764
  ],
  "MX": [
    1.79,
    1.79
  ],
  "AKT": [
    0.627966
  ]
}