{
  "FET": [
    0.212679,
    0.213472
  ],
  "FTN": [
    1.089,
    1.09
  ],
  "A7A5": [
    0.01200611,
    0.01200692
  ],
  "CAKE": [
    1.36,
    1.37
  ],
  "ETHFI": [
    0.558825,
    0.558535
  ],
  "VIRTUAL": [
    0.663238,
    0.662351
  ],
  "STX": [
    0.235334,
    0.234519
  ],
  "PENGU": [
    0.00681227,
    0.00679196
  ],
  "EURC": [
    1.15,
    1.15
  ],
  "JAAA": [
    1.027,
    1.027
  ],
  "XTZ": [
    0.382213,
    0.381951
  ],
  "DCR": [
    23.49,
    23.47
  ],
  "DASH": [
    32.13,
    32.01
  ],
  "SEI": [
    0.059949,
    0.059903
  ],
  "KITE": [
    0.219786,
    0.219137
  ],
  "FDUSD": [
    0.999316,
    0.999486
  ],
  "SUN": [
    0.01878869,
    0.018884
  ],
  "CHZ": [
    0.03498196,
    0.03491035
  ],
  "USX": [
    0.999753,
    0.999776
  ],
  "PRIME": [
    1.028,
    1.029
  ],
  "KAU": [
    139.41,
    140.1
  ],
  "GNO": [
    126.11,
    126.3
  ],
  "USDAI": [
    1,
    1
  ],
  "NFT": [
    3.33849e-7,
    3.33877e-7
  ],
  "BTT": [
    3.33335e-7,
    3.32774e-7
  ],
  "CRV": [
    0.218279,
    0.217796
  ],
  "DEXE": [
    6.86,
    6.92
  ],
  "ADI": [
    3.29,
    3.29
  ],
  "CFX": [
    0.061637,
    0.061503
  ],
  "KAIA": [
    0.051186,
    0.051007
  ],
  "INJ": [
    2.97,
    2.96
  ],
  "AERO": [
    0.308568,
    0.307647
  ],
  "BSV": [
    14.16,
    14.15
  ],
  "TIA": [
    0.316578,
    0.315409
  ],
  "VVV": [
    6.21,
    6.17
  ],
  "FLOKI": [
    0.00002865,
    0.00002859
  ],
  "FRAX": [
    0.991638,
    0.991439
  ],
  "SPX": [
    0.294808,
    0.293176
  ],
  "GRT": [
    0.0248157,
    0.02478503
  ],
  "SYRUP": [
    0.230964,
    0.23027
  ],
  "JASMY": [
    0.0053785,
    0.0053903
  ],
  "FO": [
    0.264548,
    0.26454
  ],
  "APEPE": [
    0.00000126,
    0.00000125
  ],
  "CRVUSD": [
    0.999618,
    0.999599
  ],
  "2Z": [
    0.073348,
    0.073304
  ],
  "IOTA": [
    0.058527,
    0.058207
  ],
  "LIT": [
    1.013,
    1.003
  ],
  "OHM": [
    15.77,
    15.86
  ],
  "OP": [
    0.116153,
    0.115476
  ],
  "IP": [
    0.699083,
    0.693959
  ],
  "LDO": [
    0.286527,
    0.285515
  ],
  "BTSE": [
    1.45,
    1.45
  ],
  "MON": [
    0.02136097,
    0.02126416
  ],
  "ZBCN": [
    0.00240309,
    0.00234466
  ],
  "ENS": [
    5.96,
    5.95
  ],
  "PYTH": [
    0.03890471,
    0.03900143
  ],
  "TEL": [
    0.00232737,
    0.00232149
  ],
  "B": [
    0.218024,
    0.218269
  ],
  "USDA": [
    0.984014,
    0.984014
  ],
  "AUSD": [
    1,
    0.999826
  ],
  "HNT": [
    1.16,
    1.15
  ],
  "BCAP": [
    22.99,
    22.99
  ],
  "SAND": [
    0.077945,
    0.077829
  ],
  "TWT": [
    0.500956,
    0.498136
  ],
  "XPL": [
    0.092247,
    0.092366
  ],
  "LUNC": [
    0.00003792,
    0.00003765
  ],
  "STRK": [
    0.03618135,
    0.03613997
  ],
  "NUSD": [
    0.998883,
    0.999158
  ],
  "AB": [
    0.00202949,
    0.002026
  ],
  "9BIT": [
    0.02419303,
    0.02419232
  ],
  "PENDLE": [
    1.19,
    1.19
  ],
  "USTBL": [
    1.078,
    1.078
  ],
  "BORG": [
    0.196852,
    0.195313
  ],
  "PC0000031": [
    1,
    1
  ],
  "XCN": [
    0.00506212,
    0.00505325
  ],
  "REUSD": [
    1.066,
    1.067
  ],
  "AXS": [
    1.12,
    1.11
  ],
  "FARTCOIN": [
    0.187701,
    0.188214
  ],
  "VSN": [
    0.052887,
    0.052293
  ],
  "UDS": [
    1.51,
    1.51
  ],
  "GRASS": [
    0.318928,
    0.344533
  ],
  "REAL": [
    0.05828,
    0.058265
  ],
  "NEO": [
    2.6,
    2.6
  ],
  "COMP": [
    18.78,
    18.76
  ],
  "FDIT": [
    1,
    1
  ],
  "WAL": [
    0.078075,
    0.077779
  ],
  "WIF": [
    0.175189,
    0.174172
  ],
  "WFI": [
    2.12,
    2.12
  ],
  "H": [
    0.096479,
    0.094719
  ],
  "FF": [
    0.072264,
    0.07245
  ],
  "MX": [
    1.79,
    1.79
  ],
  "ZK": [
    0.0178532,
    0.01779579
  ],
  "MANA": [
    0.084145,
    0.083896
  ],
  "KOGE": [
    48,
    48
  ],
  "THETA": [
    0.160699,
    0.161432
  ],
  "CVX": [
    1.76,
    1.75
  ],
  "S": [
    0.0425616,
    0.04242757
  ],
  "FT": [
    0.097867,
    0.098246
  ],
  "SATUSD": [
    0.995935,
    0.997058
  ],
  "RAY": [
    0.5906,
    0.589031
  ]
}