{
  "FTN": [
    1.089,
    1.089
  ],
  "A7A5": [
    0.01186258,
    0.01187978
  ],
  "CAKE": [
    1.42,
    1.4
  ],
  "VIRTUAL": [
    0.70547,
    0.697457
  ],
  "DCR": [
    26.15,
    26.03
  ],
  "STX": [
    0.245474,
    0.243312
  ],
  "ETHFI": [
    0.575046,
    0.563869
  ],
  "PENGU": [
    0.00720859,
    0.00704699
  ],
  "XTZ": [
    0.398747,
    0.397186
  ],
  "EURC": [
    1.15,
    1.16
  ],
  "SEI": [
    0.06347,
    0.062954
  ],
  "RIVER": [
    22.16,
    21.52
  ],
  "JAAA": [
    1.027,
    1.027
  ],
  "DASH": [
    31.85,
    31.64
  ],
  "KITE": [
    0.216304,
    0.218747
  ],
  "FDUSD": [
    0.999553,
    0.999043
  ],
  "CHZ": [
    0.035896,
    0.03585052
  ],
  "USX": [
    0.999747,
    0.999745
  ],
  "PRIME": [
    1.028,
    1.028
  ],
  "CRV": [
    0.233969,
    0.232482
  ],
  "KAU": [
    147.12,
    144.46
  ],
  "GNO": [
    130.2,
    129.93
  ],
  "SUN": [
    0.01763224,
    0.01756473
  ],
  "CFX": [
    0.064331,
    0.064101
  ],
  "BTT": [
    3.35506e-7,
    3.35058e-7
  ],
  "NFT": [
    3.32455e-7,
    3.32018e-7
  ],
  "ADI": [
    3.2,
    3.2
  ],
  "USDAI": [
    0.999879,
    0.99979
  ],
  "INJ": [
    3.1,
    3.08
  ],
  "KAIA": [
    0.051177,
    0.05111
  ],
  "TIA": [
    0.33416,
    0.330984
  ],
  "AERO": [
    0.320923,
    0.318444
  ],
  "BSV": [
    14.61,
    14.56
  ],
  "FLOKI": [
    0.00002994,
    0.00002953
  ],
  "LIT": [
    1.16,
    1.13
  ],
  "DEXE": [
    6,
    6.03
  ],
  "SPX": [
    0.303042,
    0.300939
  ],
  "GRT": [
    0.02602664,
    0.02586227
  ],
  "JASMY": [
    0.00561243,
    0.00562357
  ],
  "SYRUP": [
    0.238742,
    0.236571
  ],
  "FRAX": [
    0.992335,
    0.991867
  ],
  "APEPE": [
    0.00000129,
    0.00000129
  ],
  "IOTA": [
    0.062216,
    0.061762
  ],
  "FO": [
    0.26361,
    0.263819
  ],
  "2Z": [
    0.076269,
    0.075803
  ],
  "IP": [
    0.754683,
    0.743999
  ],
  "OP": [
    0.124247,
    0.123161
  ],
  "CRVUSD": [
    0.999199,
    1.001
  ],
  "OHM": [
    16.35,
    16.33
  ],
  "VVV": [
    5.71,
    5.68
  ],
  "LDO": [
    0.297717,
    0.295373
  ],
  "ZBCN": [
    0.00250253,
    0.00254528
  ],
  "PYTH": [
    0.04339696,
    0.04293506
  ],
  "BTSE": [
    1.54,
    1.52
  ],
  "MON": [
    0.02208075,
    0.02201912
  ],
  "ENS": [
    6.21,
    6.18
  ],
  "TEL": [
    0.00245702,
    0.00244093
  ],
  "HNT": [
    1.25,
    1.24
  ],
  "B": [
    0.222747,
    0.228025
  ],
  "USDA": [
    0.984014,
    0.984014
  ],
  "SAND": [
    0.082274,
    0.081391
  ],
  "AUSD": [
    0.999839,
    0.999917
  ],
  "LUNC": [
    0.00003976,
    0.00003943
  ],
  "UDS": [
    1.71,
    1.71
  ],
  "BCAP": [
    22.99,
    22.99
  ],
  "XPL": [
    0.095561,
    0.093184
  ],
  "PENDLE": [
    1.26,
    1.25
  ],
  "TWT": [
    0.502133,
    0.497682
  ],
  "AB": [
    0.00208052,
    0.00208057
  ],
  "AXS": [
    1.23,
    1.21
  ],
  "NUSD": [
    0.998577,
    0.999485
  ],
  "STRK": [
    0.03586704,
    0.03564126
  ],
  "GRASS": [
    0.374897,
    0.367637
  ],
  "BORG": [
    0.203737,
    0.202925
  ],
  "REUSD": [
    1.068,
    1.068
  ],
  "USTBL": [
    1.078,
    1.078
  ],
  "XCN": [
    0.00522395,
    0.00515915
  ],
  "NEO": [
    2.74,
    2.74
  ],
  "FARTCOIN": [
    0.195295,
    0.19251
  ],
  "PC0000031": [
    1,
    1
  ],
  "VSN": [
    0.052428,
    0.05242
  ],
  "9BIT": [
    0.0228994,
    0.02288402
  ],
  "REAL": [
    0.058734,
    0.058701
  ],
  "COMP": [
    19.01,
    18.86
  ],
  "WFI": [
    2.2,
    2.22
  ],
  "WAL": [
    0.080251,
    0.079518
  ],
  "FDIT": [
    1,
    1
  ],
  "FLUID": [
    2.27,
    2.25
  ],
  "IUSD": [
    0.999847,
    1
  ],
  "WIF": [
    0.179181,
    0.176581
  ],
  "H": [
    0.095903,
    0.094414
  ],
  "MANA": [
    0.089723,
    0.088509
  ],
  "ZK": [
    0.01872963,
    0.01854212
  ],
  "THETA": [
    0.171306,
    0.170178
  ],
  "S": [
    0.04453605,
    0.04398177
  ],
  "FF": [
    0.070946,
    0.070915
  ],
  "CVX": [
    1.8,
    1.81
  ],
  "MX": [
    1.79,
    1.79
  ],
  "RAY": [
    0.610328,
    0.60757
  ],
  "KOGE": [
    47.99,
    47.99
  ]
}