{
  "A7A5": [
    0.01228925
  ],
  "FTN": [
    1.088,
    1.089
  ],
  "CAKE": [
    1.41,
    1.4
  ],
  "VIRTUAL": [
    0.683256,
    0.686123
  ],
  "RIVER": [
    23.29,
    22.83
  ],
  "STX": [
    0.243695,
    0.239706
  ],
  "DASH": [
    34.47,
    34.35
  ],
  "PENGU": [
    0.00700672,
    0.00690318
  ],
  "EURC": [
    1.16,
    1.16
  ],
  "XTZ": [
    0.392663,
    0.393396
  ],
  "JAAA": [
    1.027,
    1.027
  ],
  "KITE": [
    0.229883,
    0.226748
  ],
  "ETHFI": [
    0.529078,
    0.518095
  ],
  "SEI": [
    0.060529,
    0.059922
  ],
  "FDUSD": [
    0.999925,
    0.99916
  ],
  "DCR": [
    22.74,
    22.11
  ],
  "SUN": [
    0.01896156,
    0.0195756
  ],
  "CHZ": [
    0.03585634,
    0.03556126
  ],
  "USX": [
    0.9996,
    0.999507
  ],
  "PRIME": [
    1.027,
    1.026
  ],
  "DEXE": [
    7.61,
    7.46
  ],
  "GNO": [
    128.9,
    127.81
  ],
  "KAU": [
    142.66,
    139.69
  ],
  "NFT": [
    3.33328e-7,
    3.33733e-7
  ],
  "CRV": [
    0.219317,
    0.220353
  ],
  "BTT": [
    3.33886e-7,
    3.31805e-7
  ],
  "ADI": [
    3.33,
    3.33
  ],
  "CFX": [
    0.0606,
    0.060676
  ],
  "AERO": [
    0.352845,
    0.338038
  ],
  "USDAI": [
    0.999839,
    0.999682
  ],
  "INJ": [
    3.09,
    3.06
  ],
  "KAIA": [
    0.050886,
    0.05038
  ],
  "TIA": [
    0.328085,
    0.32657
  ],
  "BSV": [
    14.39,
    14.09
  ],
  "FLOKI": [
    0.00002948,
    0.00002913
  ],
  "JASMY": [
    0.00570281,
    0.00554055
  ],
  "FRAX": [
    0.991275,
    0.991251
  ],
  "SPX": [
    0.295819,
    0.291807
  ],
  "GRT": [
    0.02525077,
    0.02501164
  ],
  "SYRUP": [
    0.233588,
    0.23001
  ],
  "APEPE": [
    0.00000126,
    0.00000126
  ],
  "2Z": [
    0.077324,
    0.075721
  ],
  "FO": [
    0.263794,
    0.262952
  ],
  "CRVUSD": [
    0.999262,
    1
  ],
  "IOTA": [
    0.058863,
    0.058006
  ],
  "VVV": [
    5.78,
    5.58
  ],
  "LDO": [
    0.293708,
    0.29076
  ],
  "OHM": [
    15.76,
    15.66
  ],
  "HNT": [
    1.34,
    1.3
  ],
  "OP": [
    0.113358,
    0.112243
  ],
  "BTSE": [
    1.47,
    1.46
  ],
  "LIT": [
    0.955534,
    0.942659
  ],
  "ZBCN": [
    0.00247956,
    0.00239432
  ],
  "ENS": [
    6.15,
    6.07
  ],
  "MON": [
    0.02155661,
    0.02128015
  ],
  "PYTH": [
    0.04025056,
    0.03989934
  ],
  "IP": [
    0.666424,
    0.646485
  ],
  "UDS": [
    1.8,
    1.8
  ],
  "TEL": [
    0.00231091,
    0.00228122
  ],
  "USDA": [
    0.983747,
    0.983747
  ],
  "AUSD": [
    0.999866,
    0.999904
  ],
  "SAND": [
    0.081014,
    0.079796
  ],
  "XPL": [
    0.096456,
    0.094471
  ],
  "B": [
    0.212197,
    0.211608
  ],
  "LUNC": [
    0.00003899,
    0.00003882
  ],
  "BCAP": [
    22.99,
    22.89
  ],
  "TWT": [
    0.502237,
    0.495694
  ],
  "STRK": [
    0.03635153,
    0.03641077
  ],
  "PENDLE": [
    1.24,
    1.22
  ],
  "AB": [
    0.00201846,
    0.00201978
  ],
  "9BIT": [
    0.02413821,
    0.02410917
  ],
  "XCN": [
    0.00521997,
    0.00519901
  ],
  "BORG": [
    0.198663,
    0.197546
  ],
  "USTBL": [
    1.078,
    1.078
  ],
  "REAL": [
    0.061253,
    0.060411
  ],
  "VSN": [
    0.05274,
    0.052753
  ],
  "PC0000031": [
    1,
    1
  ],
  "NEO": [
    2.7,
    2.68
  ],
  "NUSD": [
    0.998742,
    0.99967
  ],
  "AXS": [
    1.12,
    1.1
  ],
  "WIF": [
    0.18637,
    0.187443
  ],
  "COMP": [
    19.19,
    18.98
  ],
  "REUSD": [
    1.067,
    1.067
  ],
  "GRASS": [
    0.336081,
    0.330649
  ],
  "WFI": [
    2.23,
    2.2
  ],
  "WAL": [
    0.080353,
    0.078996
  ],
  "FARTCOIN": [
    0.177348,
    0.17611
  ],
  "H": [
    0.100475,
    0.095997
  ],
  "ZK": [
    0.01821247,
    0.01835214
  ],
  "MANA": [
    0.087544,
    0.087029
  ],
  "FDIT": [
    1,
    1
  ],
  "FF": [
    0.072611,
    0.071695
  ],
  "CVX": [
    1.83,
    1.81
  ],
  "S": [
    0.04383919,
    0.04367202
  ],
  "MX": [
    1.79,
    1.79
  ],
  "THETA": [
    0.163648,
    0.162633
  ],
  "KOGE": [
    47.99,
    47.98
  ],
  "RAY": [
    0.607322,
    0.601303
  ],
  "SATUSD": [
    0.996263,
    0.998104
  ],
  "FT": [
    0.096805,
    0.096623
  ]
}