{
  "FET": [
    0.212854,
    0.211864
  ],
  "FTN": [
    1.088,
    1.088
  ],
  "CAKE": [
    1.41,
    1.41
  ],
  "VIRTUAL": [
    0.694531,
    0.705349
  ],
  "DCR": [
    26.21,
    26.22
  ],
  "A7A5": [
    0.01163637,
    0.01156796
  ],
  "STX": [
    0.244917,
    0.245766
  ],
  "PENGU": [
    0.00709625,
    0.00709307
  ],
  "SEI": [
    0.063815,
    0.063953
  ],
  "EURC": [
    1.16,
    1.16
  ],
  "ETHFI": [
    0.537675,
    0.535055
  ],
  "JAAA": [
    1.027,
    1.027
  ],
  "XTZ": [
    0.388363,
    0.388348
  ],
  "DASH": [
    31.52,
    31.35
  ],
  "FDUSD": [
    0.999437,
    0.999214
  ],
  "KITE": [
    0.20247,
    0.208103
  ],
  "CHZ": [
    0.03588011,
    0.03593606
  ],
  "USX": [
    0.99979,
    0.999656
  ],
  "KAU": [
    149.46,
    149.46
  ],
  "CRV": [
    0.236799,
    0.235977
  ],
  "GNO": [
    131.21,
    131.48
  ],
  "SUN": [
    0.01792529,
    0.017783
  ],
  "PRIME": [
    1.028,
    1.028
  ],
  "CFX": [
    0.062953,
    0.064407
  ],
  "BTT": [
    3.34685e-7,
    3.33533e-7
  ],
  "NFT": [
    3.32031e-7,
    3.32899e-7
  ],
  "USDAI": [
    0.999605,
    0.999652
  ],
  "ADI": [
    3.31,
    3.32
  ],
  "INJ": [
    3.05,
    3.06
  ],
  "KAIA": [
    0.051704,
    0.051467
  ],
  "TIA": [
    0.331943,
    0.333986
  ],
  "LIT": [
    1.2,
    1.19
  ],
  "AERO": [
    0.320033,
    0.319142
  ],
  "BSV": [
    14.46,
    14.42
  ],
  "DEXE": [
    6.14,
    6.14
  ],
  "FLOKI": [
    0.00002968,
    0.00002971
  ],
  "SPX": [
    0.301916,
    0.30223
  ],
  "SYRUP": [
    0.242686,
    0.242489
  ],
  "JASMY": [
    0.00567805,
    0.00564889
  ],
  "GRT": [
    0.02579609,
    0.02563121
  ],
  "IP": [
    0.777385,
    0.779981
  ],
  "FRAX": [
    0.992053,
    0.992045
  ],
  "IOTA": [
    0.06211,
    0.062164
  ],
  "APEPE": [
    0.00000128,
    0.00000128
  ],
  "2Z": [
    0.078363,
    0.077637
  ],
  "FO": [
    0.263106,
    0.26313
  ],
  "BTSE": [
    1.6,
    1.6
  ],
  "OHM": [
    16.54,
    16.53
  ],
  "CRVUSD": [
    0.997423,
    0.998313
  ],
  "PYTH": [
    0.04470367,
    0.04488442
  ],
  "OP": [
    0.121086,
    0.121437
  ],
  "VVV": [
    5.75,
    5.72
  ],
  "LDO": [
    0.296847,
    0.297064
  ],
  "B": [
    0.244908,
    0.242411
  ],
  "ENS": [
    6.25,
    6.24
  ],
  "MON": [
    0.02218935,
    0.02196288
  ],
  "HNT": [
    1.28,
    1.28
  ],
  "TEL": [
    0.00248379,
    0.00248301
  ],
  "ZBCN": [
    0.00230451,
    0.00232646
  ],
  "XPL": [
    0.099931,
    0.09917
  ],
  "UDS": [
    1.76,
    1.75
  ],
  "USDA": [
    0.984014,
    0.984014
  ],
  "LUNC": [
    0.00003987,
    0.0000397
  ],
  "SAND": [
    0.081114,
    0.081258
  ],
  "AUSD": [
    0.999864,
    0.999964
  ],
  "TWT": [
    0.513785,
    0.511732
  ],
  "GRASS": [
    0.390871,
    0.387414
  ],
  "BCAP": [
    22.99,
    22.99
  ],
  "AB": [
    0.00211344,
    0.00210615
  ],
  "PENDLE": [
    1.24,
    1.24
  ],
  "STRK": [
    0.03634595,
    0.03639381
  ],
  "NUSD": [
    0.998427,
    0.999238
  ],
  "BORG": [
    0.20518,
    0.207373
  ],
  "AXS": [
    1.2,
    1.2
  ],
  "USTBL": [
    1.078,
    1.078
  ],
  "9BIT": [
    0.02430281,
    0.02430258
  ],
  "XCN": [
    0.00529989,
    0.00528654
  ],
  "FARTCOIN": [
    0.19803,
    0.198343
  ],
  "REUSD": [
    1.067,
    1.067
  ],
  "NEO": [
    2.73,
    2.71
  ],
  "VSN": [
    0.05287,
    0.053155
  ],
  "PC0000031": [
    1,
    1
  ],
  "COMP": [
    19.12,
    19.15
  ],
  "REAL": [
    0.058791,
    0.058353
  ],
  "WFI": [
    2.23,
    2.23
  ],
  "FDIT": [
    1,
    1
  ],
  "FLUID": [
    2.28,
    2.26
  ],
  "WAL": [
    0.078761,
    0.078573
  ],
  "IUSD": [
    0.999589,
    0.999696
  ],
  "ZK": [
    0.01890086,
    0.01886545
  ],
  "MANA": [
    0.089449,
    0.08956
  ],
  "THETA": [
    0.172775,
    0.172553
  ],
  "WIF": [
    0.172334,
    0.172627
  ],
  "H": [
    0.093922,
    0.093668
  ],
  "S": [
    0.04411266,
    0.04424303
  ],
  "FF": [
    0.070557,
    0.070556
  ],
  "RAY": [
    0.612884,
    0.613399
  ],
  "MX": [
    1.79,
    1.79
  ],
  "KOGE": [
    48,
    48
  ],
  "CVX": [
    1.76,
    1.77
  ]
}