{
  "TUSD": [
    0.999531
  ],
  "A7A5": [
    0.01217554,
    0.01215496
  ],
  "FTN": [
    1.089,
    1.089
  ],
  "CAKE": [
    1.41,
    1.42
  ],
  "VIRTUAL": [
    0.693746,
    0.69723
  ],
  "STX": [
    0.239445,
    0.244565
  ],
  "PENGU": [
    0.00700821,
    0.00710538
  ],
  "DASH": [
    33.96,
    34.16
  ],
  "ETHFI": [
    0.54724,
    0.54529
  ],
  "EURC": [
    1.16,
    1.16
  ],
  "XTZ": [
    0.390133,
    0.392378
  ],
  "JAAA": [
    1.027,
    1.027
  ],
  "SEI": [
    0.061467,
    0.06103
  ],
  "KITE": [
    0.226216,
    0.227987
  ],
  "DCR": [
    23.36,
    22.94
  ],
  "FDUSD": [
    0.999221,
    0.999533
  ],
  "CHZ": [
    0.03550793,
    0.03577779
  ],
  "USX": [
    0.999751,
    0.999556
  ],
  "SUN": [
    0.01850203,
    0.01868244
  ],
  "PRIME": [
    1.047,
    1.028
  ],
  "KAU": [
    136.88,
    143.98
  ],
  "DEXE": [
    7.52,
    7.34
  ],
  "GNO": [
    128.09,
    130.02
  ],
  "AERO": [
    0.316185,
    0.36543
  ],
  "CRV": [
    0.225479,
    0.223704
  ],
  "NFT": [
    3.33853e-7,
    3.34097e-7
  ],
  "BTT": [
    3.32985e-7,
    3.33945e-7
  ],
  "ADI": [
    3.29,
    3.28
  ],
  "USDAI": [
    0.99985,
    0.999556
  ],
  "CFX": [
    0.060957,
    0.060737
  ],
  "INJ": [
    3.05,
    3.06
  ],
  "KAIA": [
    0.050969,
    0.051263
  ],
  "TIA": [
    0.324905,
    0.325909
  ],
  "FLOKI": [
    0.00002943,
    0.00002989
  ],
  "BSV": [
    14.44,
    14.42
  ],
  "SPX": [
    0.307787,
    0.305079
  ],
  "JASMY": [
    0.00553197,
    0.00567238
  ],
  "VVV": [
    6.12,
    6.1
  ],
  "FRAX": [
    0.990964,
    0.991138
  ],
  "GRT": [
    0.0249013,
    0.02532102
  ],
  "SYRUP": [
    0.233897,
    0.235134
  ],
  "APEPE": [
    0.00000127,
    0.00000127
  ],
  "FO": [
    0.263024,
    0.263488
  ],
  "CRVUSD": [
    0.991447,
    0.996249
  ],
  "2Z": [
    0.074183,
    0.074748
  ],
  "IOTA": [
    0.058347,
    0.059123
  ],
  "LDO": [
    0.292213,
    0.293951
  ],
  "OHM": [
    15.94,
    15.9
  ],
  "OP": [
    0.117963,
    0.116401
  ],
  "HNT": [
    1.25,
    1.31
  ],
  "LIT": [
    0.939951,
    0.955229
  ],
  "BTSE": [
    1.45,
    1.47
  ],
  "MON": [
    0.02170185,
    0.02188523
  ],
  "ENS": [
    6.11,
    6.15
  ],
  "IP": [
    0.66339,
    0.659417
  ],
  "ZBCN": [
    0.00232585,
    0.0023677
  ],
  "PYTH": [
    0.04105848,
    0.04025526
  ],
  "TEL": [
    0.00225793,
    0.00231898
  ],
  "SAND": [
    0.080074,
    0.08171
  ],
  "USDA": [
    0.984014,
    0.98377
  ],
  "AUSD": [
    1,
    0.999824
  ],
  "XPL": [
    0.095915,
    0.095599
  ],
  "TWT": [
    0.498724,
    0.506828
  ],
  "B": [
    0.215923,
    0.208776
  ],
  "BCAP": [
    22.99,
    22.99
  ],
  "STRK": [
    0.03664508,
    0.036773
  ],
  "LUNC": [
    0.00003762,
    0.00003777
  ],
  "BORG": [
    0.201683,
    0.204179
  ],
  "AB": [
    0.00202146,
    0.00202447
  ],
  "PENDLE": [
    1.19,
    1.2
  ],
  "9BIT": [
    0.02418175,
    0.02417163
  ],
  "REAL": [
    0.061247,
    0.061682
  ],
  "USTBL": [
    1.078,
    1.078
  ],
  "XCN": [
    0.00506566,
    0.00516457
  ],
  "GRASS": [
    0.352625,
    0.353046
  ],
  "AXS": [
    1.09,
    1.13
  ],
  "NEO": [
    2.68,
    2.7
  ],
  "PC0000031": [
    1,
    1
  ],
  "FARTCOIN": [
    0.19217,
    0.189183
  ],
  "VSN": [
    0.05227,
    0.052346
  ],
  "NUSD": [
    0.997707,
    0.999087
  ],
  "UDS": [
    1.51,
    1.51
  ],
  "COMP": [
    19.07,
    19.17
  ],
  "REUSD": [
    1.067,
    1.067
  ],
  "WIF": [
    0.178068,
    0.182105
  ],
  "WFI": [
    2.19,
    2.22
  ],
  "WAL": [
    0.079662,
    0.080632
  ],
  "H": [
    0.096746,
    0.097068
  ],
  "FDIT": [
    1,
    1
  ],
  "CVX": [
    1.85,
    1.85
  ],
  "MANA": [
    0.086878,
    0.087651
  ],
  "FF": [
    0.071787,
    0.072003
  ],
  "ZK": [
    0.0179679,
    0.01815568
  ],
  "S": [
    0.04386665,
    0.04400384
  ],
  "RAY": [
    0.603781,
    0.613224
  ],
  "MX": [
    1.79,
    1.79
  ],
  "THETA": [
    0.161939,
    0.162835
  ],
  "KOGE": [
    47.98,
    47.99
  ],
  "SATUSD": [
    0.994241,
    0.996339
  ],
  "FT": [
    0.097179,
    0.097477
  ]
}