{
  "FTN": [
    1.09,
    1.089
  ],
  "FET": [
    0.213472,
    0.208665
  ],
  "A7A5": [
    0.01200692,
    0.01181895
  ],
  "CAKE": [
    1.37,
    1.37
  ],
  "ETHFI": [
    0.558535,
    0.552569
  ],
  "VIRTUAL": [
    0.662351,
    0.654385
  ],
  "STX": [
    0.234519,
    0.233106
  ],
  "EURC": [
    1.15,
    1.15
  ],
  "PENGU": [
    0.00679196,
    0.00672939
  ],
  "JAAA": [
    1.027,
    1.027
  ],
  "XTZ": [
    0.381951,
    0.378385
  ],
  "DCR": [
    23.47,
    23.33
  ],
  "SEI": [
    0.059903,
    0.05947
  ],
  "DASH": [
    32.01,
    31.7
  ],
  "KITE": [
    0.219137,
    0.217328
  ],
  "FDUSD": [
    0.999486,
    0.999141
  ],
  "CHZ": [
    0.03491035,
    0.03494904
  ],
  "USX": [
    0.999776,
    0.999693
  ],
  "SUN": [
    0.018884,
    0.01863696
  ],
  "PRIME": [
    1.029,
    1.029
  ],
  "GNO": [
    126.3,
    125.41
  ],
  "NFT": [
    3.33877e-7,
    3.33484e-7
  ],
  "USDAI": [
    1,
    0.999922
  ],
  "BTT": [
    3.32774e-7,
    3.3254e-7
  ],
  "DEXE": [
    6.92,
    7.07
  ],
  "CRV": [
    0.217796,
    0.216351
  ],
  "ADI": [
    3.29,
    3.28
  ],
  "CFX": [
    0.061503,
    0.0612
  ],
  "KAU": [
    140.1,
    130.78
  ],
  "KAIA": [
    0.051007,
    0.05047
  ],
  "INJ": [
    2.96,
    2.94
  ],
  "AERO": [
    0.307647,
    0.305566
  ],
  "BSV": [
    14.15,
    14.1
  ],
  "TIA": [
    0.315409,
    0.312075
  ],
  "FLOKI": [
    0.00002859,
    0.00002841
  ],
  "FRAX": [
    0.991439,
    0.991472
  ],
  "SPX": [
    0.293176,
    0.289553
  ],
  "SYRUP": [
    0.23027,
    0.230166
  ],
  "GRT": [
    0.02478503,
    0.02468558
  ],
  "VVV": [
    6.17,
    5.92
  ],
  "JASMY": [
    0.0053903,
    0.00536663
  ],
  "FO": [
    0.26454,
    0.264562
  ],
  "APEPE": [
    0.00000125,
    0.00000126
  ],
  "CRVUSD": [
    0.999599,
    0.999296
  ],
  "2Z": [
    0.073304,
    0.072681
  ],
  "IOTA": [
    0.058207,
    0.057821
  ],
  "OHM": [
    15.86,
    15.76
  ],
  "LIT": [
    1.003,
    0.971334
  ],
  "OP": [
    0.115476,
    0.114506
  ],
  "LDO": [
    0.285515,
    0.28342
  ],
  "IP": [
    0.693959,
    0.674657
  ],
  "BTSE": [
    1.45,
    1.45
  ],
  "MON": [
    0.02126416,
    0.02116644
  ],
  "ZBCN": [
    0.00234466,
    0.00232049
  ],
  "ENS": [
    5.95,
    5.9
  ],
  "PYTH": [
    0.03900143,
    0.0386361
  ],
  "TEL": [
    0.00232149,
    0.00230827
  ],
  "USDA": [
    0.984014,
    0.984014
  ],
  "B": [
    0.218269,
    0.216572
  ],
  "AUSD": [
    0.999826,
    0.999827
  ],
  "HNT": [
    1.15,
    1.15
  ],
  "BCAP": [
    22.99,
    22.99
  ],
  "SAND": [
    0.077829,
    0.077422
  ],
  "TWT": [
    0.498136,
    0.495255
  ],
  "XPL": [
    0.092366,
    0.091624
  ],
  "LUNC": [
    0.00003765,
    0.00003755
  ],
  "STRK": [
    0.03613997,
    0.0357434
  ],
  "AB": [
    0.002026,
    0.00202977
  ],
  "NUSD": [
    0.999158,
    0.99906
  ],
  "9BIT": [
    0.02419232,
    0.02420796
  ],
  "PENDLE": [
    1.19,
    1.18
  ],
  "USTBL": [
    1.078,
    1.078
  ],
  "BORG": [
    0.195313,
    0.197566
  ],
  "PC0000031": [
    1,
    1
  ],
  "XCN": [
    0.00505325,
    0.00502904
  ],
  "REUSD": [
    1.067,
    1.066
  ],
  "GRASS": [
    0.344533,
    0.346479
  ],
  "UDS": [
    1.51,
    1.51
  ],
  "AXS": [
    1.11,
    1.1
  ],
  "VSN": [
    0.052293,
    0.052011
  ],
  "FARTCOIN": [
    0.188214,
    0.186251
  ],
  "REAL": [
    0.058265,
    0.058046
  ],
  "NEO": [
    2.6,
    2.58
  ],
  "COMP": [
    18.76,
    18.62
  ],
  "FDIT": [
    1,
    1
  ],
  "WAL": [
    0.077779,
    0.077286
  ],
  "H": [
    0.094719,
    0.094497
  ],
  "WFI": [
    2.12,
    2.12
  ],
  "WIF": [
    0.174172,
    0.171736
  ],
  "FF": [
    0.07245,
    0.072914
  ],
  "MX": [
    1.79,
    1.79
  ],
  "ZK": [
    0.01779579,
    0.01773795
  ],
  "KOGE": [
    48,
    48
  ],
  "MANA": [
    0.083896,
    0.083581
  ],
  "THETA": [
    0.161432,
    0.16044
  ],
  "CVX": [
    1.75,
    1.74
  ],
  "S": [
    0.04242757,
    0.04214244
  ],
  "FT": [
    0.098246,
    0.097999
  ],
  "SATUSD": [
    0.997058,
    0.995437
  ],
  "RAY": [
    0.589031,
    0.583056
  ]
}