{
  "FET": [
    0.212134,
    0.210901
  ],
  "FTN": [
    1.088,
    1.088
  ],
  "A7A5": [
    0.01200845,
    0.01200681
  ],
  "CAKE": [
    1.36,
    1.36
  ],
  "ETHFI": [
    0.561805,
    0.56227
  ],
  "VIRTUAL": [
    0.661048,
    0.662647
  ],
  "STX": [
    0.234531,
    0.235114
  ],
  "PENGU": [
    0.00675652,
    0.00678771
  ],
  "EURC": [
    1.16,
    1.16
  ],
  "JAAA": [
    1.027,
    1.027
  ],
  "DCR": [
    23.82,
    23.87
  ],
  "XTZ": [
    0.381931,
    0.382748
  ],
  "DASH": [
    31.29,
    32.19
  ],
  "SEI": [
    0.060161,
    0.060104
  ],
  "FDUSD": [
    0.99935,
    0.999491
  ],
  "KITE": [
    0.214589,
    0.213781
  ],
  "KAU": [
    158.07,
    158.31
  ],
  "CHZ": [
    0.03471019,
    0.03493418
  ],
  "USX": [
    0.999743,
    0.999751
  ],
  "SUN": [
    0.01832792,
    0.01854614
  ],
  "PRIME": [
    1.031,
    1.027
  ],
  "GNO": [
    125.96,
    126.33
  ],
  "NFT": [
    3.32682e-7,
    3.34397e-7
  ],
  "USDAI": [
    0.999879,
    0.999929
  ],
  "BTT": [
    3.32651e-7,
    3.3277e-7
  ],
  "CRV": [
    0.220932,
    0.218566
  ],
  "DEXE": [
    6.4,
    6.9
  ],
  "CFX": [
    0.061436,
    0.06124
  ],
  "ADI": [
    3.25,
    3.25
  ],
  "INJ": [
    2.95,
    2.97
  ],
  "KAIA": [
    0.050266,
    0.050504
  ],
  "AERO": [
    0.30644,
    0.308326
  ],
  "TIA": [
    0.316311,
    0.316761
  ],
  "BSV": [
    14.16,
    14.15
  ],
  "FLOKI": [
    0.00002848,
    0.00002852
  ],
  "FRAX": [
    0.991721,
    0.99217
  ],
  "SPX": [
    0.290573,
    0.292171
  ],
  "SYRUP": [
    0.230643,
    0.231204
  ],
  "JASMY": [
    0.00539983,
    0.00540374
  ],
  "GRT": [
    0.02465437,
    0.02467682
  ],
  "VVV": [
    5.81,
    5.93
  ],
  "APEPE": [
    0.00000128,
    0.00000126
  ],
  "FO": [
    0.264838,
    0.264848
  ],
  "CRVUSD": [
    0.999087,
    0.999666
  ],
  "2Z": [
    0.07331,
    0.073487
  ],
  "IOTA": [
    0.058071,
    0.058335
  ],
  "LIT": [
    1.007,
    1.01
  ],
  "IP": [
    0.703649,
    0.702599
  ],
  "OHM": [
    15.75,
    15.73
  ],
  "OP": [
    0.11593,
    0.115811
  ],
  "LDO": [
    0.284882,
    0.285693
  ],
  "ZBCN": [
    0.00234051,
    0.00243716
  ],
  "BTSE": [
    1.47,
    1.46
  ],
  "MON": [
    0.02123355,
    0.02126708
  ],
  "PYTH": [
    0.03973091,
    0.03995779
  ],
  "ENS": [
    5.95,
    5.95
  ],
  "B": [
    0.221283,
    0.222668
  ],
  "TEL": [
    0.00232328,
    0.00232636
  ],
  "HNT": [
    1.17,
    1.17
  ],
  "USDA": [
    0.984014,
    0.984014
  ],
  "AUSD": [
    0.999879,
    0.999966
  ],
  "BCAP": [
    22.99,
    22.99
  ],
  "XPL": [
    0.092274,
    0.092762
  ],
  "SAND": [
    0.078056,
    0.077931
  ],
  "LUNC": [
    0.00003783,
    0.00003796
  ],
  "STRK": [
    0.03619565,
    0.03636746
  ],
  "TWT": [
    0.49028,
    0.488712
  ],
  "GRASS": [
    0.380513,
    0.371654
  ],
  "AB": [
    0.00203112,
    0.00203459
  ],
  "NUSD": [
    1.001,
    1
  ],
  "9BIT": [
    0.02414742,
    0.02415044
  ],
  "PENDLE": [
    1.19,
    1.19
  ],
  "USTBL": [
    1.078,
    1.078
  ],
  "BORG": [
    0.198124,
    0.19781
  ],
  "REUSD": [
    1.067,
    1.067
  ],
  "XCN": [
    0.00506369,
    0.0050578
  ],
  "PC0000031": [
    1,
    1
  ],
  "FARTCOIN": [
    0.185798,
    0.189193
  ],
  "UDS": [
    1.52,
    1.52
  ],
  "VSN": [
    0.052069,
    0.052487
  ],
  "AXS": [
    1.11,
    1.12
  ],
  "NEO": [
    2.59,
    2.6
  ],
  "REAL": [
    0.057544,
    0.057932
  ],
  "COMP": [
    18.77,
    18.79
  ],
  "H": [
    0.100157,
    0.098798
  ],
  "FDIT": [
    1,
    1
  ],
  "WAL": [
    0.077671,
    0.077822
  ],
  "WIF": [
    0.173243,
    0.17459
  ],
  "WFI": [
    2.15,
    2.12
  ],
  "FF": [
    0.071788,
    0.071504
  ],
  "ZK": [
    0.01790846,
    0.01794984
  ],
  "MX": [
    1.79,
    1.79
  ],
  "MANA": [
    0.083887,
    0.084346
  ],
  "KOGE": [
    47.99,
    48
  ],
  "FT": [
    0.098529,
    0.098771
  ],
  "THETA": [
    0.160217,
    0.161329
  ],
  "CVX": [
    1.76,
    1.76
  ],
  "S": [
    0.04225675,
    0.04239103
  ],
  "FLUID": [
    2.1,
    2.03
  ],
  "SATUSD": [
    0.995433
  ]
}