{
  "FTN": [
    1.088,
    1.089
  ],
  "FET": [
    0.20494,
    0.208053
  ],
  "A7A5": [
    0.01195882,
    0.01195892
  ],
  "CAKE": [
    1.37,
    1.38
  ],
  "VIRTUAL": [
    0.651514,
    0.659366
  ],
  "ETHFI": [
    0.541669,
    0.545473
  ],
  "STX": [
    0.231365,
    0.231823
  ],
  "EURC": [
    1.15,
    1.15
  ],
  "PENGU": [
    0.00666209,
    0.00670907
  ],
  "JAAA": [
    1.027,
    1.027
  ],
  "XTZ": [
    0.37609,
    0.379872
  ],
  "DASH": [
    32.21,
    32.38
  ],
  "DCR": [
    23.12,
    23.17
  ],
  "SEI": [
    0.059272,
    0.05956
  ],
  "KITE": [
    0.215472,
    0.220188
  ],
  "FDUSD": [
    1,
    0.999064
  ],
  "USX": [
    0.999783,
    0.999696
  ],
  "CHZ": [
    0.03461342,
    0.03472267
  ],
  "PRIME": [
    1.028,
    1.027
  ],
  "SUN": [
    0.01834786,
    0.01837404
  ],
  "DEXE": [
    7.11,
    7.23
  ],
  "KAU": [
    147.07,
    141.24
  ],
  "USDAI": [
    0.999863,
    0.999827
  ],
  "NFT": [
    3.32426e-7,
    3.33585e-7
  ],
  "GNO": [
    124.14,
    124.62
  ],
  "BTT": [
    3.32283e-7,
    3.32009e-7
  ],
  "CRV": [
    0.216689,
    0.217568
  ],
  "ADI": [
    3.29,
    3.28
  ],
  "CFX": [
    0.060003,
    0.06027
  ],
  "INJ": [
    2.94,
    2.96
  ],
  "KAIA": [
    0.04992507,
    0.050315
  ],
  "AERO": [
    0.3042,
    0.306702
  ],
  "BSV": [
    14.01,
    14.04
  ],
  "TIA": [
    0.3112,
    0.313418
  ],
  "FLOKI": [
    0.00002806,
    0.00002835
  ],
  "FRAX": [
    0.991776,
    0.990154
  ],
  "SPX": [
    0.286572,
    0.289767
  ],
  "VVV": [
    5.92,
    5.98
  ],
  "SYRUP": [
    0.229814,
    0.230347
  ],
  "JASMY": [
    0.00534196,
    0.00534276
  ],
  "GRT": [
    0.02443256,
    0.02451021
  ],
  "FO": [
    0.264373,
    0.264327
  ],
  "APEPE": [
    0.00000126,
    0.00000125
  ],
  "CRVUSD": [
    1.004,
    0.999897
  ],
  "2Z": [
    0.071876,
    0.072025
  ],
  "IOTA": [
    0.057044,
    0.057433
  ],
  "OHM": [
    15.8,
    15.95
  ],
  "OP": [
    0.113936,
    0.114823
  ],
  "LDO": [
    0.28178,
    0.283722
  ],
  "LIT": [
    0.952496,
    0.951192
  ],
  "IP": [
    0.664899,
    0.667929
  ],
  "BTSE": [
    1.44,
    1.45
  ],
  "MON": [
    0.02090074,
    0.02093477
  ],
  "ENS": [
    5.84,
    5.88
  ],
  "PYTH": [
    0.03838099,
    0.03898713
  ],
  "ZBCN": [
    0.00228235,
    0.00227416
  ],
  "TEL": [
    0.00227982,
    0.00229573
  ],
  "B": [
    0.216257,
    0.218063
  ],
  "USDA": [
    0.984014,
    0.984014
  ],
  "AUSD": [
    1,
    0.999681
  ],
  "HNT": [
    1.15,
    1.16
  ],
  "BCAP": [
    22.99,
    22.99
  ],
  "SAND": [
    0.076522,
    0.077122
  ],
  "XPL": [
    0.090751,
    0.091366
  ],
  "TWT": [
    0.487257,
    0.486272
  ],
  "STRK": [
    0.03558904,
    0.03577923
  ],
  "LUNC": [
    0.00003705,
    0.00003701
  ],
  "AB": [
    0.00203194,
    0.00203085
  ],
  "NUSD": [
    1,
    0.998915
  ],
  "9BIT": [
    0.0241991,
    0.02419553
  ],
  "USTBL": [
    1.078,
    1.078
  ],
  "PENDLE": [
    1.17,
    1.17
  ],
  "BORG": [
    0.19389,
    0.193229
  ],
  "PC0000031": [
    1,
    1
  ],
  "GRASS": [
    0.336874,
    0.348153
  ],
  "UDS": [
    1.5,
    1.5
  ],
  "VSN": [
    0.051837,
    0.051627
  ],
  "XCN": [
    0.00493283,
    0.00495522
  ],
  "FARTCOIN": [
    0.184114,
    0.18571
  ],
  "REUSD": [
    1.066,
    1.066
  ],
  "AXS": [
    1.092,
    1.09
  ],
  "REAL": [
    0.057509,
    0.058007
  ],
  "NEO": [
    2.58,
    2.59
  ],
  "COMP": [
    18.42,
    18.49
  ],
  "FDIT": [
    1,
    1
  ],
  "WAL": [
    0.076609,
    0.077848
  ],
  "WFI": [
    2.11,
    2.11
  ],
  "WIF": [
    0.169102,
    0.171731
  ],
  "H": [
    0.091795,
    0.092906
  ],
  "FF": [
    0.071847,
    0.072093
  ],
  "MX": [
    1.79,
    1.79
  ],
  "KOGE": [
    47.99,
    47.99
  ],
  "MANA": [
    0.08288,
    0.083646
  ],
  "ZK": [
    0.01747047,
    0.01753591
  ],
  "CVX": [
    1.72,
    1.74
  ],
  "THETA": [
    0.158663,
    0.159623
  ],
  "S": [
    0.04175253,
    0.04213658
  ],
  "FT": [
    0.097807,
    0.09764
  ],
  "SATUSD": [
    0.994927,
    0.99183
  ],
  "RAY": [
    0.577624,
    0.583646
  ]
}