{
  "RIVER": [
    25,
    24.53
  ],
  "ETHFI": [
    0.600977,
    0.604327
  ],
  "FTN": [
    1.089,
    1.089
  ],
  "A7A5": [
    0.01177353,
    0.01177375
  ],
  "CAKE": [
    1.39,
    1.39
  ],
  "VIRTUAL": [
    0.697614,
    0.69692
  ],
  "STX": [
    0.245919,
    0.245823
  ],
  "PENGU": [
    0.00708952,
    0.00711033
  ],
  "DCR": [
    25.69,
    25.35
  ],
  "XTZ": [
    0.399526,
    0.400635
  ],
  "EURC": [
    1.16,
    1.16
  ],
  "SEI": [
    0.06328,
    0.063175
  ],
  "JAAA": [
    1.027,
    1.027
  ],
  "DASH": [
    32.09,
    32.33
  ],
  "KITE": [
    0.217687,
    0.21875
  ],
  "FDUSD": [
    0.999796,
    0.999481
  ],
  "CHZ": [
    0.03638908,
    0.03638519
  ],
  "KAU": [
    147.35,
    151.43
  ],
  "USX": [
    0.999854,
    0.999668
  ],
  "PRIME": [
    1.028,
    1.028
  ],
  "CRV": [
    0.233661,
    0.23359
  ],
  "GNO": [
    130.99,
    131.05
  ],
  "CFX": [
    0.065688,
    0.065741
  ],
  "SUN": [
    0.01753662,
    0.01749304
  ],
  "BTT": [
    3.37162e-7,
    3.37365e-7
  ],
  "NFT": [
    3.33747e-7,
    3.3437e-7
  ],
  "USDAI": [
    0.999965,
    0.999773
  ],
  "ADI": [
    3.23,
    3.24
  ],
  "INJ": [
    3.09,
    3.1
  ],
  "KAIA": [
    0.051222,
    0.051353
  ],
  "TIA": [
    0.333128,
    0.334326
  ],
  "AERO": [
    0.320079,
    0.320076
  ],
  "DEXE": [
    6.28,
    6.33
  ],
  "BSV": [
    14.67,
    14.62
  ],
  "FLOKI": [
    0.00002981,
    0.00002988
  ],
  "SPX": [
    0.305335,
    0.306516
  ],
  "GRT": [
    0.02608967,
    0.02610731
  ],
  "JASMY": [
    0.00563496,
    0.00564321
  ],
  "SYRUP": [
    0.237635,
    0.236928
  ],
  "FRAX": [
    0.992402,
    0.99247
  ],
  "APEPE": [
    0.00000128,
    0.00000128
  ],
  "LIT": [
    1.083,
    1.072
  ],
  "IOTA": [
    0.061415,
    0.061328
  ],
  "2Z": [
    0.076318,
    0.076182
  ],
  "FO": [
    0.264884,
    0.264801
  ],
  "IP": [
    0.745041,
    0.744641
  ],
  "OP": [
    0.122485,
    0.123107
  ],
  "CRVUSD": [
    0.999808,
    0.999873
  ],
  "VVV": [
    5.59,
    5.72
  ],
  "LDO": [
    0.299275,
    0.299625
  ],
  "OHM": [
    16.07,
    16.08
  ],
  "PYTH": [
    0.04303332,
    0.04305178
  ],
  "ZBCN": [
    0.00251322,
    0.00250198
  ],
  "ENS": [
    6.25,
    6.24
  ],
  "BTSE": [
    1.47,
    1.47
  ],
  "MON": [
    0.02187418,
    0.02192421
  ],
  "TEL": [
    0.00245324,
    0.00245408
  ],
  "HNT": [
    1.25,
    1.25
  ],
  "B": [
    0.225866,
    0.227648
  ],
  "SAND": [
    0.081298,
    0.081436
  ],
  "USDA": [
    0.984014,
    0.984014
  ],
  "AUSD": [
    0.999919,
    0.999816
  ],
  "LUNC": [
    0.00003948,
    0.0000394
  ],
  "XPL": [
    0.095235,
    0.095166
  ],
  "TWT": [
    0.50819,
    0.506667
  ],
  "PENDLE": [
    1.27,
    1.27
  ],
  "BCAP": [
    22.99,
    22.99
  ],
  "UDS": [
    1.68,
    1.67
  ],
  "STRK": [
    0.03656721,
    0.03671577
  ],
  "GRASS": [
    0.387387,
    0.382637
  ],
  "AB": [
    0.00206394,
    0.00206502
  ],
  "AXS": [
    1.2,
    1.2
  ],
  "BORG": [
    0.203403,
    0.206257
  ],
  "NUSD": [
    0.999234,
    0.999899
  ],
  "FARTCOIN": [
    0.19576,
    0.199604
  ],
  "REUSD": [
    1.068,
    1.068
  ],
  "9BIT": [
    0.02290278,
    0.02378555
  ],
  "XCN": [
    0.00521899,
    0.00520057
  ],
  "USTBL": [
    1.078,
    1.078
  ],
  "NEO": [
    2.71,
    2.71
  ],
  "PC0000031": [
    1,
    1
  ],
  "VSN": [
    0.052651,
    0.05265
  ],
  "REAL": [
    0.059799,
    0.05972
  ],
  "COMP": [
    19.27,
    19.29
  ],
  "FLUID": [
    2.35,
    2.33
  ],
  "WIF": [
    0.179213,
    0.180185
  ],
  "WAL": [
    0.080268,
    0.080243
  ],
  "FDIT": [
    1,
    1
  ],
  "IUSD": [
    0.999845,
    1
  ],
  "WFI": [
    2.17,
    2.16
  ],
  "H": [
    0.095042,
    0.095138
  ],
  "ZK": [
    0.01857448,
    0.0187582
  ],
  "THETA": [
    0.171155,
    0.170657
  ],
  "MANA": [
    0.088076,
    0.088163
  ],
  "CVX": [
    1.84,
    1.84
  ],
  "S": [
    0.04419672,
    0.04423262
  ],
  "FF": [
    0.070929,
    0.070945
  ],
  "RAY": [
    0.617916,
    0.617278
  ],
  "MX": [
    1.79,
    1.79
  ],
  "KOGE": [
    47.99,
    47.99
  ]
}