{
  "RIVER": [
    24.11,
    24.58
  ],
  "FTN": [
    1.089,
    1.089
  ],
  "ETHFI": [
    0.595396,
    0.598384
  ],
  "A7A5": [
    0.01177335,
    0.01177346
  ],
  "CAKE": [
    1.39,
    1.39
  ],
  "VIRTUAL": [
    0.697302,
    0.693009
  ],
  "STX": [
    0.245588,
    0.244687
  ],
  "PENGU": [
    0.00709288,
    0.00706107
  ],
  "XTZ": [
    0.40027,
    0.398522
  ],
  "EURC": [
    1.16,
    1.16
  ],
  "SEI": [
    0.062899,
    0.063193
  ],
  "DCR": [
    24.74,
    24.51
  ],
  "JAAA": [
    1.027,
    1.027
  ],
  "DASH": [
    32.32,
    32.27
  ],
  "KITE": [
    0.215564,
    0.219585
  ],
  "FDUSD": [
    0.999377,
    0.999546
  ],
  "CHZ": [
    0.0363624,
    0.03621384
  ],
  "USX": [
    0.999818,
    0.999666
  ],
  "PRIME": [
    1.028,
    1.028
  ],
  "KAU": [
    146.85,
    146.89
  ],
  "CRV": [
    0.233642,
    0.233035
  ],
  "GNO": [
    131.52,
    130.88
  ],
  "SUN": [
    0.01755311,
    0.01776684
  ],
  "CFX": [
    0.064667,
    0.064589
  ],
  "BTT": [
    3.36672e-7,
    3.36519e-7
  ],
  "NFT": [
    3.34512e-7,
    3.34666e-7
  ],
  "USDAI": [
    0.999592,
    0.999427
  ],
  "ADI": [
    3.23,
    3.23
  ],
  "INJ": [
    3.1,
    3.09
  ],
  "KAIA": [
    0.051679,
    0.051771
  ],
  "TIA": [
    0.332604,
    0.331875
  ],
  "AERO": [
    0.320319,
    0.319357
  ],
  "AP3X": [
    0.205857,
    0.194959
  ],
  "BSV": [
    14.65,
    14.65
  ],
  "FLOKI": [
    0.00002982,
    0.00002969
  ],
  "DEXE": [
    6.25,
    6.07
  ],
  "SPX": [
    0.305953,
    0.304156
  ],
  "GRT": [
    0.02595756,
    0.02591448
  ],
  "JASMY": [
    0.00562755,
    0.00560788
  ],
  "FRAX": [
    0.992646,
    0.992555
  ],
  "SYRUP": [
    0.237209,
    0.236305
  ],
  "APEPE": [
    0.00000128,
    0.00000128
  ],
  "IOTA": [
    0.061496,
    0.061362
  ],
  "FO": [
    0.264063,
    0.264812
  ],
  "2Z": [
    0.075862,
    0.076055
  ],
  "LIT": [
    1.066,
    1.054
  ],
  "IP": [
    0.743371,
    0.742731
  ],
  "VVV": [
    5.85,
    5.76
  ],
  "CRVUSD": [
    0.999573,
    0.999075
  ],
  "OP": [
    0.122507,
    0.121659
  ],
  "LDO": [
    0.298855,
    0.29812
  ],
  "OHM": [
    16.11,
    16.08
  ],
  "PYTH": [
    0.04296354,
    0.04284203
  ],
  "ZBCN": [
    0.00252631,
    0.00245638
  ],
  "ENS": [
    6.2,
    6.2
  ],
  "BTSE": [
    1.47,
    1.47
  ],
  "MON": [
    0.02181851,
    0.02188833
  ],
  "TEL": [
    0.00245452,
    0.00245067
  ],
  "HNT": [
    1.25,
    1.24
  ],
  "B": [
    0.224392,
    0.224538
  ],
  "USDA": [
    0.984014,
    0.984014
  ],
  "AUSD": [
    0.999971,
    0.999825
  ],
  "SAND": [
    0.081073,
    0.080586
  ],
  "LUNC": [
    0.00003938,
    0.00003936
  ],
  "XPL": [
    0.09471,
    0.094414
  ],
  "TWT": [
    0.504317,
    0.506329
  ],
  "BCAP": [
    22.99,
    22.99
  ],
  "PENDLE": [
    1.27,
    1.26
  ],
  "STRK": [
    0.03662454,
    0.03689087
  ],
  "UDS": [
    1.67,
    1.66
  ],
  "GRASS": [
    0.382245,
    0.378509
  ],
  "AB": [
    0.00206388,
    0.00206343
  ],
  "BORG": [
    0.206498,
    0.206441
  ],
  "NUSD": [
    0.999573,
    0.999972
  ],
  "AXS": [
    1.19,
    1.18
  ],
  "FARTCOIN": [
    0.200674,
    0.19727
  ],
  "9BIT": [
    0.02379565,
    0.02408136
  ],
  "REUSD": [
    1.068,
    1.068
  ],
  "XCN": [
    0.00522796,
    0.00519145
  ],
  "USTBL": [
    1.078,
    1.078
  ],
  "NEO": [
    2.7,
    2.69
  ],
  "PC0000031": [
    1,
    1
  ],
  "REAL": [
    0.059728,
    0.059735
  ],
  "VSN": [
    0.052382,
    0.052403
  ],
  "COMP": [
    19.18,
    19.26
  ],
  "FLUID": [
    2.32,
    2.32
  ],
  "WAL": [
    0.080197,
    0.08011
  ],
  "WIF": [
    0.180098,
    0.179338
  ],
  "FDIT": [
    1,
    1
  ],
  "WFI": [
    2.16,
    2.17
  ],
  "IUSD": [
    0.999949,
    1
  ],
  "H": [
    0.095198,
    0.095027
  ],
  "ZK": [
    0.01868714,
    0.01861898
  ],
  "THETA": [
    0.170345,
    0.169658
  ],
  "CVX": [
    1.84,
    1.84
  ],
  "MANA": [
    0.087833,
    0.08706
  ],
  "S": [
    0.04427763,
    0.04421981
  ],
  "FF": [
    0.070867,
    0.070858
  ],
  "RAY": [
    0.61868,
    0.616134
  ],
  "MX": [
    1.79,
    1.79
  ]
}