{
  "FET": [
    0.20568,
    0.2092
  ],
  "FTN": [
    1.088,
    1.089
  ],
  "A7A5": [
    0.01195753,
    0.01190109
  ],
  "CAKE": [
    1.37,
    1.37
  ],
  "VIRTUAL": [
    0.657851,
    0.673868
  ],
  "PENGU": [
    0.0066854,
    0.00688282
  ],
  "DASH": [
    32.23,
    34.27
  ],
  "STX": [
    0.231439,
    0.234199
  ],
  "EURC": [
    1.16,
    1.15
  ],
  "ETHFI": [
    0.539841,
    0.536646
  ],
  "JAAA": [
    1.027,
    1.027
  ],
  "KITE": [
    0.219878,
    0.229894
  ],
  "XTZ": [
    0.378729,
    0.383254
  ],
  "SEI": [
    0.059226,
    0.060299
  ],
  "DCR": [
    23.05,
    23.25
  ],
  "FDUSD": [
    0.999306,
    0.999459
  ],
  "CHZ": [
    0.03466088,
    0.03508904
  ],
  "SUN": [
    0.01826509,
    0.01881707
  ],
  "USX": [
    0.99977,
    0.99966
  ],
  "PRIME": [
    1.028,
    1.027
  ],
  "DEXE": [
    7.14,
    7.42
  ],
  "KAU": [
    141.48,
    140.88
  ],
  "NFT": [
    3.32516e-7,
    3.33224e-7
  ],
  "USDAI": [
    0.999923,
    0.999767
  ],
  "GNO": [
    123.85,
    124.78
  ],
  "BTT": [
    3.31971e-7,
    3.29656e-7
  ],
  "CRV": [
    0.216381,
    0.217852
  ],
  "ADI": [
    3.28,
    3.28
  ],
  "CFX": [
    0.060202,
    0.060822
  ],
  "INJ": [
    2.95,
    2.97
  ],
  "KAIA": [
    0.050239,
    0.04968817
  ],
  "AERO": [
    0.306916,
    0.308658
  ],
  "TIA": [
    0.311911,
    0.317614
  ],
  "BSV": [
    14.03,
    14.13
  ],
  "VVV": [
    5.92,
    6.23
  ],
  "SPX": [
    0.287529,
    0.29825
  ],
  "FLOKI": [
    0.00002828,
    0.00002872
  ],
  "FRAX": [
    0.990131,
    0.989651
  ],
  "JASMY": [
    0.00532283,
    0.00543093
  ],
  "SYRUP": [
    0.228506,
    0.230598
  ],
  "FO": [
    0.264344,
    0.263694
  ],
  "APEPE": [
    0.00000125,
    0.00000125
  ],
  "GRT": [
    0.0244101,
    0.02439872
  ],
  "CRVUSD": [
    0.998351,
    0.997569
  ],
  "2Z": [
    0.072023,
    0.073191
  ],
  "IOTA": [
    0.05727,
    0.057737
  ],
  "OHM": [
    15.78,
    15.76
  ],
  "OP": [
    0.114498,
    0.116132
  ],
  "LDO": [
    0.282463,
    0.284679
  ],
  "BTSE": [
    1.45,
    1.45
  ],
  "LIT": [
    0.939594,
    0.929889
  ],
  "IP": [
    0.660062,
    0.657488
  ],
  "PYTH": [
    0.03837342,
    0.03978354
  ],
  "ENS": [
    5.86,
    5.93
  ],
  "MON": [
    0.02061741,
    0.02084647
  ],
  "ZBCN": [
    0.00226355,
    0.00226928
  ],
  "HNT": [
    1.16,
    1.2
  ],
  "B": [
    0.216827,
    0.217594
  ],
  "USDA": [
    0.984014,
    0.984014
  ],
  "AUSD": [
    0.999887,
    0.999879
  ],
  "XPL": [
    0.090976,
    0.093725
  ],
  "BCAP": [
    22.99,
    22.99
  ],
  "SAND": [
    0.07688,
    0.078058
  ],
  "TEL": [
    0.00229706,
    0.00219073
  ],
  "STRK": [
    0.03575792,
    0.03601855
  ],
  "TWT": [
    0.485769,
    0.487785
  ],
  "LUNC": [
    0.00003705,
    0.00003705
  ],
  "AB": [
    0.00202737,
    0.00202384
  ],
  "NUSD": [
    0.998957,
    0.998858
  ],
  "GRASS": [
    0.344334,
    0.368215
  ],
  "9BIT": [
    0.02419812,
    0.0241955
  ],
  "PENDLE": [
    1.17,
    1.18
  ],
  "USTBL": [
    1.078,
    1.078
  ],
  "BORG": [
    0.193073,
    0.193558
  ],
  "PC0000031": [
    1,
    1
  ],
  "FARTCOIN": [
    0.184822,
    0.189319
  ],
  "XCN": [
    0.00492286,
    0.00499229
  ],
  "UDS": [
    1.5,
    1.5
  ],
  "REAL": [
    0.057606,
    0.058895
  ],
  "VSN": [
    0.051654,
    0.051471
  ],
  "REUSD": [
    1.066,
    1.067
  ],
  "AXS": [
    1.087,
    1.089
  ],
  "NEO": [
    2.6,
    2.61
  ],
  "COMP": [
    18.41,
    18.62
  ],
  "WIF": [
    0.171662,
    0.177036
  ],
  "FDIT": [
    1,
    1
  ],
  "WAL": [
    0.077664,
    0.078029
  ],
  "H": [
    0.092021,
    0.095612
  ],
  "WFI": [
    2.11,
    2.1
  ],
  "FF": [
    0.071772,
    0.070775
  ],
  "MX": [
    1.79,
    1.79
  ],
  "MANA": [
    0.083578,
    0.084604
  ],
  "ZK": [
    0.01748467,
    0.01769029
  ],
  "KOGE": [
    47.99,
    47.98
  ],
  "CVX": [
    1.74,
    1.75
  ],
  "S": [
    0.04205653,
    0.04225091
  ],
  "THETA": [
    0.159276,
    0.158776
  ],
  "FT": [
    0.097485,
    0.097626
  ],
  "RAY": [
    0.582629,
    0.589681
  ],
  "SATUSD": [
    0.994285,
    0.992426
  ]
}