{
  "VIRTUAL": [
    0.728233,
    0.727605
  ],
  "FTN": [
    1.089,
    1.088
  ],
  "CAKE": [
    1.43,
    1.43
  ],
  "STX": [
    0.24993,
    0.248846
  ],
  "PENGU": [
    0.00731398,
    0.00726791
  ],
  "DCR": [
    26.46,
    26.27
  ],
  "A7A5": [
    0.01158698,
    0.01160435
  ],
  "SEI": [
    0.06438,
    0.063871
  ],
  "EURC": [
    1.16,
    1.16
  ],
  "XTZ": [
    0.401675,
    0.397052
  ],
  "ETHFI": [
    0.538728,
    0.53373
  ],
  "JAAA": [
    1.027,
    1.027
  ],
  "RIVER": [
    23.48,
    20.96
  ],
  "DASH": [
    31.77,
    31.82
  ],
  "KITE": [
    0.21652,
    0.21632
  ],
  "FDUSD": [
    0.999337,
    0.999871
  ],
  "CHZ": [
    0.03593877,
    0.03576482
  ],
  "USX": [
    0.999974,
    0.999621
  ],
  "KAU": [
    150.82,
    150.48
  ],
  "CRV": [
    0.240579,
    0.237155
  ],
  "GNO": [
    131.88,
    131.35
  ],
  "PRIME": [
    1.029,
    1.028
  ],
  "CFX": [
    0.06554,
    0.064781
  ],
  "SUN": [
    0.01746328,
    0.01732822
  ],
  "BTT": [
    3.35515e-7,
    3.3499e-7
  ],
  "NFT": [
    3.32716e-7,
    3.32797e-7
  ],
  "ADI": [
    3.34,
    3.34
  ],
  "USDAI": [
    0.999749,
    0.999631
  ],
  "INJ": [
    3.22,
    3.14
  ],
  "KAIA": [
    0.051926,
    0.051784
  ],
  "TIA": [
    0.340453,
    0.337101
  ],
  "LIT": [
    1.21,
    1.2
  ],
  "AERO": [
    0.326119,
    0.324916
  ],
  "BSV": [
    14.53,
    14.56
  ],
  "FLOKI": [
    0.00003044,
    0.00003006
  ],
  "SPX": [
    0.307917,
    0.31
  ],
  "GRT": [
    0.02627889,
    0.02625297
  ],
  "DEXE": [
    6.14,
    6.02
  ],
  "JASMY": [
    0.00566823,
    0.00566572
  ],
  "SYRUP": [
    0.239806,
    0.240844
  ],
  "FRAX": [
    0.993104,
    0.99316
  ],
  "IP": [
    0.772271,
    0.770157
  ],
  "IOTA": [
    0.062528,
    0.062258
  ],
  "APEPE": [
    0.00000129,
    0.00000128
  ],
  "2Z": [
    0.077682,
    0.076785
  ],
  "FO": [
    0.263527,
    0.263469
  ],
  "OP": [
    0.123792,
    0.123968
  ],
  "VVV": [
    5.84,
    5.77
  ],
  "BTSE": [
    1.59,
    1.6
  ],
  "CRVUSD": [
    0.997774,
    0.999165
  ],
  "OHM": [
    16.56,
    16.51
  ],
  "PYTH": [
    0.0449652,
    0.04461701
  ],
  "ZBCN": [
    0.00261186,
    0.00261774
  ],
  "LDO": [
    0.301444,
    0.298749
  ],
  "ENS": [
    6.34,
    6.26
  ],
  "MON": [
    0.02217488,
    0.02217836
  ],
  "HNT": [
    1.3,
    1.28
  ],
  "B": [
    0.243832,
    0.235835
  ],
  "TEL": [
    0.00249493,
    0.00248128
  ],
  "XPL": [
    0.100846,
    0.100751
  ],
  "SAND": [
    0.082943,
    0.082483
  ],
  "USDA": [
    0.984014,
    0.984014
  ],
  "AUSD": [
    0.999842,
    0.999752
  ],
  "LUNC": [
    0.00003976,
    0.00003963
  ],
  "UDS": [
    1.73,
    1.73
  ],
  "TWT": [
    0.512707,
    0.51128
  ],
  "AXS": [
    1.25,
    1.24
  ],
  "PENDLE": [
    1.27,
    1.27
  ],
  "GRASS": [
    0.390485,
    0.387117
  ],
  "BCAP": [
    22.99,
    22.99
  ],
  "AB": [
    0.00211128,
    0.00210667
  ],
  "FARTCOIN": [
    0.199726,
    0.207046
  ],
  "STRK": [
    0.03650792,
    0.03640351
  ],
  "NUSD": [
    0.998069,
    0.99947
  ],
  "BORG": [
    0.209714,
    0.205967
  ],
  "USTBL": [
    1.078,
    1.078
  ],
  "XCN": [
    0.00531312,
    0.00533787
  ],
  "REUSD": [
    1.068,
    1.068
  ],
  "9BIT": [
    0.02358661,
    0.02358337
  ],
  "NEO": [
    2.73,
    2.73
  ],
  "VSN": [
    0.053212,
    0.053481
  ],
  "PC0000031": [
    1,
    1
  ],
  "REAL": [
    0.059306,
    0.059565
  ],
  "COMP": [
    19.2,
    19.24
  ],
  "WFI": [
    2.23,
    2.25
  ],
  "WAL": [
    0.080319,
    0.081346
  ],
  "FDIT": [
    1,
    1
  ],
  "FLUID": [
    2.28,
    2.26
  ],
  "WIF": [
    0.175921,
    0.175423
  ],
  "MANA": [
    0.090819,
    0.090317
  ],
  "IUSD": [
    0.999042,
    1
  ],
  "ZK": [
    0.01911736,
    0.01892969
  ],
  "THETA": [
    0.173694,
    0.173236
  ],
  "S": [
    0.04506492,
    0.04485423
  ],
  "H": [
    0.092149,
    0.092055
  ],
  "CVX": [
    1.82,
    1.83
  ],
  "FF": [
    0.071191,
    0.070521
  ],
  "RAY": [
    0.613443,
    0.613941
  ],
  "MX": [
    1.79,
    1.79
  ],
  "KOGE": [
    48,
    47.99
  ]
}