{
  "A7A5": [
    0.01228925,
    0.01220674
  ],
  "FTN": [
    1.089,
    1.089
  ],
  "CAKE": [
    1.4,
    1.42
  ],
  "VIRTUAL": [
    0.686123,
    0.710619
  ],
  "STX": [
    0.239706,
    0.243493
  ],
  "PENGU": [
    0.00690318,
    0.00704835
  ],
  "RIVER": [
    22.83,
    21.52
  ],
  "DASH": [
    34.35,
    34.12
  ],
  "EURC": [
    1.16,
    1.16
  ],
  "XTZ": [
    0.393396,
    0.397169
  ],
  "KITE": [
    0.226748,
    0.235813
  ],
  "ETHFI": [
    0.518095,
    0.536129
  ],
  "JAAA": [
    1.027,
    1.027
  ],
  "SEI": [
    0.059922,
    0.060965
  ],
  "DCR": [
    22.11,
    22.51
  ],
  "FDUSD": [
    0.99916,
    0.999649
  ],
  "CHZ": [
    0.03556126,
    0.03590848
  ],
  "SUN": [
    0.0195756,
    0.01903299
  ],
  "USX": [
    0.999507,
    0.999533
  ],
  "PRIME": [
    1.026,
    1.029
  ],
  "GNO": [
    127.81,
    129.24
  ],
  "DEXE": [
    7.46,
    7.29
  ],
  "KAU": [
    139.69,
    141.72
  ],
  "ADI": [
    3.33,
    3.44
  ],
  "CRV": [
    0.220353,
    0.223974
  ],
  "NFT": [
    3.33733e-7,
    3.33136e-7
  ],
  "BTT": [
    3.31805e-7,
    3.32967e-7
  ],
  "CFX": [
    0.060676,
    0.06163
  ],
  "AERO": [
    0.338038,
    0.344477
  ],
  "USDAI": [
    0.999682,
    0.999694
  ],
  "INJ": [
    3.06,
    3.07
  ],
  "KAIA": [
    0.05038,
    0.051029
  ],
  "TIA": [
    0.32657,
    0.331102
  ],
  "FLOKI": [
    0.00002913,
    0.00002956
  ],
  "BSV": [
    14.09,
    14.24
  ],
  "JASMY": [
    0.00554055,
    0.00564496
  ],
  "SPX": [
    0.291807,
    0.299012
  ],
  "FRAX": [
    0.991251,
    0.991701
  ],
  "GRT": [
    0.02501164,
    0.02537637
  ],
  "SYRUP": [
    0.23001,
    0.231915
  ],
  "2Z": [
    0.075721,
    0.076151
  ],
  "APEPE": [
    0.00000126,
    0.00000126
  ],
  "FO": [
    0.262952,
    0.263039
  ],
  "CRVUSD": [
    1,
    0.999641
  ],
  "VVV": [
    5.58,
    5.74
  ],
  "IOTA": [
    0.058006,
    0.058504
  ],
  "LDO": [
    0.29076,
    0.295069
  ],
  "OHM": [
    15.66,
    15.89
  ],
  "OP": [
    0.112243,
    0.11429
  ],
  "ZBCN": [
    0.00239432,
    0.00244359
  ],
  "LIT": [
    0.942659,
    0.953832
  ],
  "HNT": [
    1.3,
    1.29
  ],
  "MON": [
    0.02128015,
    0.02192271
  ],
  "ENS": [
    6.07,
    6.16
  ],
  "BTSE": [
    1.46,
    1.46
  ],
  "PYTH": [
    0.03989934,
    0.04056971
  ],
  "IP": [
    0.646485,
    0.658031
  ],
  "UDS": [
    1.8,
    1.8
  ],
  "TEL": [
    0.00228122,
    0.00229117
  ],
  "USDA": [
    0.983747,
    0.984821
  ],
  "XPL": [
    0.094471,
    0.096728
  ],
  "AUSD": [
    0.999904,
    1
  ],
  "SAND": [
    0.079796,
    0.080854
  ],
  "LUNC": [
    0.00003882,
    0.00003914
  ],
  "B": [
    0.211608,
    0.212679
  ],
  "STRK": [
    0.03641077,
    0.0369599
  ],
  "BCAP": [
    22.89,
    22.89
  ],
  "PENDLE": [
    1.22,
    1.26
  ],
  "TWT": [
    0.495694,
    0.500493
  ],
  "AB": [
    0.00201978,
    0.00201948
  ],
  "9BIT": [
    0.02410917,
    0.02412977
  ],
  "XCN": [
    0.00519901,
    0.00527648
  ],
  "REAL": [
    0.060411,
    0.061576
  ],
  "BORG": [
    0.197546,
    0.197357
  ],
  "USTBL": [
    1.078,
    1.078
  ],
  "NEO": [
    2.68,
    2.7
  ],
  "AXS": [
    1.1,
    1.12
  ],
  "PC0000031": [
    1,
    1
  ],
  "NUSD": [
    0.99967,
    0.999273
  ],
  "WIF": [
    0.187443,
    0.189227
  ],
  "VSN": [
    0.052753,
    0.052369
  ],
  "COMP": [
    18.98,
    19.18
  ],
  "GRASS": [
    0.330649,
    0.340419
  ],
  "REUSD": [
    1.067,
    1.067
  ],
  "WFI": [
    2.2,
    2.21
  ],
  "WAL": [
    0.078996,
    0.080484
  ],
  "FARTCOIN": [
    0.17611,
    0.179871
  ],
  "ZK": [
    0.01835214,
    0.01859638
  ],
  "H": [
    0.095997,
    0.095267
  ],
  "MANA": [
    0.087029,
    0.08835
  ],
  "S": [
    0.04367202,
    0.04500852
  ],
  "FDIT": [
    1,
    1
  ],
  "CVX": [
    1.81,
    1.83
  ],
  "FF": [
    0.071695,
    0.07083
  ],
  "MX": [
    1.79,
    1.79
  ],
  "RAY": [
    0.601303,
    0.611283
  ],
  "THETA": [
    0.162633,
    0.163414
  ],
  "KOGE": [
    47.98,
    47.99
  ],
  "SATUSD": [
    0.998104,
    0.99599
  ],
  "FT": [
    0.096623,
    0.096684
  ]
}