{
  "A7A5": [
    0.01249796,
    0.01249879
  ],
  "VIRTUAL": [
    0.726192,
    0.724815
  ],
  "FTN": [
    1.088,
    1.088
  ],
  "CAKE": [
    1.41,
    1.41
  ],
  "KITE": [
    0.252112,
    0.251002
  ],
  "RIVER": [
    22.41,
    22.86
  ],
  "STX": [
    0.242261,
    0.242899
  ],
  "PENGU": [
    0.00706135,
    0.00709247
  ],
  "DASH": [
    34.33,
    34.32
  ],
  "XTZ": [
    0.399315,
    0.399835
  ],
  "EURC": [
    1.16,
    1.16
  ],
  "ETHFI": [
    0.532619,
    0.533539
  ],
  "SEI": [
    0.060512,
    0.060782
  ],
  "JAAA": [
    1.027,
    1.027
  ],
  "FDUSD": [
    0.998975,
    0.999502
  ],
  "CHZ": [
    0.03594537,
    0.03595868
  ],
  "DCR": [
    20.86,
    20.92
  ],
  "USX": [
    0.99963,
    0.999539
  ],
  "ADI": [
    3.62,
    3.65
  ],
  "PRIME": [
    1.027,
    1.028
  ],
  "KAU": [
    143.93,
    144.01
  ],
  "SUN": [
    0.01809208,
    0.01767058
  ],
  "GNO": [
    127.91,
    128.67
  ],
  "CRV": [
    0.225083,
    0.226067
  ],
  "DEXE": [
    7.11,
    7.06
  ],
  "NFT": [
    3.31662e-7,
    3.32793e-7
  ],
  "BTT": [
    3.32243e-7,
    3.32561e-7
  ],
  "CFX": [
    0.061451,
    0.061715
  ],
  "USDAI": [
    0.999793,
    0.999706
  ],
  "INJ": [
    3.05,
    3.06
  ],
  "KAIA": [
    0.050954,
    0.051557
  ],
  "AERO": [
    0.327163,
    0.3241
  ],
  "TIA": [
    0.331071,
    0.332123
  ],
  "FLOKI": [
    0.00002983,
    0.00002994
  ],
  "BSV": [
    14.24,
    14.28
  ],
  "VVV": [
    6.18,
    6.28
  ],
  "SPX": [
    0.297377,
    0.298333
  ],
  "JASMY": [
    0.00555973,
    0.00557082
  ],
  "FRAX": [
    0.991207,
    0.990723
  ],
  "GRT": [
    0.02515807,
    0.02523259
  ],
  "SYRUP": [
    0.232675,
    0.2336
  ],
  "APEPE": [
    0.00000127,
    0.00000128
  ],
  "2Z": [
    0.075917,
    0.075845
  ],
  "FO": [
    0.263675,
    0.263748
  ],
  "CRVUSD": [
    0.99932,
    0.998728
  ],
  "IOTA": [
    0.058819,
    0.058976
  ],
  "MON": [
    0.02349793,
    0.02335821
  ],
  "LIT": [
    0.997129,
    1.008
  ],
  "LDO": [
    0.293986,
    0.294851
  ],
  "OHM": [
    15.91,
    16
  ],
  "OP": [
    0.113226,
    0.113829
  ],
  "BTSE": [
    1.45,
    1.45
  ],
  "ENS": [
    6.08,
    6.1
  ],
  "PYTH": [
    0.03999612,
    0.04016352
  ],
  "HNT": [
    1.26,
    1.24
  ],
  "IP": [
    0.647726,
    0.648998
  ],
  "ZBCN": [
    0.00232944,
    0.00231837
  ],
  "UDS": [
    1.79,
    1.78
  ],
  "B": [
    0.221002,
    0.220798
  ],
  "XPL": [
    0.097506,
    0.097633
  ],
  "SAND": [
    0.081515,
    0.081744
  ],
  "USDA": [
    0.984505,
    0.98457
  ],
  "AUSD": [
    0.999914,
    0.999849
  ],
  "TEL": [
    0.00225052,
    0.00226173
  ],
  "LUNC": [
    0.0000386,
    0.00003863
  ],
  "STRK": [
    0.03704793,
    0.03708418
  ],
  "BCAP": [
    22.89,
    22.89
  ],
  "PENDLE": [
    1.24,
    1.24
  ],
  "TWT": [
    0.493393,
    0.493424
  ],
  "AB": [
    0.00202224,
    0.00201856
  ],
  "XCN": [
    0.00526408,
    0.00529328
  ],
  "9BIT": [
    0.02409368,
    0.02411717
  ],
  "NEO": [
    2.8,
    2.8
  ],
  "USTBL": [
    1.078,
    1.078
  ],
  "REAL": [
    0.060629,
    0.061072
  ],
  "WIF": [
    0.192673,
    0.192121
  ],
  "BORG": [
    0.194004,
    0.194225
  ],
  "AXS": [
    1.12,
    1.12
  ],
  "COMP": [
    19.59,
    19.65
  ],
  "PC0000031": [
    1,
    1
  ],
  "FARTCOIN": [
    0.184762,
    0.187736
  ],
  "NUSD": [
    0.999281,
    0.997748
  ],
  "GRASS": [
    0.33925,
    0.345851
  ],
  "VSN": [
    0.051449,
    0.051534
  ],
  "WFI": [
    2.23,
    2.24
  ],
  "REUSD": [
    1.068,
    1.068
  ],
  "WAL": [
    0.080585,
    0.080734
  ],
  "ZK": [
    0.01850196,
    0.01843588
  ],
  "H": [
    0.093696,
    0.094063
  ],
  "MANA": [
    0.088428,
    0.088532
  ],
  "FDIT": [
    1,
    1
  ],
  "FF": [
    0.071939,
    0.071786
  ],
  "S": [
    0.04358668,
    0.04359832
  ],
  "MX": [
    1.79,
    1.79
  ],
  "RAY": [
    0.60863,
    0.609975
  ],
  "CVX": [
    1.78,
    1.79
  ],
  "BAT": [
    0.110162,
    0.108708
  ],
  "THETA": [
    0.162243,
    0.162622
  ],
  "KOGE": [
    47.97,
    47.97
  ],
  "SATUSD": [
    0.996546,
    0.994765
  ]
}