{
  "FET": [
    0.207284,
    0.217594
  ],
  "A7A5": [
    0.01209733,
    0.01217554
  ],
  "FTN": [
    1.088,
    1.089
  ],
  "CAKE": [
    1.36,
    1.41
  ],
  "VIRTUAL": [
    0.66527,
    0.693746
  ],
  "PENGU": [
    0.00672447,
    0.00700821
  ],
  "STX": [
    0.23189,
    0.239445
  ],
  "ETHFI": [
    0.527514,
    0.54724
  ],
  "DASH": [
    33.1,
    33.96
  ],
  "EURC": [
    1.15,
    1.16
  ],
  "JAAA": [
    1.027,
    1.027
  ],
  "XTZ": [
    0.37983,
    0.390133
  ],
  "SEI": [
    0.059222,
    0.061467
  ],
  "KITE": [
    0.226465,
    0.226216
  ],
  "DCR": [
    23.06,
    23.36
  ],
  "FDUSD": [
    0.999025,
    0.999221
  ],
  "CHZ": [
    0.03451551,
    0.03550793
  ],
  "PRIME": [
    1.017,
    1.047
  ],
  "USX": [
    0.99976,
    0.999751
  ],
  "SUN": [
    0.01850986,
    0.01850203
  ],
  "DEXE": [
    7.41,
    7.52
  ],
  "GNO": [
    121.5,
    128.09
  ],
  "CRV": [
    0.215412,
    0.225479
  ],
  "NFT": [
    3.33023e-7,
    3.33853e-7
  ],
  "USDAI": [
    0.999852,
    0.99985
  ],
  "BTT": [
    3.28952e-7,
    3.32985e-7
  ],
  "KAU": [
    133.81,
    136.88
  ],
  "ADI": [
    3.28,
    3.29
  ],
  "CFX": [
    0.060236,
    0.060957
  ],
  "INJ": [
    2.93,
    3.05
  ],
  "KAIA": [
    0.04933596,
    0.050969
  ],
  "AERO": [
    0.305376,
    0.316185
  ],
  "TIA": [
    0.313143,
    0.324905
  ],
  "BSV": [
    13.98,
    14.44
  ],
  "SPX": [
    0.291456,
    0.307787
  ],
  "FLOKI": [
    0.00002836,
    0.00002943
  ],
  "VVV": [
    6.21,
    6.12
  ],
  "JASMY": [
    0.00537565,
    0.00553197
  ],
  "FRAX": [
    0.99148,
    0.990964
  ],
  "SYRUP": [
    0.227369,
    0.233897
  ],
  "GRT": [
    0.02417026,
    0.0249013
  ],
  "APEPE": [
    0.00000126,
    0.00000127
  ],
  "FO": [
    0.263444,
    0.263024
  ],
  "CRVUSD": [
    0.998412,
    0.991447
  ],
  "2Z": [
    0.072755,
    0.074183
  ],
  "IOTA": [
    0.057061,
    0.058347
  ],
  "OP": [
    0.113738,
    0.117963
  ],
  "OHM": [
    15.81,
    15.94
  ],
  "LDO": [
    0.281081,
    0.292213
  ],
  "PYTH": [
    0.03928615,
    0.04105848
  ],
  "BTSE": [
    1.45,
    1.45
  ],
  "LIT": [
    0.920213,
    0.939951
  ],
  "MON": [
    0.02115607,
    0.02170185
  ],
  "ENS": [
    5.85,
    6.11
  ],
  "IP": [
    0.648177,
    0.66339
  ],
  "HNT": [
    1.21,
    1.25
  ],
  "ZBCN": [
    0.00224545,
    0.00232585
  ],
  "USDA": [
    0.984014,
    0.984014
  ],
  "B": [
    0.214109,
    0.215923
  ],
  "AUSD": [
    1,
    1
  ],
  "TEL": [
    0.00215807,
    0.00225793
  ],
  "XPL": [
    0.091429,
    0.095915
  ],
  "SAND": [
    0.077129,
    0.080074
  ],
  "BCAP": [
    22.99,
    22.99
  ],
  "TWT": [
    0.47969,
    0.498724
  ],
  "STRK": [
    0.03542769,
    0.03664508
  ],
  "LUNC": [
    0.00003666,
    0.00003762
  ],
  "AB": [
    0.00202125,
    0.00202146
  ],
  "NUSD": [
    0.999533,
    0.997707
  ],
  "9BIT": [
    0.02414681,
    0.02418175
  ],
  "BORG": [
    0.190889,
    0.201683
  ],
  "PENDLE": [
    1.15,
    1.19
  ],
  "USTBL": [
    1.078,
    1.078
  ],
  "REAL": [
    0.058837,
    0.061247
  ],
  "FARTCOIN": [
    0.183584,
    0.19217
  ],
  "GRASS": [
    0.352742,
    0.352625
  ],
  "XCN": [
    0.00489312,
    0.00506566
  ],
  "PC0000031": [
    1,
    1
  ],
  "NEO": [
    2.6,
    2.68
  ],
  "UDS": [
    1.49,
    1.51
  ],
  "VSN": [
    0.051746,
    0.05227
  ],
  "COMP": [
    18.51,
    19.07
  ],
  "AXS": [
    1.075,
    1.09
  ],
  "REUSD": [
    1.066,
    1.067
  ],
  "WFI": [
    2.12,
    2.19
  ],
  "WAL": [
    0.076649,
    0.079662
  ],
  "WIF": [
    0.174147,
    0.178068
  ],
  "H": [
    0.095319,
    0.096746
  ],
  "FDIT": [
    1,
    1
  ],
  "CVX": [
    1.75,
    1.85
  ],
  "MANA": [
    0.083686,
    0.086878
  ],
  "FF": [
    0.070331,
    0.071787
  ],
  "S": [
    0.04201004,
    0.04386665
  ],
  "ZK": [
    0.01731931,
    0.0179679
  ],
  "MX": [
    1.79,
    1.79
  ],
  "RAY": [
    0.58313,
    0.603781
  ],
  "KOGE": [
    47.98,
    47.98
  ],
  "THETA": [
    0.156498,
    0.161939
  ],
  "SATUSD": [
    0.994736,
    0.994241
  ],
  "FT": [
    0.097522,
    0.097179
  ]
}