{
  "TUSD": [
    0.999361
  ],
  "FTN": [
    1.089,
    1.089
  ],
  "ETHFI": [
    0.585852,
    0.592696
  ],
  "A7A5": [
    0.01171651,
    0.01171695
  ],
  "VIRTUAL": [
    0.697498,
    0.694726
  ],
  "CAKE": [
    1.37,
    1.37
  ],
  "STX": [
    0.246008,
    0.245606
  ],
  "PENGU": [
    0.00707039,
    0.00706366
  ],
  "DCR": [
    25.13,
    25.17
  ],
  "EURC": [
    1.16,
    1.16
  ],
  "XTZ": [
    0.394375,
    0.395029
  ],
  "SEI": [
    0.063017,
    0.063098
  ],
  "JAAA": [
    1.027,
    1.027
  ],
  "DASH": [
    32.73,
    32.84
  ],
  "KITE": [
    0.221953,
    0.218042
  ],
  "FDUSD": [
    0.999692,
    0.999255
  ],
  "CHZ": [
    0.03622079,
    0.03616421
  ],
  "USX": [
    0.99984,
    0.99969
  ],
  "PRIME": [
    1.028,
    1.028
  ],
  "KAU": [
    147.67,
    147.65
  ],
  "CRV": [
    0.234675,
    0.234732
  ],
  "GNO": [
    130.48,
    130
  ],
  "SUN": [
    0.01772695,
    0.01784497
  ],
  "USDAI": [
    1,
    0.999915
  ],
  "BTT": [
    3.3662e-7,
    3.36453e-7
  ],
  "CFX": [
    0.064068,
    0.063719
  ],
  "NFT": [
    3.33558e-7,
    3.33639e-7
  ],
  "ADI": [
    3.24,
    3.24
  ],
  "INJ": [
    3.12,
    3.12
  ],
  "KAIA": [
    0.05121,
    0.051321
  ],
  "TIA": [
    0.333766,
    0.333359
  ],
  "AERO": [
    0.321197,
    0.321203
  ],
  "DEXE": [
    6.15,
    6.23
  ],
  "BSV": [
    14.53,
    14.54
  ],
  "FLOKI": [
    0.00002985,
    0.00002978
  ],
  "SPX": [
    0.304521,
    0.304162
  ],
  "JASMY": [
    0.00566923,
    0.0056794
  ],
  "GRT": [
    0.02603552,
    0.02602357
  ],
  "VVV": [
    6.2,
    6.1
  ],
  "SYRUP": [
    0.235549,
    0.236454
  ],
  "FRAX": [
    0.992279,
    0.992108
  ],
  "APEPE": [
    0.00000128,
    0.00000128
  ],
  "IOTA": [
    0.061575,
    0.061519
  ],
  "LIT": [
    1.049,
    1.058
  ],
  "FO": [
    0.2639,
    0.264123
  ],
  "2Z": [
    0.075701,
    0.075712
  ],
  "IP": [
    0.740807,
    0.74164
  ],
  "OP": [
    0.122847,
    0.122715
  ],
  "CRVUSD": [
    0.999689,
    1
  ],
  "LDO": [
    0.298524,
    0.298258
  ],
  "ZBCN": [
    0.00252412,
    0.00254793
  ],
  "OHM": [
    15.91,
    15.91
  ],
  "PYTH": [
    0.04315795,
    0.04297044
  ],
  "MON": [
    0.0218778,
    0.02198395
  ],
  "ENS": [
    6.22,
    6.2
  ],
  "BTSE": [
    1.46,
    1.46
  ],
  "TEL": [
    0.00244447,
    0.00244448
  ],
  "HNT": [
    1.23,
    1.23
  ],
  "STRK": [
    0.03952734,
    0.03978706
  ],
  "B": [
    0.217572,
    0.218268
  ],
  "USDA": [
    0.984014,
    0.984014
  ],
  "XPL": [
    0.096382,
    0.096461
  ],
  "SAND": [
    0.081291,
    0.081184
  ],
  "AUSD": [
    1,
    0.999828
  ],
  "LUNC": [
    0.0000395,
    0.00003958
  ],
  "TWT": [
    0.501955,
    0.505505
  ],
  "BCAP": [
    22.99,
    22.99
  ],
  "PENDLE": [
    1.26,
    1.26
  ],
  "GRASS": [
    0.384606,
    0.3828
  ],
  "AXS": [
    1.19,
    1.2
  ],
  "AB": [
    0.00205224,
    0.00205016
  ],
  "NUSD": [
    0.999241,
    0.999682
  ],
  "BORG": [
    0.201743,
    0.202093
  ],
  "9BIT": [
    0.02422326,
    0.02416227
  ],
  "XCN": [
    0.00523891,
    0.00522876
  ],
  "FARTCOIN": [
    0.195805,
    0.195834
  ],
  "REUSD": [
    1.068,
    1.068
  ],
  "USTBL": [
    1.078,
    1.078
  ],
  "UDS": [
    1.55,
    1.55
  ],
  "VSN": [
    0.052792,
    0.052986
  ],
  "PC0000031": [
    1,
    1
  ],
  "REAL": [
    0.059596,
    0.059649
  ],
  "NEO": [
    2.67,
    2.67
  ],
  "COMP": [
    19.21,
    19.23
  ],
  "FLUID": [
    2.34,
    2.34
  ],
  "WIF": [
    0.181919,
    0.180525
  ],
  "WAL": [
    0.079752,
    0.079938
  ],
  "IUSD": [
    0.999411,
    0.999325
  ],
  "WFI": [
    2.15,
    2.16
  ],
  "FDIT": [
    1,
    1
  ],
  "ZK": [
    0.01884776,
    0.01881114
  ],
  "H": [
    0.0945,
    0.094942
  ],
  "MANA": [
    0.088019,
    0.087861
  ],
  "S": [
    0.04508713,
    0.04483846
  ],
  "THETA": [
    0.16971,
    0.169448
  ],
  "CVX": [
    1.83,
    1.84
  ],
  "FF": [
    0.070884,
    0.070866
  ],
  "RAY": [
    0.616332,
    0.615928
  ],
  "MX": [
    1.79,
    1.79
  ],
  "KOGE": [
    47.99,
    47.99
  ]
}