{
  "A7A5": [
    0.01249727,
    0.01249796
  ],
  "VIRTUAL": [
    0.728447,
    0.726192
  ],
  "FTN": [
    1.089,
    1.088
  ],
  "CAKE": [
    1.41,
    1.41
  ],
  "KITE": [
    0.253576,
    0.252112
  ],
  "STX": [
    0.242526,
    0.242261
  ],
  "PENGU": [
    0.00705979,
    0.00706135
  ],
  "RIVER": [
    23.03,
    22.41
  ],
  "DASH": [
    34.26,
    34.33
  ],
  "XTZ": [
    0.39835,
    0.399315
  ],
  "EURC": [
    1.16,
    1.16
  ],
  "ETHFI": [
    0.535495,
    0.532619
  ],
  "SEI": [
    0.060478,
    0.060512
  ],
  "JAAA": [
    1.027,
    1.027
  ],
  "FDUSD": [
    0.998851,
    0.998975
  ],
  "CHZ": [
    0.03594177,
    0.03594537
  ],
  "DCR": [
    20.66,
    20.86
  ],
  "USX": [
    0.999538,
    0.99963
  ],
  "ADI": [
    3.61,
    3.62
  ],
  "PRIME": [
    1.027,
    1.027
  ],
  "SUN": [
    0.01793765,
    0.01809208
  ],
  "KAU": [
    143.81,
    143.93
  ],
  "GNO": [
    127.75,
    127.91
  ],
  "CRV": [
    0.224858,
    0.225083
  ],
  "DEXE": [
    7.16,
    7.11
  ],
  "NFT": [
    3.31887e-7,
    3.31662e-7
  ],
  "BTT": [
    3.32163e-7,
    3.32243e-7
  ],
  "CFX": [
    0.061739,
    0.061451
  ],
  "USDAI": [
    0.999876,
    0.999793
  ],
  "INJ": [
    3.04,
    3.05
  ],
  "AERO": [
    0.325364,
    0.327163
  ],
  "KAIA": [
    0.051322,
    0.050954
  ],
  "TIA": [
    0.329856,
    0.331071
  ],
  "FLOKI": [
    0.00002974,
    0.00002983
  ],
  "BSV": [
    14.25,
    14.24
  ],
  "VVV": [
    6.01,
    6.18
  ],
  "SPX": [
    0.296877,
    0.297377
  ],
  "JASMY": [
    0.00556242,
    0.00555973
  ],
  "FRAX": [
    0.991269,
    0.991207
  ],
  "GRT": [
    0.02523915,
    0.02515807
  ],
  "SYRUP": [
    0.231867,
    0.232675
  ],
  "APEPE": [
    0.00000128,
    0.00000127
  ],
  "2Z": [
    0.075923,
    0.075917
  ],
  "FO": [
    0.263688,
    0.263675
  ],
  "CRVUSD": [
    0.998938,
    0.99932
  ],
  "IOTA": [
    0.058704,
    0.058819
  ],
  "MON": [
    0.02337125,
    0.02349793
  ],
  "LIT": [
    0.990758,
    0.997129
  ],
  "LDO": [
    0.294359,
    0.293986
  ],
  "OHM": [
    15.97,
    15.91
  ],
  "OP": [
    0.112851,
    0.113226
  ],
  "BTSE": [
    1.45,
    1.45
  ],
  "ENS": [
    6.08,
    6.08
  ],
  "HNT": [
    1.26,
    1.26
  ],
  "PYTH": [
    0.0401557,
    0.03999612
  ],
  "IP": [
    0.64982,
    0.647726
  ],
  "ZBCN": [
    0.00233869,
    0.00232944
  ],
  "UDS": [
    1.79,
    1.79
  ],
  "B": [
    0.220992,
    0.221002
  ],
  "XPL": [
    0.097588,
    0.097506
  ],
  "SAND": [
    0.081605,
    0.081515
  ],
  "USDA": [
    0.984451,
    0.984505
  ],
  "AUSD": [
    0.999854,
    0.999914
  ],
  "TEL": [
    0.00225694,
    0.00225052
  ],
  "LUNC": [
    0.00003884,
    0.0000386
  ],
  "STRK": [
    0.03719659,
    0.03704793
  ],
  "BCAP": [
    22.89,
    22.89
  ],
  "TWT": [
    0.495345,
    0.493393
  ],
  "PENDLE": [
    1.24,
    1.24
  ],
  "AB": [
    0.00201781,
    0.00202224
  ],
  "9BIT": [
    0.02411118,
    0.02409368
  ],
  "XCN": [
    0.00522121,
    0.00526408
  ],
  "NEO": [
    2.79,
    2.8
  ],
  "USTBL": [
    1.078,
    1.078
  ],
  "WIF": [
    0.193388,
    0.192673
  ],
  "REAL": [
    0.06063,
    0.060629
  ],
  "BORG": [
    0.194061,
    0.194004
  ],
  "PC0000031": [
    1,
    1
  ],
  "COMP": [
    19.6,
    19.59
  ],
  "AXS": [
    1.12,
    1.12
  ],
  "NUSD": [
    0.999584,
    0.999281
  ],
  "VSN": [
    0.051435,
    0.051449
  ],
  "FARTCOIN": [
    0.185418,
    0.184762
  ],
  "GRASS": [
    0.343518,
    0.33925
  ],
  "WFI": [
    2.24,
    2.23
  ],
  "REUSD": [
    1.068,
    1.068
  ],
  "WAL": [
    0.080162,
    0.080585
  ],
  "ZK": [
    0.01842849,
    0.01850196
  ],
  "H": [
    0.094577,
    0.093696
  ],
  "MANA": [
    0.088744,
    0.088428
  ],
  "FDIT": [
    1,
    1
  ],
  "FF": [
    0.072076,
    0.071939
  ],
  "S": [
    0.04361186,
    0.04358668
  ],
  "BAT": [
    0.110676,
    0.110162
  ],
  "MX": [
    1.79,
    1.79
  ],
  "RAY": [
    0.608327,
    0.60863
  ],
  "CVX": [
    1.77,
    1.78
  ],
  "THETA": [
    0.162668,
    0.162243
  ],
  "KOGE": [
    47.97,
    47.97
  ],
  "SATUSD": [
    0.994684,
    0.996546
  ]
}