{
  "FTN": [
    1.089,
    1.089
  ],
  "ETHFI": [
    0.568267,
    0.591638
  ],
  "A7A5": [
    0.01177467,
    0.01177417
  ],
  "VIRTUAL": [
    0.704329,
    0.701814
  ],
  "CAKE": [
    1.4,
    1.39
  ],
  "DCR": [
    26.22,
    26.35
  ],
  "STX": [
    0.245418,
    0.245018
  ],
  "PENGU": [
    0.00713409,
    0.00711151
  ],
  "XTZ": [
    0.403128,
    0.398949
  ],
  "SEI": [
    0.063508,
    0.063626
  ],
  "EURC": [
    1.16,
    1.16
  ],
  "RIVER": [
    22.18,
    21.72
  ],
  "JAAA": [
    1.027,
    1.027
  ],
  "DASH": [
    32.08,
    32.08
  ],
  "KITE": [
    0.217458,
    0.215603
  ],
  "FDUSD": [
    0.999851,
    0.999653
  ],
  "CHZ": [
    0.03609211,
    0.03623718
  ],
  "USX": [
    0.999829,
    0.999829
  ],
  "PRIME": [
    1.028,
    1.027
  ],
  "KAU": [
    147.36,
    147.4
  ],
  "CRV": [
    0.235523,
    0.234812
  ],
  "GNO": [
    130.9,
    130.82
  ],
  "SUN": [
    0.01764814,
    0.0177301
  ],
  "CFX": [
    0.064884,
    0.065176
  ],
  "BTT": [
    3.35759e-7,
    3.36563e-7
  ],
  "NFT": [
    3.32605e-7,
    3.34081e-7
  ],
  "USDAI": [
    0.999812,
    0.999882
  ],
  "ADI": [
    3.23,
    3.24
  ],
  "INJ": [
    3.09,
    3.08
  ],
  "KAIA": [
    0.0515,
    0.051191
  ],
  "TIA": [
    0.33388,
    0.333415
  ],
  "AERO": [
    0.321266,
    0.32013
  ],
  "BSV": [
    14.68,
    14.73
  ],
  "DEXE": [
    6.08,
    6.17
  ],
  "FLOKI": [
    0.00002973,
    0.00002975
  ],
  "SPX": [
    0.305213,
    0.304346
  ],
  "GRT": [
    0.02609288,
    0.02604689
  ],
  "JASMY": [
    0.00563154,
    0.00562945
  ],
  "SYRUP": [
    0.237779,
    0.238883
  ],
  "FRAX": [
    0.992444,
    0.992555
  ],
  "APEPE": [
    0.00000129,
    0.00000129
  ],
  "LIT": [
    1.066,
    1.072
  ],
  "IOTA": [
    0.061813,
    0.061532
  ],
  "2Z": [
    0.076403,
    0.076805
  ],
  "FO": [
    0.263873,
    0.263953
  ],
  "IP": [
    0.754147,
    0.745651
  ],
  "OP": [
    0.123802,
    0.122754
  ],
  "ZBCN": [
    0.00270371,
    0.00265129
  ],
  "CRVUSD": [
    0.998943,
    0.99804
  ],
  "OHM": [
    16.33,
    16.27
  ],
  "LDO": [
    0.298639,
    0.298345
  ],
  "PYTH": [
    0.04341904,
    0.04345938
  ],
  "VVV": [
    5.54,
    5.54
  ],
  "BTSE": [
    1.45,
    1.48
  ],
  "ENS": [
    6.25,
    6.24
  ],
  "MON": [
    0.02245709,
    0.02194701
  ],
  "HNT": [
    1.27,
    1.27
  ],
  "TEL": [
    0.00244981,
    0.00244791
  ],
  "B": [
    0.22196,
    0.221637
  ],
  "SAND": [
    0.081937,
    0.081492
  ],
  "USDA": [
    0.984014,
    0.984014
  ],
  "AUSD": [
    0.999939,
    0.999952
  ],
  "XPL": [
    0.094335,
    0.095689
  ],
  "LUNC": [
    0.00003953,
    0.0000393
  ],
  "TWT": [
    0.502487,
    0.512818
  ],
  "PENDLE": [
    1.27,
    1.27
  ],
  "BCAP": [
    22.99,
    22.99
  ],
  "UDS": [
    1.7,
    1.68
  ],
  "GRASS": [
    0.368728,
    0.381933
  ],
  "AB": [
    0.00207782,
    0.00206135
  ],
  "AXS": [
    1.21,
    1.2
  ],
  "STRK": [
    0.03559659,
    0.03577823
  ],
  "NUSD": [
    1.001,
    0.999861
  ],
  "BORG": [
    0.202264,
    0.203073
  ],
  "FARTCOIN": [
    0.197882,
    0.195284
  ],
  "REUSD": [
    1.068,
    1.068
  ],
  "XCN": [
    0.00522558,
    0.00520552
  ],
  "USTBL": [
    1.078,
    1.078
  ],
  "NEO": [
    2.75,
    2.71
  ],
  "PC0000031": [
    1,
    1
  ],
  "VSN": [
    0.052729,
    0.052647
  ],
  "REAL": [
    0.059324,
    0.059602
  ],
  "9BIT": [
    0.02290071,
    0.02288794
  ],
  "COMP": [
    19.03,
    19.37
  ],
  "FLUID": [
    2.27,
    2.33
  ],
  "WFI": [
    2.22,
    2.21
  ],
  "WAL": [
    0.080394,
    0.080298
  ],
  "WIF": [
    0.178717,
    0.178702
  ],
  "FDIT": [
    1,
    1
  ],
  "IUSD": [
    1,
    0.999528
  ],
  "H": [
    0.095525,
    0.095058
  ],
  "MANA": [
    0.089067,
    0.088758
  ],
  "THETA": [
    0.171376,
    0.170762
  ],
  "ZK": [
    0.01872432,
    0.01845276
  ],
  "CVX": [
    1.86,
    1.85
  ],
  "S": [
    0.04451102,
    0.04457418
  ],
  "RAY": [
    0.615435,
    0.618447
  ],
  "FF": [
    0.070956,
    0.070979
  ],
  "MX": [
    1.79,
    1.79
  ],
  "KOGE": [
    47.99,
    47.99
  ]
}