{
  "A7A5": [
    0.01249831,
    0.01249727
  ],
  "VIRTUAL": [
    0.710173,
    0.728447
  ],
  "FTN": [
    1.089,
    1.089
  ],
  "CAKE": [
    1.4,
    1.41
  ],
  "KITE": [
    0.245884,
    0.253576
  ],
  "RIVER": [
    23.53,
    23.03
  ],
  "STX": [
    0.239724,
    0.242526
  ],
  "PENGU": [
    0.00693446,
    0.00705979
  ],
  "DASH": [
    33.92,
    34.26
  ],
  "XTZ": [
    0.395634,
    0.39835
  ],
  "EURC": [
    1.16,
    1.16
  ],
  "ETHFI": [
    0.521614,
    0.535495
  ],
  "SEI": [
    0.059269,
    0.060478
  ],
  "JAAA": [
    1.027,
    1.027
  ],
  "FDUSD": [
    0.999074,
    0.998851
  ],
  "CHZ": [
    0.03565033,
    0.03594177
  ],
  "USX": [
    0.999576,
    0.999538
  ],
  "DCR": [
    20.32,
    20.66
  ],
  "ADI": [
    3.51,
    3.61
  ],
  "PRIME": [
    1.044,
    1.027
  ],
  "SUN": [
    0.01827299,
    0.01793765
  ],
  "KAU": [
    141.25,
    143.81
  ],
  "GNO": [
    126.87,
    127.75
  ],
  "CRV": [
    0.219718,
    0.224858
  ],
  "DEXE": [
    7.32,
    7.16
  ],
  "NFT": [
    3.31667e-7,
    3.31887e-7
  ],
  "BTT": [
    3.31674e-7,
    3.32163e-7
  ],
  "CFX": [
    0.061446,
    0.061739
  ],
  "USDAI": [
    0.999826,
    0.999876
  ],
  "INJ": [
    3.02,
    3.04
  ],
  "AERO": [
    0.319849,
    0.325364
  ],
  "KAIA": [
    0.050517,
    0.051322
  ],
  "TIA": [
    0.323827,
    0.329856
  ],
  "FLOKI": [
    0.00002937,
    0.00002974
  ],
  "BSV": [
    14.1,
    14.25
  ],
  "SPX": [
    0.290192,
    0.296877
  ],
  "JASMY": [
    0.00550669,
    0.00556242
  ],
  "FRAX": [
    0.99106,
    0.991269
  ],
  "GRT": [
    0.02493195,
    0.02523915
  ],
  "VVV": [
    5.87,
    6.01
  ],
  "SYRUP": [
    0.230373,
    0.231867
  ],
  "APEPE": [
    0.00000127,
    0.00000128
  ],
  "2Z": [
    0.075003,
    0.075923
  ],
  "FO": [
    0.263652,
    0.263688
  ],
  "CRVUSD": [
    1,
    0.998938
  ],
  "IOTA": [
    0.058059,
    0.058704
  ],
  "MON": [
    0.02285135,
    0.02337125
  ],
  "LDO": [
    0.289899,
    0.294359
  ],
  "OHM": [
    15.8,
    15.97
  ],
  "LIT": [
    0.97173,
    0.990758
  ],
  "OP": [
    0.111494,
    0.112851
  ],
  "BTSE": [
    1.45,
    1.45
  ],
  "ENS": [
    5.98,
    6.08
  ],
  "HNT": [
    1.26,
    1.26
  ],
  "PYTH": [
    0.03953599,
    0.0401557
  ],
  "ZBCN": [
    0.00231409,
    0.00233869
  ],
  "IP": [
    0.637579,
    0.64982
  ],
  "UDS": [
    1.79,
    1.79
  ],
  "B": [
    0.218765,
    0.220992
  ],
  "XPL": [
    0.095099,
    0.097588
  ],
  "SAND": [
    0.080504,
    0.081605
  ],
  "USDA": [
    0.979872,
    0.984451
  ],
  "AUSD": [
    0.999874,
    0.999854
  ],
  "TEL": [
    0.00222613,
    0.00225694
  ],
  "LUNC": [
    0.00003826,
    0.00003884
  ],
  "STRK": [
    0.03652901,
    0.03719659
  ],
  "BCAP": [
    22.89,
    22.89
  ],
  "TWT": [
    0.490561,
    0.495345
  ],
  "PENDLE": [
    1.22,
    1.24
  ],
  "AB": [
    0.00201762,
    0.00201781
  ],
  "9BIT": [
    0.02410364,
    0.02411118
  ],
  "NEO": [
    2.76,
    2.79
  ],
  "XCN": [
    0.00524549,
    0.00522121
  ],
  "USTBL": [
    1.078,
    1.078
  ],
  "WIF": [
    0.190277,
    0.193388
  ],
  "REAL": [
    0.059565,
    0.06063
  ],
  "BORG": [
    0.190676,
    0.194061
  ],
  "AXS": [
    1.11,
    1.12
  ],
  "PC0000031": [
    1,
    1
  ],
  "COMP": [
    19.25,
    19.6
  ],
  "NUSD": [
    1.001,
    0.999584
  ],
  "GRASS": [
    0.332746,
    0.343518
  ],
  "FARTCOIN": [
    0.176781,
    0.185418
  ],
  "VSN": [
    0.051388,
    0.051435
  ],
  "WFI": [
    2.24,
    2.24
  ],
  "REUSD": [
    1.068,
    1.068
  ],
  "WAL": [
    0.07884,
    0.080162
  ],
  "ZK": [
    0.01812022,
    0.01842849
  ],
  "H": [
    0.0938,
    0.094577
  ],
  "MANA": [
    0.088015,
    0.088744
  ],
  "FF": [
    0.07223,
    0.072076
  ],
  "FDIT": [
    1,
    1
  ],
  "BAT": [
    0.11179,
    0.110676
  ],
  "S": [
    0.04330211,
    0.04361186
  ],
  "MX": [
    1.79,
    1.79
  ],
  "RAY": [
    0.597707,
    0.608327
  ],
  "THETA": [
    0.160502,
    0.162668
  ],
  "CVX": [
    1.75,
    1.77
  ],
  "KOGE": [
    47.98,
    47.97
  ],
  "SATUSD": [
    0.990865,
    0.994684
  ]
}