{
  "FTN": [
    1.089,
    1.089
  ],
  "VIRTUAL": [
    0.708822,
    0.704329
  ],
  "A7A5": [
    0.01177493,
    0.01177467
  ],
  "CAKE": [
    1.4,
    1.4
  ],
  "DCR": [
    26.25,
    26.22
  ],
  "STX": [
    0.245437,
    0.245418
  ],
  "PENGU": [
    0.00716898,
    0.00713409
  ],
  "ETHFI": [
    0.572298,
    0.568267
  ],
  "RIVER": [
    22.13,
    22.18
  ],
  "XTZ": [
    0.403393,
    0.403128
  ],
  "EURC": [
    1.16,
    1.16
  ],
  "SEI": [
    0.063497,
    0.063508
  ],
  "JAAA": [
    1.027,
    1.027
  ],
  "DASH": [
    32.17,
    32.08
  ],
  "KITE": [
    0.219668,
    0.217458
  ],
  "FDUSD": [
    0.999994,
    0.999851
  ],
  "CHZ": [
    0.03616501,
    0.03609211
  ],
  "USX": [
    0.999813,
    0.999829
  ],
  "PRIME": [
    1.029,
    1.028
  ],
  "KAU": [
    153.99,
    147.36
  ],
  "CRV": [
    0.237171,
    0.235523
  ],
  "GNO": [
    130.95,
    130.9
  ],
  "SUN": [
    0.0175975,
    0.01764814
  ],
  "CFX": [
    0.064547,
    0.064884
  ],
  "BTT": [
    3.36283e-7,
    3.35759e-7
  ],
  "NFT": [
    3.33729e-7,
    3.32605e-7
  ],
  "USDAI": [
    0.999967,
    0.999812
  ],
  "ADI": [
    3.22,
    3.23
  ],
  "INJ": [
    3.1,
    3.09
  ],
  "KAIA": [
    0.05147,
    0.0515
  ],
  "TIA": [
    0.334736,
    0.33388
  ],
  "AERO": [
    0.322868,
    0.321266
  ],
  "BSV": [
    14.74,
    14.68
  ],
  "FLOKI": [
    0.00002982,
    0.00002973
  ],
  "SPX": [
    0.30673,
    0.305213
  ],
  "DEXE": [
    6.01,
    6.08
  ],
  "GRT": [
    0.02617006,
    0.02609288
  ],
  "JASMY": [
    0.00564024,
    0.00563154
  ],
  "SYRUP": [
    0.239346,
    0.237779
  ],
  "FRAX": [
    0.992331,
    0.992444
  ],
  "APEPE": [
    0.00000129,
    0.00000129
  ],
  "IOTA": [
    0.061815,
    0.061813
  ],
  "LIT": [
    1.1,
    1.066
  ],
  "IP": [
    0.75353,
    0.754147
  ],
  "2Z": [
    0.076479,
    0.076403
  ],
  "ZBCN": [
    0.00270189,
    0.00270371
  ],
  "FO": [
    0.263776,
    0.263873
  ],
  "OP": [
    0.124426,
    0.123802
  ],
  "CRVUSD": [
    0.999066,
    0.998943
  ],
  "OHM": [
    16.37,
    16.33
  ],
  "LDO": [
    0.299556,
    0.298639
  ],
  "PYTH": [
    0.04345729,
    0.04341904
  ],
  "VVV": [
    5.55,
    5.54
  ],
  "MON": [
    0.02223187,
    0.02245709
  ],
  "ENS": [
    6.25,
    6.25
  ],
  "BTSE": [
    1.46,
    1.45
  ],
  "HNT": [
    1.27,
    1.27
  ],
  "TEL": [
    0.00247645,
    0.00244981
  ],
  "B": [
    0.223291,
    0.22196
  ],
  "SAND": [
    0.082228,
    0.081937
  ],
  "USDA": [
    0.984014,
    0.984014
  ],
  "AUSD": [
    0.999944,
    0.999939
  ],
  "LUNC": [
    0.00003967,
    0.00003953
  ],
  "UDS": [
    1.7,
    1.7
  ],
  "XPL": [
    0.094476,
    0.094335
  ],
  "PENDLE": [
    1.27,
    1.27
  ],
  "BCAP": [
    22.99,
    22.99
  ],
  "TWT": [
    0.503939,
    0.502487
  ],
  "AXS": [
    1.22,
    1.21
  ],
  "AB": [
    0.00207983,
    0.00207782
  ],
  "NUSD": [
    0.998804,
    1.001
  ],
  "STRK": [
    0.03569369,
    0.03559659
  ],
  "GRASS": [
    0.370374,
    0.368728
  ],
  "BORG": [
    0.20249,
    0.202264
  ],
  "FARTCOIN": [
    0.199127,
    0.197882
  ],
  "XCN": [
    0.00524899,
    0.00522558
  ],
  "REUSD": [
    1.068,
    1.068
  ],
  "USTBL": [
    1.078,
    1.078
  ],
  "NEO": [
    2.75,
    2.75
  ],
  "VSN": [
    0.052819,
    0.052729
  ],
  "PC0000031": [
    1,
    1
  ],
  "9BIT": [
    0.02286971,
    0.02290071
  ],
  "REAL": [
    0.059567,
    0.059324
  ],
  "COMP": [
    19.04,
    19.03
  ],
  "WFI": [
    2.2,
    2.22
  ],
  "WAL": [
    0.080702,
    0.080394
  ],
  "WIF": [
    0.179305,
    0.178717
  ],
  "FLUID": [
    2.28,
    2.27
  ],
  "FDIT": [
    1,
    1
  ],
  "IUSD": [
    0.999927,
    1
  ],
  "H": [
    0.095427,
    0.095525
  ],
  "ZK": [
    0.01871745,
    0.01872432
  ],
  "MANA": [
    0.08917,
    0.089067
  ],
  "THETA": [
    0.171452,
    0.171376
  ],
  "CVX": [
    1.86,
    1.86
  ],
  "S": [
    0.04473067,
    0.04451102
  ],
  "FF": [
    0.071052,
    0.070956
  ],
  "RAY": [
    0.617085,
    0.615435
  ],
  "MX": [
    1.79,
    1.79
  ],
  "KOGE": [
    48,
    47.99
  ]
}