{
  "FET": [
    0.210901,
    0.210989
  ],
  "FTN": [
    1.088,
    1.089
  ],
  "A7A5": [
    0.01200681,
    0.01200652
  ],
  "CAKE": [
    1.36,
    1.36
  ],
  "ETHFI": [
    0.56227,
    0.556918
  ],
  "VIRTUAL": [
    0.662647,
    0.660445
  ],
  "STX": [
    0.235114,
    0.23495
  ],
  "PENGU": [
    0.00678771,
    0.00678274
  ],
  "EURC": [
    1.16,
    1.15
  ],
  "JAAA": [
    1.027,
    1.027
  ],
  "DCR": [
    23.87,
    23.89
  ],
  "XTZ": [
    0.382748,
    0.381982
  ],
  "DASH": [
    32.19,
    32.37
  ],
  "SEI": [
    0.060104,
    0.059928
  ],
  "FDUSD": [
    0.999491,
    0.999315
  ],
  "KITE": [
    0.213781,
    0.214318
  ],
  "KAU": [
    158.31,
    156.05
  ],
  "SUN": [
    0.01854614,
    0.01888201
  ],
  "CHZ": [
    0.03493418,
    0.03490973
  ],
  "USX": [
    0.999751,
    0.99975
  ],
  "PRIME": [
    1.027,
    1.027
  ],
  "GNO": [
    126.33,
    126
  ],
  "USDAI": [
    0.999929,
    0.999733
  ],
  "NFT": [
    3.34397e-7,
    3.33751e-7
  ],
  "BTT": [
    3.3277e-7,
    3.32934e-7
  ],
  "CRV": [
    0.218566,
    0.218025
  ],
  "DEXE": [
    6.9,
    6.88
  ],
  "CFX": [
    0.06124,
    0.061587
  ],
  "ADI": [
    3.25,
    3.25
  ],
  "INJ": [
    2.97,
    2.97
  ],
  "KAIA": [
    0.050504,
    0.050425
  ],
  "AERO": [
    0.308326,
    0.307987
  ],
  "TIA": [
    0.316761,
    0.316117
  ],
  "BSV": [
    14.15,
    14.15
  ],
  "FLOKI": [
    0.00002852,
    0.00002859
  ],
  "FRAX": [
    0.99217,
    0.991713
  ],
  "SPX": [
    0.292171,
    0.29278
  ],
  "VVV": [
    5.93,
    5.96
  ],
  "SYRUP": [
    0.231204,
    0.230365
  ],
  "GRT": [
    0.02467682,
    0.02470006
  ],
  "JASMY": [
    0.00540374,
    0.00537496
  ],
  "APEPE": [
    0.00000126,
    0.00000126
  ],
  "FO": [
    0.264848,
    0.264568
  ],
  "CRVUSD": [
    0.999666,
    0.999092
  ],
  "2Z": [
    0.073487,
    0.073318
  ],
  "LIT": [
    1.01,
    1.016
  ],
  "IOTA": [
    0.058335,
    0.058257
  ],
  "IP": [
    0.702599,
    0.700338
  ],
  "OHM": [
    15.73,
    15.73
  ],
  "OP": [
    0.115811,
    0.115653
  ],
  "LDO": [
    0.285693,
    0.28589
  ],
  "BTSE": [
    1.46,
    1.46
  ],
  "ZBCN": [
    0.00243716,
    0.00238661
  ],
  "MON": [
    0.02126708,
    0.02134199
  ],
  "PYTH": [
    0.03995779,
    0.04000025
  ],
  "ENS": [
    5.95,
    5.95
  ],
  "TEL": [
    0.00232636,
    0.00233351
  ],
  "B": [
    0.222668,
    0.218422
  ],
  "HNT": [
    1.17,
    1.18
  ],
  "USDA": [
    0.984014,
    0.984014
  ],
  "AUSD": [
    0.999966,
    0.999958
  ],
  "BCAP": [
    22.99,
    22.99
  ],
  "SAND": [
    0.077931,
    0.077902
  ],
  "XPL": [
    0.092762,
    0.092302
  ],
  "LUNC": [
    0.00003796,
    0.00003784
  ],
  "STRK": [
    0.03636746,
    0.0362021
  ],
  "TWT": [
    0.488712,
    0.490416
  ],
  "AB": [
    0.00203459,
    0.00203173
  ],
  "NUSD": [
    1,
    0.999757
  ],
  "9BIT": [
    0.02415044,
    0.02420206
  ],
  "PENDLE": [
    1.19,
    1.18
  ],
  "GRASS": [
    0.371654,
    0.357807
  ],
  "USTBL": [
    1.078,
    1.078
  ],
  "BORG": [
    0.19781,
    0.195849
  ],
  "XCN": [
    0.0050578,
    0.00507935
  ],
  "REUSD": [
    1.067,
    1.066
  ],
  "PC0000031": [
    1,
    1
  ],
  "UDS": [
    1.52,
    1.52
  ],
  "FARTCOIN": [
    0.189193,
    0.189005
  ],
  "AXS": [
    1.12,
    1.11
  ],
  "VSN": [
    0.052487,
    0.052299
  ],
  "REAL": [
    0.057932,
    0.058044
  ],
  "NEO": [
    2.6,
    2.6
  ],
  "COMP": [
    18.79,
    18.72
  ],
  "H": [
    0.098798,
    0.098305
  ],
  "FDIT": [
    1,
    1
  ],
  "WIF": [
    0.17459,
    0.174394
  ],
  "WAL": [
    0.077822,
    0.077672
  ],
  "WFI": [
    2.12,
    2.12
  ],
  "FF": [
    0.071504,
    0.071464
  ],
  "ZK": [
    0.01794984,
    0.01789833
  ],
  "MX": [
    1.79,
    1.79
  ],
  "MANA": [
    0.084346,
    0.084357
  ],
  "KOGE": [
    48,
    48
  ],
  "FT": [
    0.098771,
    0.098619
  ],
  "THETA": [
    0.161329,
    0.161249
  ],
  "S": [
    0.04239103,
    0.04242246
  ],
  "CVX": [
    1.76,
    1.75
  ],
  "FLUID": [
    2.03,
    2.03
  ],
  "RAY": [
    0.58876
  ]
}