{
  "VIRTUAL": [
    0.727605,
    0.720928
  ],
  "FTN": [
    1.088,
    1.089
  ],
  "CAKE": [
    1.43,
    1.42
  ],
  "PENGU": [
    0.00726791,
    0.00728018
  ],
  "STX": [
    0.248846,
    0.24842
  ],
  "A7A5": [
    0.01160435,
    0.01160005
  ],
  "DCR": [
    26.27,
    26.21
  ],
  "ETHFI": [
    0.53373,
    0.552601
  ],
  "SEI": [
    0.063871,
    0.064031
  ],
  "EURC": [
    1.16,
    1.16
  ],
  "XTZ": [
    0.397052,
    0.3926
  ],
  "JAAA": [
    1.027,
    1.027
  ],
  "DASH": [
    31.82,
    31.81
  ],
  "KITE": [
    0.21632,
    0.219241
  ],
  "FDUSD": [
    0.999871,
    0.99935
  ],
  "CHZ": [
    0.03576482,
    0.03584938
  ],
  "USX": [
    0.999621,
    0.999705
  ],
  "KAU": [
    150.48,
    150.48
  ],
  "RIVER": [
    20.96,
    18.1
  ],
  "CRV": [
    0.237155,
    0.23673
  ],
  "GNO": [
    131.35,
    131.68
  ],
  "PRIME": [
    1.028,
    1.028
  ],
  "SUN": [
    0.01732822,
    0.01751691
  ],
  "BTT": [
    3.3499e-7,
    3.33996e-7
  ],
  "CFX": [
    0.064781,
    0.063441
  ],
  "NFT": [
    3.32797e-7,
    3.31998e-7
  ],
  "ADI": [
    3.34,
    3.33
  ],
  "USDAI": [
    0.999631,
    0.999858
  ],
  "INJ": [
    3.14,
    3.12
  ],
  "KAIA": [
    0.051784,
    0.051612
  ],
  "TIA": [
    0.337101,
    0.337718
  ],
  "AERO": [
    0.324916,
    0.324746
  ],
  "LIT": [
    1.2,
    1.19
  ],
  "BSV": [
    14.56,
    14.56
  ],
  "DEXE": [
    6.02,
    6.21
  ],
  "FLOKI": [
    0.00003006,
    0.00003001
  ],
  "SPX": [
    0.31,
    0.309575
  ],
  "GRT": [
    0.02625297,
    0.02617237
  ],
  "JASMY": [
    0.00566572,
    0.00565474
  ],
  "SYRUP": [
    0.240844,
    0.24027
  ],
  "FRAX": [
    0.99316,
    0.993213
  ],
  "IOTA": [
    0.062258,
    0.062142
  ],
  "APEPE": [
    0.00000128,
    0.00000128
  ],
  "IP": [
    0.770157,
    0.765891
  ],
  "2Z": [
    0.076785,
    0.077039
  ],
  "OP": [
    0.123968,
    0.124937
  ],
  "FO": [
    0.263469,
    0.263205
  ],
  "VVV": [
    5.77,
    5.84
  ],
  "BTSE": [
    1.6,
    1.6
  ],
  "CRVUSD": [
    0.999165,
    0.997597
  ],
  "OHM": [
    16.51,
    16.49
  ],
  "PYTH": [
    0.04461701,
    0.04475672
  ],
  "LDO": [
    0.298749,
    0.298715
  ],
  "ZBCN": [
    0.00261774,
    0.00257132
  ],
  "ENS": [
    6.26,
    6.26
  ],
  "MON": [
    0.02217836,
    0.02212495
  ],
  "TEL": [
    0.00248128,
    0.0024856
  ],
  "B": [
    0.235835,
    0.235068
  ],
  "HNT": [
    1.28,
    1.26
  ],
  "XPL": [
    0.100751,
    0.099889
  ],
  "SAND": [
    0.082483,
    0.081878
  ],
  "USDA": [
    0.984014,
    0.984014
  ],
  "LUNC": [
    0.00003963,
    0.00003972
  ],
  "AUSD": [
    0.999752,
    0.999852
  ],
  "UDS": [
    1.73,
    1.73
  ],
  "TWT": [
    0.51128,
    0.510805
  ],
  "PENDLE": [
    1.27,
    1.27
  ],
  "BCAP": [
    22.99,
    22.99
  ],
  "AB": [
    0.00210667,
    0.00210613
  ],
  "AXS": [
    1.24,
    1.23
  ],
  "STRK": [
    0.03640351,
    0.03663625
  ],
  "GRASS": [
    0.387117,
    0.377525
  ],
  "BORG": [
    0.205967,
    0.208022
  ],
  "NUSD": [
    0.99947,
    0.99951
  ],
  "FARTCOIN": [
    0.207046,
    0.201901
  ],
  "USTBL": [
    1.078,
    1.078
  ],
  "XCN": [
    0.00533787,
    0.00534455
  ],
  "REUSD": [
    1.068,
    1.068
  ],
  "NEO": [
    2.73,
    2.72
  ],
  "VSN": [
    0.053481,
    0.053009
  ],
  "PC0000031": [
    1,
    1
  ],
  "9BIT": [
    0.02358337,
    0.02297258
  ],
  "REAL": [
    0.059565,
    0.059235
  ],
  "COMP": [
    19.24,
    19.08
  ],
  "WAL": [
    0.081346,
    0.081581
  ],
  "WFI": [
    2.25,
    2.22
  ],
  "FDIT": [
    1,
    1
  ],
  "WIF": [
    0.175423,
    0.17783
  ],
  "FLUID": [
    2.26,
    2.25
  ],
  "IUSD": [
    1,
    0.999211
  ],
  "MANA": [
    0.090317,
    0.089967
  ],
  "ZK": [
    0.01892969,
    0.01886141
  ],
  "H": [
    0.092055,
    0.095145
  ],
  "THETA": [
    0.173236,
    0.173151
  ],
  "S": [
    0.04485423,
    0.04499935
  ],
  "CVX": [
    1.83,
    1.82
  ],
  "FF": [
    0.070521,
    0.071085
  ],
  "MX": [
    1.79,
    1.79
  ],
  "RAY": [
    0.613941,
    0.611336
  ],
  "KOGE": [
    47.99,
    48
  ]
}