{
  "A7A5": [
    0.01226,
    0.01226083
  ],
  "FTN": [
    1.087,
    1.089
  ],
  "CAKE": [
    1.41,
    1.41
  ],
  "VIRTUAL": [
    0.685638,
    0.685785
  ],
  "PENGU": [
    0.00684147,
    0.00683618
  ],
  "STX": [
    0.234499,
    0.234017
  ],
  "EURC": [
    1.15,
    1.15
  ],
  "DASH": [
    32.42,
    32.29
  ],
  "ETHFI": [
    0.520917,
    0.516602
  ],
  "XTZ": [
    0.3711,
    0.370187
  ],
  "SEI": [
    0.05878,
    0.058912
  ],
  "JAAA": [
    1.028,
    1.028
  ],
  "FDUSD": [
    0.999245,
    0.998911
  ],
  "DCR": [
    22.11,
    22.19
  ],
  "CHZ": [
    0.03517692,
    0.03524339
  ],
  "KITE": [
    0.210348,
    0.20069
  ],
  "PRIME": [
    1.027,
    1.025
  ],
  "USX": [
    0.999431,
    0.999379
  ],
  "KAU": [
    142.78,
    142.05
  ],
  "DEXE": [
    7.2,
    7.21
  ],
  "SUN": [
    0.01747074,
    0.01734648
  ],
  "CRV": [
    0.219467,
    0.220428
  ],
  "NFT": [
    3.31991e-7,
    3.32251e-7
  ],
  "ADI": [
    4.09,
    4.08
  ],
  "GNO": [
    123.18,
    123.04
  ],
  "BTT": [
    3.24617e-7,
    3.23997e-7
  ],
  "RIVER": [
    16.01,
    15.97
  ],
  "USDAI": [
    0.999658,
    0.999644
  ],
  "AERO": [
    0.330115,
    0.329079
  ],
  "CFX": [
    0.059372,
    0.058897
  ],
  "INJ": [
    2.95,
    2.95
  ],
  "KAIA": [
    0.04888835,
    0.04902353
  ],
  "VVV": [
    6.23,
    6.33
  ],
  "TIA": [
    0.315074,
    0.314929
  ],
  "FLOKI": [
    0.00002893,
    0.0000289
  ],
  "BSV": [
    13.81,
    13.73
  ],
  "FRAX": [
    0.991394,
    0.99154
  ],
  "SPX": [
    0.288138,
    0.287069
  ],
  "JASMY": [
    0.00532981,
    0.00534092
  ],
  "MON": [
    0.02447269,
    0.02434044
  ],
  "APEPE": [
    0.00000126,
    0.00000125
  ],
  "FO": [
    0.263084,
    0.263081
  ],
  "GRT": [
    0.024288,
    0.02428345
  ],
  "CRVUSD": [
    1.003,
    1.001
  ],
  "KAG": [
    68.41,
    68.52
  ],
  "2Z": [
    0.073872,
    0.074022
  ],
  "SYRUP": [
    0.219381,
    0.218639
  ],
  "IOTA": [
    0.057115,
    0.057365
  ],
  "LDO": [
    0.287503,
    0.287063
  ],
  "OHM": [
    15.56,
    15.52
  ],
  "BTSE": [
    1.44,
    1.45
  ],
  "OP": [
    0.109185,
    0.108655
  ],
  "USTBL": [
    1.078,
    1.078
  ],
  "LIT": [
    0.909381,
    0.909602
  ],
  "PYTH": [
    0.03911921,
    0.03912281
  ],
  "ENS": [
    5.87,
    5.86
  ],
  "9BIT": [
    0.02739001,
    0.02727269
  ],
  "ZBCN": [
    0.00228537,
    0.0022784
  ],
  "XPL": [
    0.093739,
    0.09365
  ],
  "HNT": [
    1.2,
    1.2
  ],
  "UDS": [
    1.76,
    1.76
  ],
  "USDA": [
    0.984662,
    0.984662
  ],
  "AUSD": [
    0.999689,
    0.999653
  ],
  "IP": [
    0.610466,
    0.608239
  ],
  "B": [
    0.211058,
    0.210157
  ],
  "XCN": [
    0.00548341,
    0.00560089
  ],
  "LUNC": [
    0.00003853,
    0.00003836
  ],
  "TEL": [
    0.00219999,
    0.00219509
  ],
  "BCAP": [
    22.89,
    22.89
  ],
  "SAND": [
    0.076934,
    0.076975
  ],
  "TWT": [
    0.486516,
    0.485151
  ],
  "STRK": [
    0.03533424,
    0.03523792
  ],
  "PENDLE": [
    1.2,
    1.2
  ],
  "AB": [
    0.00200206,
    0.00200139
  ],
  "AXS": [
    1.064,
    1.12
  ],
  "PC0000031": [
    1,
    1
  ],
  "NEO": [
    2.66,
    2.68
  ],
  "VSN": [
    0.051431,
    0.051527
  ],
  "REAL": [
    0.059275,
    0.059132
  ],
  "WIF": [
    0.187618,
    0.187068
  ],
  "BORG": [
    0.187393,
    0.189683
  ],
  "NUSD": [
    0.998833,
    1.001
  ],
  "REUSD": [
    1.068,
    1.068
  ],
  "COMP": [
    18.89,
    18.87
  ],
  "WFI": [
    2.17,
    2.17
  ],
  "FARTCOIN": [
    0.1786,
    0.175974
  ],
  "ZK": [
    0.01831781,
    0.01825897
  ],
  "WAL": [
    0.077374,
    0.0771
  ],
  "GRASS": [
    0.31473,
    0.313615
  ],
  "FF": [
    0.070573,
    0.070867
  ],
  "MX": [
    1.79,
    1.79
  ],
  "KOGE": [
    47.97,
    47.97
  ],
  "MANA": [
    0.084645,
    0.083272
  ],
  "S": [
    0.04226163,
    0.04217994
  ],
  "FDIT": [
    1,
    1
  ],
  "THETA": [
    0.158522,
    0.158508
  ],
  "SATUSD": [
    0.988026,
    0.994233
  ],
  "RAY": [
    0.585049,
    0.583679
  ],
  "FT": [
    0.097816,
    0.09766
  ],
  "CVX": [
    1.69,
    1.69
  ]
}