{
  "FTN": [
    1.089,
    1.088
  ],
  "FET": [
    0.208598,
    0.208485
  ],
  "A7A5": [
    0.01181898,
    0.01181886
  ],
  "CAKE": [
    1.38,
    1.39
  ],
  "STX": [
    0.233367,
    0.23278
  ],
  "ETHFI": [
    0.54915,
    0.543525
  ],
  "VIRTUAL": [
    0.652237,
    0.652701
  ],
  "EURC": [
    1.15,
    1.16
  ],
  "PENGU": [
    0.00671861,
    0.00670829
  ],
  "JAAA": [
    1.027,
    1.027
  ],
  "XTZ": [
    0.37797,
    0.377166
  ],
  "DCR": [
    23.25,
    23.24
  ],
  "SEI": [
    0.05961,
    0.059694
  ],
  "DASH": [
    31.78,
    31.62
  ],
  "KITE": [
    0.215958,
    0.217157
  ],
  "FDUSD": [
    0.99907,
    0.999547
  ],
  "SUN": [
    0.01874143,
    0.01882774
  ],
  "CHZ": [
    0.03484294,
    0.0347468
  ],
  "USX": [
    0.999696,
    0.999789
  ],
  "PRIME": [
    1.028,
    1.028
  ],
  "DEXE": [
    7.04,
    7.21
  ],
  "GNO": [
    125.26,
    125.05
  ],
  "USDAI": [
    0.999928,
    1
  ],
  "NFT": [
    3.33218e-7,
    3.32822e-7
  ],
  "BTT": [
    3.32858e-7,
    3.32292e-7
  ],
  "KAU": [
    137.01,
    136.94
  ],
  "CRV": [
    0.217041,
    0.217575
  ],
  "ADI": [
    3.28,
    3.29
  ],
  "CFX": [
    0.060625,
    0.060572
  ],
  "INJ": [
    2.95,
    2.96
  ],
  "KAIA": [
    0.050381,
    0.05023
  ],
  "AERO": [
    0.30523,
    0.305703
  ],
  "BSV": [
    14.08,
    14.12
  ],
  "TIA": [
    0.311996,
    0.312195
  ],
  "FLOKI": [
    0.00002839,
    0.00002833
  ],
  "FRAX": [
    0.990999,
    0.991681
  ],
  "SPX": [
    0.28892,
    0.289316
  ],
  "SYRUP": [
    0.229342,
    0.230532
  ],
  "VVV": [
    5.94,
    5.88
  ],
  "APEPE": [
    0.00000126,
    0.00000126
  ],
  "JASMY": [
    0.00535807,
    0.00535049
  ],
  "GRT": [
    0.02455722,
    0.02456341
  ],
  "FO": [
    0.264531,
    0.264337
  ],
  "CRVUSD": [
    1,
    0.999999
  ],
  "2Z": [
    0.072322,
    0.07223
  ],
  "IOTA": [
    0.057538,
    0.057151
  ],
  "OHM": [
    15.78,
    15.71
  ],
  "LIT": [
    0.967655,
    0.971323
  ],
  "OP": [
    0.114555,
    0.114269
  ],
  "LDO": [
    0.283644,
    0.283061
  ],
  "IP": [
    0.671945,
    0.665289
  ],
  "BTSE": [
    1.44,
    1.44
  ],
  "MON": [
    0.02109892,
    0.02102506
  ],
  "ENS": [
    5.89,
    5.87
  ],
  "ZBCN": [
    0.00231235,
    0.00229554
  ],
  "PYTH": [
    0.0386919,
    0.03886533
  ],
  "TEL": [
    0.00230466,
    0.00228712
  ],
  "USDA": [
    0.984014,
    0.984014
  ],
  "B": [
    0.216782,
    0.216909
  ],
  "AUSD": [
    0.99987,
    0.999929
  ],
  "HNT": [
    1.15,
    1.15
  ],
  "BCAP": [
    22.99,
    22.99
  ],
  "SAND": [
    0.077318,
    0.077189
  ],
  "LUNC": [
    0.00003763,
    0.00003758
  ],
  "XPL": [
    0.091556,
    0.090891
  ],
  "TWT": [
    0.489998,
    0.490668
  ],
  "AB": [
    0.00202779,
    0.00202436
  ],
  "STRK": [
    0.03558596,
    0.03545458
  ],
  "NUSD": [
    0.996977,
    0.999408
  ],
  "9BIT": [
    0.0242034,
    0.02420939
  ],
  "PENDLE": [
    1.18,
    1.17
  ],
  "USTBL": [
    1.078,
    1.078
  ],
  "BORG": [
    0.195566,
    0.197324
  ],
  "PC0000031": [
    1,
    1
  ],
  "REUSD": [
    1.066,
    1.067
  ],
  "XCN": [
    0.00500858,
    0.00500502
  ],
  "VSN": [
    0.051968,
    0.052009
  ],
  "UDS": [
    1.51,
    1.5
  ],
  "AXS": [
    1.1,
    1.099
  ],
  "GRASS": [
    0.342977,
    0.343456
  ],
  "FARTCOIN": [
    0.185778,
    0.185367
  ],
  "REAL": [
    0.057823,
    0.057884
  ],
  "NEO": [
    2.58,
    2.58
  ],
  "COMP": [
    18.59,
    18.5
  ],
  "FDIT": [
    1,
    1
  ],
  "WAL": [
    0.07743,
    0.07714
  ],
  "WFI": [
    2.11,
    2.11
  ],
  "WIF": [
    0.171403,
    0.170909
  ],
  "H": [
    0.093332,
    0.093494
  ],
  "FF": [
    0.071408,
    0.071595
  ],
  "MX": [
    1.79,
    1.79
  ],
  "KOGE": [
    48,
    48
  ],
  "ZK": [
    0.01765241,
    0.01758127
  ],
  "MANA": [
    0.083482,
    0.083331
  ],
  "FT": [
    0.097953,
    0.098063
  ],
  "THETA": [
    0.159925,
    0.159504
  ],
  "CVX": [
    1.74,
    1.73
  ],
  "S": [
    0.0420777,
    0.04191138
  ],
  "SATUSD": [
    0.994978,
    0.995516
  ],
  "RAY": [
    0.581826,
    0.579612
  ]
}