{
  "TUSD": [
    0.99927,
    0.999254
  ],
  "FTN": [
    1.088,
    1.088
  ],
  "CAKE": [
    1.41,
    1.41
  ],
  "RIVER": [
    23.46,
    23.29
  ],
  "VIRTUAL": [
    0.680946,
    0.683256
  ],
  "STX": [
    0.243943,
    0.243695
  ],
  "PENGU": [
    0.00697306,
    0.00700672
  ],
  "DASH": [
    34.4,
    34.47
  ],
  "EURC": [
    1.16,
    1.16
  ],
  "XTZ": [
    0.389698,
    0.392663
  ],
  "JAAA": [
    1.027,
    1.027
  ],
  "ETHFI": [
    0.531218,
    0.529078
  ],
  "KITE": [
    0.232528,
    0.229883
  ],
  "SEI": [
    0.060024,
    0.060529
  ],
  "DCR": [
    22.75,
    22.74
  ],
  "FDUSD": [
    0.999996,
    0.999925
  ],
  "CHZ": [
    0.03564682,
    0.03585634
  ],
  "SUN": [
    0.0187246,
    0.01896156
  ],
  "USX": [
    0.999591,
    0.9996
  ],
  "DEXE": [
    7.64,
    7.61
  ],
  "PRIME": [
    1.028,
    1.027
  ],
  "GNO": [
    128.89,
    128.9
  ],
  "KAU": [
    141.63,
    142.66
  ],
  "NFT": [
    3.33409e-7,
    3.33328e-7
  ],
  "BTT": [
    3.33691e-7,
    3.33886e-7
  ],
  "CRV": [
    0.218825,
    0.219317
  ],
  "AERO": [
    0.352169,
    0.352845
  ],
  "ADI": [
    3.33,
    3.33
  ],
  "CFX": [
    0.059978,
    0.0606
  ],
  "USDAI": [
    0.999834,
    0.999839
  ],
  "INJ": [
    3.08,
    3.09
  ],
  "KAIA": [
    0.050739,
    0.050886
  ],
  "TIA": [
    0.326993,
    0.328085
  ],
  "BSV": [
    14.38,
    14.39
  ],
  "FLOKI": [
    0.00002946,
    0.00002948
  ],
  "JASMY": [
    0.00565766,
    0.00570281
  ],
  "SPX": [
    0.29712,
    0.295819
  ],
  "FRAX": [
    0.991419,
    0.991275
  ],
  "GRT": [
    0.02519135,
    0.02525077
  ],
  "SYRUP": [
    0.23307,
    0.233588
  ],
  "2Z": [
    0.076967,
    0.077324
  ],
  "APEPE": [
    0.00000126,
    0.00000126
  ],
  "FO": [
    0.263966,
    0.263794
  ],
  "CRVUSD": [
    1,
    0.999262
  ],
  "VVV": [
    5.91,
    5.78
  ],
  "IOTA": [
    0.058717,
    0.058863
  ],
  "LDO": [
    0.292904,
    0.293708
  ],
  "HNT": [
    1.34,
    1.34
  ],
  "OHM": [
    15.79,
    15.76
  ],
  "ZBCN": [
    0.00249287,
    0.00247956
  ],
  "OP": [
    0.113493,
    0.113358
  ],
  "LIT": [
    0.958272,
    0.955534
  ],
  "BTSE": [
    1.46,
    1.47
  ],
  "ENS": [
    6.14,
    6.15
  ],
  "IP": [
    0.659405,
    0.666424
  ],
  "MON": [
    0.02152977,
    0.02155661
  ],
  "PYTH": [
    0.04009256,
    0.04025056
  ],
  "UDS": [
    1.8,
    1.8
  ],
  "TEL": [
    0.00231792,
    0.00231091
  ],
  "USDA": [
    0.983712,
    0.983747
  ],
  "AUSD": [
    0.999871,
    0.999866
  ],
  "XPL": [
    0.095729,
    0.096456
  ],
  "SAND": [
    0.080792,
    0.081014
  ],
  "LUNC": [
    0.00003902,
    0.00003899
  ],
  "B": [
    0.211007,
    0.212197
  ],
  "BCAP": [
    22.99,
    22.99
  ],
  "TWT": [
    0.502564,
    0.502237
  ],
  "STRK": [
    0.03638483,
    0.03635153
  ],
  "PENDLE": [
    1.24,
    1.24
  ],
  "AB": [
    0.00201873,
    0.00201846
  ],
  "9BIT": [
    0.02411962,
    0.02413821
  ],
  "XCN": [
    0.00522735,
    0.00521997
  ],
  "BORG": [
    0.199504,
    0.198663
  ],
  "REAL": [
    0.061061,
    0.061253
  ],
  "USTBL": [
    1.078,
    1.078
  ],
  "NEO": [
    2.7,
    2.7
  ],
  "VSN": [
    0.052787,
    0.05274
  ],
  "PC0000031": [
    1,
    1
  ],
  "AXS": [
    1.11,
    1.12
  ],
  "NUSD": [
    1,
    0.998742
  ],
  "WIF": [
    0.185503,
    0.18637
  ],
  "COMP": [
    19.16,
    19.19
  ],
  "H": [
    0.09863,
    0.100475
  ],
  "REUSD": [
    1.067,
    1.067
  ],
  "WFI": [
    2.24,
    2.23
  ],
  "GRASS": [
    0.335657,
    0.336081
  ],
  "WAL": [
    0.080113,
    0.080353
  ],
  "FARTCOIN": [
    0.177329,
    0.177348
  ],
  "FDIT": [
    1,
    1
  ],
  "FF": [
    0.072157,
    0.072611
  ],
  "MANA": [
    0.087006,
    0.087544
  ],
  "CVX": [
    1.83,
    1.83
  ],
  "ZK": [
    0.01809113,
    0.01821247
  ],
  "S": [
    0.0439656,
    0.04383919
  ],
  "MX": [
    1.79,
    1.79
  ],
  "THETA": [
    0.163406,
    0.163648
  ],
  "RAY": [
    0.60776,
    0.607322
  ],
  "KOGE": [
    47.98,
    47.99
  ],
  "SATUSD": [
    0.994784,
    0.996263
  ],
  "FT": [
    0.096737,
    0.096805
  ]
}