{
  "ZRO": [
    1.95,
    1.93
  ],
  "A7A5": [
    0.0121288,
    0.01213094
  ],
  "FTN": [
    1.088,
    1.089
  ],
  "CAKE": [
    1.36,
    1.36
  ],
  "ETHFI": [
    0.574801,
    0.563344
  ],
  "VIRTUAL": [
    0.666355,
    0.660816
  ],
  "STX": [
    0.237826,
    0.235127
  ],
  "EURC": [
    1.16,
    1.16
  ],
  "PENGU": [
    0.00678964,
    0.00674154
  ],
  "JAAA": [
    1.027,
    1.027
  ],
  "DCR": [
    24.18,
    24.13
  ],
  "XTZ": [
    0.384963,
    0.382046
  ],
  "SEI": [
    0.0606,
    0.0602
  ],
  "DASH": [
    31.47,
    31.18
  ],
  "KITE": [
    0.220536,
    0.214657
  ],
  "FDUSD": [
    0.999646,
    0.999819
  ],
  "KAU": [
    157.89,
    158.1
  ],
  "CHZ": [
    0.03507725,
    0.03496458
  ],
  "USX": [
    0.999707,
    0.999752
  ],
  "PRIME": [
    1.028,
    1.029
  ],
  "SUN": [
    0.01815631,
    0.01810377
  ],
  "GNO": [
    125.98,
    125.92
  ],
  "USDAI": [
    0.999862,
    0.99994
  ],
  "CRV": [
    0.223531,
    0.222291
  ],
  "NFT": [
    3.33144e-7,
    3.3261e-7
  ],
  "BTT": [
    3.3135e-7,
    3.32513e-7
  ],
  "CFX": [
    0.06204,
    0.061348
  ],
  "ADI": [
    3.25,
    3.25
  ],
  "KAIA": [
    0.050623,
    0.050631
  ],
  "DEXE": [
    6.29,
    6.33
  ],
  "INJ": [
    2.99,
    2.96
  ],
  "AERO": [
    0.308327,
    0.306496
  ],
  "BSV": [
    14.2,
    14.16
  ],
  "TIA": [
    0.319334,
    0.315884
  ],
  "FLOKI": [
    0.00002868,
    0.0000285
  ],
  "FRAX": [
    0.992119,
    0.991587
  ],
  "SPX": [
    0.294608,
    0.291869
  ],
  "APEPE": [
    0.00000128,
    0.00000128
  ],
  "SYRUP": [
    0.2315,
    0.231164
  ],
  "JASMY": [
    0.00542714,
    0.00540355
  ],
  "GRT": [
    0.02491743,
    0.02477109
  ],
  "FO": [
    0.265096,
    0.265098
  ],
  "VVV": [
    5.74,
    5.77
  ],
  "CRVUSD": [
    0.996906,
    0.99595
  ],
  "2Z": [
    0.073873,
    0.073531
  ],
  "LIT": [
    1.017,
    1.007
  ],
  "IOTA": [
    0.057723,
    0.057724
  ],
  "OHM": [
    15.79,
    15.8
  ],
  "OP": [
    0.116871,
    0.116153
  ],
  "IP": [
    0.700924,
    0.698916
  ],
  "LDO": [
    0.287307,
    0.285584
  ],
  "BTSE": [
    1.47,
    1.48
  ],
  "PYTH": [
    0.04185599,
    0.04007478
  ],
  "MON": [
    0.02127761,
    0.0211499
  ],
  "ENS": [
    6,
    5.96
  ],
  "ZBCN": [
    0.00235377,
    0.00231548
  ],
  "TEL": [
    0.00237133,
    0.00235054
  ],
  "USDA": [
    0.984014,
    0.984014
  ],
  "AUSD": [
    0.999879,
    0.999919
  ],
  "HNT": [
    1.18,
    1.17
  ],
  "B": [
    0.216905,
    0.216243
  ],
  "BCAP": [
    22.99,
    22.99
  ],
  "GRASS": [
    0.383817,
    0.385191
  ],
  "XPL": [
    0.093491,
    0.092785
  ],
  "SAND": [
    0.078506,
    0.077966
  ],
  "LUNC": [
    0.00003792,
    0.00003772
  ],
  "STRK": [
    0.0370354,
    0.03633064
  ],
  "TWT": [
    0.493345,
    0.492105
  ],
  "NUSD": [
    0.999373,
    0.998557
  ],
  "AB": [
    0.00203355,
    0.00203487
  ],
  "9BIT": [
    0.02418353,
    0.02416759
  ],
  "PENDLE": [
    1.21,
    1.19
  ],
  "BORG": [
    0.199543,
    0.199599
  ],
  "REUSD": [
    1.067,
    1.067
  ],
  "USTBL": [
    1.078,
    1.078
  ],
  "XCN": [
    0.00508719,
    0.00505657
  ],
  "PC0000031": [
    1,
    1
  ],
  "UDS": [
    1.52,
    1.52
  ],
  "AXS": [
    1.12,
    1.12
  ],
  "VSN": [
    0.052456,
    0.052373
  ],
  "FARTCOIN": [
    0.186317,
    0.184455
  ],
  "REAL": [
    0.058089,
    0.057938
  ],
  "NEO": [
    2.62,
    2.6
  ],
  "COMP": [
    18.91,
    18.77
  ],
  "H": [
    0.097426,
    0.098968
  ],
  "FDIT": [
    1,
    1
  ],
  "WFI": [
    2.15,
    2.15
  ],
  "WAL": [
    0.078065,
    0.077743
  ],
  "WIF": [
    0.173637,
    0.172218
  ],
  "FLUID": [
    2.16,
    2.14
  ],
  "FF": [
    0.070858,
    0.070934
  ],
  "ZK": [
    0.01806823,
    0.01796352
  ],
  "MX": [
    1.79,
    1.79
  ],
  "MANA": [
    0.084687,
    0.083954
  ],
  "KOGE": [
    47.99,
    47.99
  ],
  "FT": [
    0.098664,
    0.098632
  ],
  "S": [
    0.04277711,
    0.04262316
  ],
  "CVX": [
    1.77,
    1.75
  ],
  "THETA": [
    0.161845,
    0.160621
  ],
  "RAY": [
    0.593117,
    0.590671
  ]
}