{
  "FET": [
    0.212134
  ],
  "FTN": [
    1.089,
    1.088
  ],
  "A7A5": [
    0.01213094,
    0.01200845
  ],
  "CAKE": [
    1.36,
    1.36
  ],
  "ETHFI": [
    0.563344,
    0.561805
  ],
  "VIRTUAL": [
    0.660816,
    0.661048
  ],
  "STX": [
    0.235127,
    0.234531
  ],
  "EURC": [
    1.16,
    1.16
  ],
  "PENGU": [
    0.00674154,
    0.00675652
  ],
  "JAAA": [
    1.027,
    1.027
  ],
  "DCR": [
    24.13,
    23.82
  ],
  "XTZ": [
    0.382046,
    0.381931
  ],
  "SEI": [
    0.0602,
    0.060161
  ],
  "DASH": [
    31.18,
    31.29
  ],
  "KITE": [
    0.214657,
    0.214589
  ],
  "FDUSD": [
    0.999819,
    0.99935
  ],
  "KAU": [
    158.1,
    158.07
  ],
  "USX": [
    0.999752,
    0.999743
  ],
  "CHZ": [
    0.03496458,
    0.03471019
  ],
  "PRIME": [
    1.029,
    1.031
  ],
  "SUN": [
    0.01810377,
    0.01832792
  ],
  "GNO": [
    125.92,
    125.96
  ],
  "USDAI": [
    0.99994,
    0.999879
  ],
  "NFT": [
    3.3261e-7,
    3.32682e-7
  ],
  "CRV": [
    0.222291,
    0.220932
  ],
  "BTT": [
    3.32513e-7,
    3.32651e-7
  ],
  "CFX": [
    0.061348,
    0.061436
  ],
  "ADI": [
    3.25,
    3.25
  ],
  "DEXE": [
    6.33,
    6.4
  ],
  "INJ": [
    2.96,
    2.95
  ],
  "KAIA": [
    0.050631,
    0.050266
  ],
  "AERO": [
    0.306496,
    0.30644
  ],
  "BSV": [
    14.16,
    14.16
  ],
  "TIA": [
    0.315884,
    0.316311
  ],
  "FLOKI": [
    0.0000285,
    0.00002848
  ],
  "FRAX": [
    0.991587,
    0.991721
  ],
  "SPX": [
    0.291869,
    0.290573
  ],
  "APEPE": [
    0.00000128,
    0.00000128
  ],
  "JASMY": [
    0.00540355,
    0.00539983
  ],
  "SYRUP": [
    0.231164,
    0.230643
  ],
  "GRT": [
    0.02477109,
    0.02465437
  ],
  "FO": [
    0.265098,
    0.264838
  ],
  "VVV": [
    5.77,
    5.81
  ],
  "CRVUSD": [
    0.99595,
    0.999087
  ],
  "2Z": [
    0.073531,
    0.07331
  ],
  "IOTA": [
    0.057724,
    0.058071
  ],
  "LIT": [
    1.007,
    1.007
  ],
  "IP": [
    0.698916,
    0.703649
  ],
  "OHM": [
    15.8,
    15.75
  ],
  "OP": [
    0.116153,
    0.11593
  ],
  "LDO": [
    0.285584,
    0.284882
  ],
  "BTSE": [
    1.48,
    1.47
  ],
  "MON": [
    0.0211499,
    0.02123355
  ],
  "ZBCN": [
    0.00231548,
    0.00234051
  ],
  "PYTH": [
    0.04007478,
    0.03973091
  ],
  "ENS": [
    5.96,
    5.95
  ],
  "TEL": [
    0.00235054,
    0.00232328
  ],
  "B": [
    0.216243,
    0.221283
  ],
  "USDA": [
    0.984014,
    0.984014
  ],
  "HNT": [
    1.17,
    1.17
  ],
  "AUSD": [
    0.999919,
    0.999879
  ],
  "BCAP": [
    22.99,
    22.99
  ],
  "SAND": [
    0.077966,
    0.078056
  ],
  "XPL": [
    0.092785,
    0.092274
  ],
  "GRASS": [
    0.385191,
    0.380513
  ],
  "LUNC": [
    0.00003772,
    0.00003783
  ],
  "STRK": [
    0.03633064,
    0.03619565
  ],
  "TWT": [
    0.492105,
    0.49028
  ],
  "NUSD": [
    0.998557,
    1.001
  ],
  "AB": [
    0.00203487,
    0.00203112
  ],
  "9BIT": [
    0.02416759,
    0.02414742
  ],
  "PENDLE": [
    1.19,
    1.19
  ],
  "BORG": [
    0.199599,
    0.198124
  ],
  "USTBL": [
    1.078,
    1.078
  ],
  "REUSD": [
    1.067,
    1.067
  ],
  "XCN": [
    0.00505657,
    0.00506369
  ],
  "PC0000031": [
    1,
    1
  ],
  "UDS": [
    1.52,
    1.52
  ],
  "AXS": [
    1.12,
    1.11
  ],
  "VSN": [
    0.052373,
    0.052069
  ],
  "FARTCOIN": [
    0.184455,
    0.185798
  ],
  "NEO": [
    2.6,
    2.59
  ],
  "H": [
    0.098968,
    0.100157
  ],
  "REAL": [
    0.057938,
    0.057544
  ],
  "COMP": [
    18.77,
    18.77
  ],
  "FDIT": [
    1,
    1
  ],
  "WFI": [
    2.15,
    2.15
  ],
  "WAL": [
    0.077743,
    0.077671
  ],
  "WIF": [
    0.172218,
    0.173243
  ],
  "FF": [
    0.070934,
    0.071788
  ],
  "FLUID": [
    2.14,
    2.1
  ],
  "ZK": [
    0.01796352,
    0.01790846
  ],
  "MX": [
    1.79,
    1.79
  ],
  "MANA": [
    0.083954,
    0.083887
  ],
  "KOGE": [
    47.99,
    47.99
  ],
  "CVX": [
    1.75,
    1.76
  ],
  "FT": [
    0.098632,
    0.098529
  ],
  "THETA": [
    0.160621,
    0.160217
  ],
  "S": [
    0.04262316,
    0.04225675
  ],
  "RAY": [
    0.590671,
    0.589342
  ]
}