{
  "A7A5": [
    0.01228255,
    0.01242144
  ],
  "VIRTUAL": [
    0.745724,
    0.734374
  ],
  "FTN": [
    1.089,
    1.089
  ],
  "CAKE": [
    1.44,
    1.43
  ],
  "PENGU": [
    0.00745233,
    0.00727372
  ],
  "STX": [
    0.246024,
    0.243114
  ],
  "KITE": [
    0.243278,
    0.247528
  ],
  "ETHFI": [
    0.556682,
    0.55314
  ],
  "DASH": [
    34.22,
    33.86
  ],
  "RIVER": [
    22.13,
    21.75
  ],
  "EURC": [
    1.16,
    1.16
  ],
  "XTZ": [
    0.393932,
    0.389167
  ],
  "SEI": [
    0.061551,
    0.060764
  ],
  "DCR": [
    22.57,
    23.05
  ],
  "JAAA": [
    1.027,
    1.028
  ],
  "FDUSD": [
    0.998944,
    0.999874
  ],
  "ADI": [
    3.94,
    3.95
  ],
  "CHZ": [
    0.03618256,
    0.03588513
  ],
  "USX": [
    0.999659,
    0.999567
  ],
  "PRIME": [
    1.028,
    1.028
  ],
  "KAU": [
    146.82,
    146.37
  ],
  "CRV": [
    0.234455,
    0.232642
  ],
  "GNO": [
    129.61,
    128.6
  ],
  "SUN": [
    0.01773816,
    0.01761114
  ],
  "NFT": [
    3.33088e-7,
    3.32288e-7
  ],
  "BTT": [
    3.32233e-7,
    3.32652e-7
  ],
  "DEXE": [
    7.09,
    6.93
  ],
  "CFX": [
    0.062704,
    0.062052
  ],
  "AERO": [
    0.341464,
    0.342471
  ],
  "USDAI": [
    0.999896,
    0.999917
  ],
  "INJ": [
    3.11,
    3.08
  ],
  "VVV": [
    6.76,
    6.76
  ],
  "TIA": [
    0.335583,
    0.330898
  ],
  "KAIA": [
    0.050972,
    0.050496
  ],
  "FLOKI": [
    0.00003091,
    0.00003034
  ],
  "BSV": [
    14.44,
    14.18
  ],
  "SPX": [
    0.304792,
    0.300354
  ],
  "JASMY": [
    0.00560014,
    0.00557963
  ],
  "FRAX": [
    0.990954,
    0.99036
  ],
  "GRT": [
    0.02561087,
    0.02533464
  ],
  "SYRUP": [
    0.235854,
    0.235322
  ],
  "MON": [
    0.02485693,
    0.02504535
  ],
  "APEPE": [
    0.00000127,
    0.00000128
  ],
  "FO": [
    0.263299,
    0.26374
  ],
  "2Z": [
    0.076011,
    0.0758
  ],
  "CRVUSD": [
    0.99695,
    0.998066
  ],
  "IOTA": [
    0.059004,
    0.058905
  ],
  "LDO": [
    0.302637,
    0.298807
  ],
  "LIT": [
    0.992533,
    0.995075
  ],
  "OHM": [
    16.06,
    15.77
  ],
  "OP": [
    0.114937,
    0.113277
  ],
  "XPL": [
    0.101531,
    0.099562
  ],
  "BTSE": [
    1.45,
    1.46
  ],
  "ENS": [
    6.17,
    6.1
  ],
  "PYTH": [
    0.04072896,
    0.04017418
  ],
  "HNT": [
    1.26,
    1.24
  ],
  "ZBCN": [
    0.00234645,
    0.00233305
  ],
  "IP": [
    0.645404,
    0.636933
  ],
  "B": [
    0.226709,
    0.223625
  ],
  "9BIT": [
    0.02674085,
    0.02709113
  ],
  "UDS": [
    1.78,
    1.77
  ],
  "SAND": [
    0.082742,
    0.08173
  ],
  "USDA": [
    0.984662,
    0.984662
  ],
  "AUSD": [
    0.999781,
    0.999906
  ],
  "TEL": [
    0.00228629,
    0.00227436
  ],
  "PENDLE": [
    1.31,
    1.28
  ],
  "LUNC": [
    0.00003957,
    0.00003872
  ],
  "STRK": [
    0.0376606,
    0.03711172
  ],
  "BCAP": [
    22.89,
    22.89
  ],
  "TWT": [
    0.496129,
    0.500651
  ],
  "GRASS": [
    0.347082,
    0.36957
  ],
  "AB": [
    0.00202461,
    0.00202407
  ],
  "XCN": [
    0.00522843,
    0.00524065
  ],
  "WIF": [
    0.197249,
    0.19549
  ],
  "REAL": [
    0.06254,
    0.061546
  ],
  "NEO": [
    2.78,
    2.75
  ],
  "USTBL": [
    1.078,
    1.078
  ],
  "FARTCOIN": [
    0.194788,
    0.192164
  ],
  "AXS": [
    1.13,
    1.13
  ],
  "COMP": [
    19.63,
    19.63
  ],
  "VSN": [
    0.052182,
    0.052773
  ],
  "PC0000031": [
    1,
    1
  ],
  "BORG": [
    0.194272,
    0.190429
  ],
  "NUSD": [
    0.998563,
    0.998623
  ],
  "WFI": [
    2.25,
    2.25
  ],
  "REUSD": [
    1.068,
    1.068
  ],
  "ZK": [
    0.0190779,
    0.01895901
  ],
  "WAL": [
    0.08167,
    0.080891
  ],
  "MANA": [
    0.088895,
    0.088311
  ],
  "H": [
    0.09402,
    0.093608
  ],
  "S": [
    0.04464212,
    0.04437875
  ],
  "FF": [
    0.071204,
    0.070967
  ],
  "CVX": [
    1.83,
    1.8
  ],
  "MX": [
    1.79,
    1.79
  ],
  "THETA": [
    0.164755,
    0.164498
  ],
  "RAY": [
    0.617023,
    0.610354
  ],
  "KOGE": [
    47.99,
    47.99
  ],
  "FDIT": [
    1,
    1
  ],
  "BAT": [
    0.108545,
    0.106958
  ],
  "SATUSD": [
    0.994971,
    0.995539
  ]
}