{
  "A7A5": [
    0.01209826,
    0.01207056
  ],
  "FTN": [
    1.089,
    1.088
  ],
  "CAKE": [
    1.42,
    1.4
  ],
  "VIRTUAL": [
    0.70075,
    0.689258
  ],
  "PENGU": [
    0.00703962,
    0.00689409
  ],
  "STX": [
    0.23703,
    0.232958
  ],
  "EURC": [
    1.15,
    1.15
  ],
  "DASH": [
    33.16,
    32.69
  ],
  "ETHFI": [
    0.528821,
    0.521372
  ],
  "XTZ": [
    0.37765,
    0.372408
  ],
  "SEI": [
    0.059829,
    0.058931
  ],
  "JAAA": [
    1.028,
    1.028
  ],
  "KITE": [
    0.211762,
    0.21573
  ],
  "FDUSD": [
    0.998815,
    0.998963
  ],
  "DCR": [
    22.55,
    21.93
  ],
  "RIVER": [
    21.18,
    19.45
  ],
  "PRIME": [
    1.028,
    1.026
  ],
  "USX": [
    0.999583,
    0.999558
  ],
  "CHZ": [
    0.03538262,
    0.03485206
  ],
  "DEXE": [
    7.22,
    7.47
  ],
  "KAU": [
    143.72,
    142.02
  ],
  "SUN": [
    0.01804842,
    0.01730139
  ],
  "CRV": [
    0.225854,
    0.221333
  ],
  "GNO": [
    126.32,
    124.6
  ],
  "NFT": [
    3.31858e-7,
    3.31803e-7
  ],
  "ADI": [
    4.07,
    4.09
  ],
  "BTT": [
    3.29814e-7,
    3.25487e-7
  ],
  "USDAI": [
    0.999558,
    0.999683
  ],
  "CFX": [
    0.05994,
    0.058808
  ],
  "AERO": [
    0.331145,
    0.325217
  ],
  "INJ": [
    3,
    2.96
  ],
  "KAIA": [
    0.04939703,
    0.04882558
  ],
  "TIA": [
    0.321938,
    0.317266
  ],
  "VVV": [
    6.16,
    6.26
  ],
  "FLOKI": [
    0.00002934,
    0.00002888
  ],
  "BSV": [
    14.01,
    13.88
  ],
  "FRAX": [
    0.991016,
    0.991201
  ],
  "APEPE": [
    0.00000128,
    0.00000128
  ],
  "MON": [
    0.02550537,
    0.02453435
  ],
  "SPX": [
    0.290227,
    0.286359
  ],
  "FO": [
    0.262929,
    0.26406
  ],
  "JASMY": [
    0.00536464,
    0.00530783
  ],
  "GRT": [
    0.02467179,
    0.02437473
  ],
  "CRVUSD": [
    0.999584,
    1
  ],
  "KAG": [
    69.73,
    68.09
  ],
  "SYRUP": [
    0.225191,
    0.219734
  ],
  "2Z": [
    0.07359,
    0.072601
  ],
  "IOTA": [
    0.058275,
    0.057396
  ],
  "LDO": [
    0.291541,
    0.286665
  ],
  "OHM": [
    15.6,
    15.45
  ],
  "LIT": [
    0.952665,
    0.952367
  ],
  "BTSE": [
    1.44,
    1.44
  ],
  "USTBL": [
    1.078,
    1.078
  ],
  "OP": [
    0.110571,
    0.108225
  ],
  "ENS": [
    5.94,
    5.85
  ],
  "ZBCN": [
    0.00233921,
    0.00227848
  ],
  "PYTH": [
    0.0394527,
    0.03878864
  ],
  "XPL": [
    0.097898,
    0.093788
  ],
  "9BIT": [
    0.02708301,
    0.02728965
  ],
  "HNT": [
    1.22,
    1.19
  ],
  "IP": [
    0.638593,
    0.617392
  ],
  "USDA": [
    0.984662,
    0.984662
  ],
  "AUSD": [
    0.999694,
    0.999795
  ],
  "UDS": [
    1.76,
    1.7
  ],
  "TEL": [
    0.00223618,
    0.00220657
  ],
  "BCAP": [
    22.89,
    22.89
  ],
  "B": [
    0.222407,
    0.207404
  ],
  "SAND": [
    0.079309,
    0.07761
  ],
  "LUNC": [
    0.00003772,
    0.00003729
  ],
  "TWT": [
    0.489978,
    0.484054
  ],
  "PENDLE": [
    1.25,
    1.21
  ],
  "STRK": [
    0.03590991,
    0.03548953
  ],
  "AB": [
    0.00201568,
    0.00200221
  ],
  "XCN": [
    0.00515989,
    0.00513497
  ],
  "REAL": [
    0.060741,
    0.05997
  ],
  "PC0000031": [
    1,
    1
  ],
  "NEO": [
    2.69,
    2.66
  ],
  "VSN": [
    0.05215,
    0.051869
  ],
  "WIF": [
    0.188716,
    0.186528
  ],
  "NUSD": [
    0.998577,
    1.001
  ],
  "BORG": [
    0.188467,
    0.188111
  ],
  "REUSD": [
    1.068,
    1.068
  ],
  "AXS": [
    1.088,
    1.068
  ],
  "COMP": [
    18.94,
    18.69
  ],
  "GRASS": [
    0.331912,
    0.331818
  ],
  "WFI": [
    2.24,
    2.2
  ],
  "FARTCOIN": [
    0.183478,
    0.179523
  ],
  "WAL": [
    0.079161,
    0.077833
  ],
  "ZK": [
    0.0183598,
    0.01813667
  ],
  "FF": [
    0.071726,
    0.071726
  ],
  "H": [
    0.091695,
    0.090614
  ],
  "MANA": [
    0.08674,
    0.085126
  ],
  "MX": [
    1.79,
    1.79
  ],
  "KOGE": [
    47.98,
    47.97
  ],
  "FDIT": [
    1,
    1
  ],
  "THETA": [
    0.160684,
    0.158492
  ],
  "SATUSD": [
    0.994666,
    0.99502
  ],
  "RAY": [
    0.594692,
    0.588278
  ],
  "S": [
    0.04232897,
    0.04153359
  ],
  "FT": [
    0.097689
  ]
}