{
  "TUSD": [
    0.999361,
    0.999291
  ],
  "FTN": [
    1.089,
    1.089
  ],
  "ETHFI": [
    0.592696,
    0.595505
  ],
  "A7A5": [
    0.01171695,
    0.01171603
  ],
  "VIRTUAL": [
    0.694726,
    0.696506
  ],
  "CAKE": [
    1.37,
    1.37
  ],
  "STX": [
    0.245606,
    0.245722
  ],
  "PENGU": [
    0.00706366,
    0.00706524
  ],
  "DCR": [
    25.17,
    25.26
  ],
  "EURC": [
    1.16,
    1.16
  ],
  "XTZ": [
    0.395029,
    0.395443
  ],
  "SEI": [
    0.063098,
    0.063084
  ],
  "JAAA": [
    1.027,
    1.027
  ],
  "DASH": [
    32.84,
    32.99
  ],
  "KITE": [
    0.218042,
    0.215592
  ],
  "FDUSD": [
    0.999255,
    0.999311
  ],
  "CHZ": [
    0.03616421,
    0.03606084
  ],
  "USX": [
    0.99969,
    0.999676
  ],
  "PRIME": [
    1.028,
    1.029
  ],
  "KAU": [
    147.65,
    146.47
  ],
  "CRV": [
    0.234732,
    0.234693
  ],
  "SUN": [
    0.01784497,
    0.01796383
  ],
  "GNO": [
    130,
    130.43
  ],
  "USDAI": [
    0.999915,
    0.999789
  ],
  "CFX": [
    0.063719,
    0.064053
  ],
  "BTT": [
    3.36453e-7,
    3.36682e-7
  ],
  "NFT": [
    3.33639e-7,
    3.33351e-7
  ],
  "ADI": [
    3.24,
    3.23
  ],
  "INJ": [
    3.12,
    3.11
  ],
  "KAIA": [
    0.051321,
    0.051272
  ],
  "DEXE": [
    6.23,
    6.4
  ],
  "TIA": [
    0.333359,
    0.332419
  ],
  "AERO": [
    0.321203,
    0.32138
  ],
  "BSV": [
    14.54,
    14.54
  ],
  "FLOKI": [
    0.00002978,
    0.00002975
  ],
  "SPX": [
    0.304162,
    0.304094
  ],
  "JASMY": [
    0.0056794,
    0.00571563
  ],
  "GRT": [
    0.02602357,
    0.02598889
  ],
  "VVV": [
    6.1,
    6.16
  ],
  "SYRUP": [
    0.236454,
    0.237638
  ],
  "FRAX": [
    0.992108,
    0.99201
  ],
  "APEPE": [
    0.00000128,
    0.00000129
  ],
  "IOTA": [
    0.061519,
    0.06158
  ],
  "LIT": [
    1.058,
    1.072
  ],
  "IP": [
    0.74164,
    0.745946
  ],
  "FO": [
    0.264123,
    0.263293
  ],
  "2Z": [
    0.075712,
    0.075476
  ],
  "OP": [
    0.122715,
    0.122297
  ],
  "CRVUSD": [
    1,
    0.999519
  ],
  "LDO": [
    0.298258,
    0.297822
  ],
  "ZBCN": [
    0.00254793,
    0.00256605
  ],
  "PYTH": [
    0.04297044,
    0.04328285
  ],
  "OHM": [
    15.91,
    15.88
  ],
  "ENS": [
    6.2,
    6.2
  ],
  "BTSE": [
    1.46,
    1.46
  ],
  "MON": [
    0.02198395,
    0.02182956
  ],
  "TEL": [
    0.00244448,
    0.00244294
  ],
  "HNT": [
    1.23,
    1.23
  ],
  "STRK": [
    0.03978706,
    0.0394288
  ],
  "B": [
    0.218268,
    0.218913
  ],
  "LUNC": [
    0.00003958,
    0.00003981
  ],
  "USDA": [
    0.984014,
    0.984014
  ],
  "XPL": [
    0.096461,
    0.096616
  ],
  "AUSD": [
    0.999828,
    0.999886
  ],
  "SAND": [
    0.081184,
    0.081144
  ],
  "TWT": [
    0.505505,
    0.51023
  ],
  "BCAP": [
    22.99,
    22.99
  ],
  "PENDLE": [
    1.26,
    1.25
  ],
  "GRASS": [
    0.3828,
    0.381677
  ],
  "AB": [
    0.00205016,
    0.00204972
  ],
  "AXS": [
    1.2,
    1.19
  ],
  "NUSD": [
    0.999682,
    0.99941
  ],
  "9BIT": [
    0.02416227,
    0.02417493
  ],
  "BORG": [
    0.202093,
    0.201702
  ],
  "FARTCOIN": [
    0.195834,
    0.197716
  ],
  "XCN": [
    0.00522876,
    0.00523655
  ],
  "REUSD": [
    1.068,
    1.067
  ],
  "USTBL": [
    1.078,
    1.078
  ],
  "UDS": [
    1.55,
    1.54
  ],
  "VSN": [
    0.052986,
    0.052888
  ],
  "PC0000031": [
    1,
    1
  ],
  "NEO": [
    2.67,
    2.68
  ],
  "REAL": [
    0.059649,
    0.059804
  ],
  "COMP": [
    19.23,
    19.3
  ],
  "FLUID": [
    2.34,
    2.34
  ],
  "WIF": [
    0.180525,
    0.179509
  ],
  "WAL": [
    0.079938,
    0.080047
  ],
  "IUSD": [
    0.999325,
    0.999244
  ],
  "WFI": [
    2.16,
    2.16
  ],
  "FDIT": [
    1,
    1
  ],
  "H": [
    0.094942,
    0.0948
  ],
  "ZK": [
    0.01881114,
    0.01875189
  ],
  "CVX": [
    1.84,
    1.86
  ],
  "S": [
    0.04483846,
    0.04485796
  ],
  "MANA": [
    0.087861,
    0.087691
  ],
  "THETA": [
    0.169448,
    0.169546
  ],
  "FF": [
    0.070866,
    0.070783
  ],
  "RAY": [
    0.615928,
    0.616585
  ],
  "MX": [
    1.79,
    1.79
  ],
  "KOGE": [
    47.99,
    47.99
  ]
}