{
  "A7A5": [
    0.01232928,
    0.01209826
  ],
  "FTN": [
    1.088,
    1.089
  ],
  "CAKE": [
    1.43,
    1.42
  ],
  "VIRTUAL": [
    0.708725,
    0.70075
  ],
  "PENGU": [
    0.00713977,
    0.00703962
  ],
  "STX": [
    0.239607,
    0.23703
  ],
  "DASH": [
    33.8,
    33.16
  ],
  "EURC": [
    1.16,
    1.15
  ],
  "ETHFI": [
    0.540644,
    0.528821
  ],
  "RIVER": [
    21.77,
    21.18
  ],
  "XTZ": [
    0.380369,
    0.37765
  ],
  "SEI": [
    0.059878,
    0.059829
  ],
  "JAAA": [
    1.028,
    1.028
  ],
  "DCR": [
    22.39,
    22.55
  ],
  "FDUSD": [
    0.999257,
    0.998815
  ],
  "KITE": [
    0.220643,
    0.211762
  ],
  "CHZ": [
    0.03565729,
    0.03538262
  ],
  "PRIME": [
    1.028,
    1.028
  ],
  "USX": [
    0.999795,
    0.999583
  ],
  "SUN": [
    0.01806149,
    0.01804842
  ],
  "KAU": [
    145.01,
    143.72
  ],
  "DEXE": [
    7.27,
    7.22
  ],
  "CRV": [
    0.22875,
    0.225854
  ],
  "GNO": [
    127.87,
    126.32
  ],
  "NFT": [
    3.32744e-7,
    3.31858e-7
  ],
  "ADI": [
    4.05,
    4.07
  ],
  "BTT": [
    3.30655e-7,
    3.29814e-7
  ],
  "CFX": [
    0.060511,
    0.05994
  ],
  "USDAI": [
    0.999638,
    0.999558
  ],
  "AERO": [
    0.332538,
    0.331145
  ],
  "INJ": [
    3.03,
    3
  ],
  "KAIA": [
    0.04983115,
    0.04939703
  ],
  "TIA": [
    0.324803,
    0.321938
  ],
  "FLOKI": [
    0.00002967,
    0.00002934
  ],
  "BSV": [
    14.12,
    14.01
  ],
  "VVV": [
    6.29,
    6.16
  ],
  "MON": [
    0.0256103,
    0.02550537
  ],
  "FRAX": [
    0.990782,
    0.991016
  ],
  "SPX": [
    0.292816,
    0.290227
  ],
  "APEPE": [
    0.00000128,
    0.00000128
  ],
  "GRT": [
    0.02496344,
    0.02467179
  ],
  "JASMY": [
    0.00543198,
    0.00536464
  ],
  "KAG": [
    71.57,
    69.73
  ],
  "FO": [
    0.262965,
    0.262929
  ],
  "CRVUSD": [
    1,
    0.999584
  ],
  "SYRUP": [
    0.229454,
    0.225191
  ],
  "2Z": [
    0.07445,
    0.07359
  ],
  "IOTA": [
    0.058856,
    0.058275
  ],
  "LDO": [
    0.295126,
    0.291541
  ],
  "OHM": [
    15.63,
    15.6
  ],
  "LIT": [
    0.973149,
    0.952665
  ],
  "OP": [
    0.111567,
    0.110571
  ],
  "BTSE": [
    1.45,
    1.44
  ],
  "XPL": [
    0.098662,
    0.097898
  ],
  "USTBL": [
    1.078,
    1.078
  ],
  "ZBCN": [
    0.00237529,
    0.00233921
  ],
  "ENS": [
    5.99,
    5.94
  ],
  "PYTH": [
    0.0397939,
    0.0394527
  ],
  "HNT": [
    1.23,
    1.22
  ],
  "IP": [
    0.647238,
    0.638593
  ],
  "9BIT": [
    0.02706606,
    0.02708301
  ],
  "B": [
    0.219721,
    0.222407
  ],
  "UDS": [
    1.77,
    1.76
  ],
  "USDA": [
    0.984662,
    0.984662
  ],
  "AUSD": [
    0.999874,
    0.999694
  ],
  "TEL": [
    0.00225364,
    0.00223618
  ],
  "SAND": [
    0.080034,
    0.079309
  ],
  "BCAP": [
    22.89,
    22.89
  ],
  "PENDLE": [
    1.26,
    1.25
  ],
  "LUNC": [
    0.00003811,
    0.00003772
  ],
  "TWT": [
    0.496623,
    0.489978
  ],
  "STRK": [
    0.03621684,
    0.03590991
  ],
  "AB": [
    0.00201842,
    0.00201568
  ],
  "XCN": [
    0.00523235,
    0.00515989
  ],
  "REAL": [
    0.061279,
    0.060741
  ],
  "NEO": [
    2.72,
    2.69
  ],
  "PC0000031": [
    1,
    1
  ],
  "WIF": [
    0.189816,
    0.188716
  ],
  "VSN": [
    0.052434,
    0.05215
  ],
  "BORG": [
    0.185685,
    0.188467
  ],
  "NUSD": [
    0.999321,
    0.998577
  ],
  "AXS": [
    1.099,
    1.088
  ],
  "FARTCOIN": [
    0.186608,
    0.183478
  ],
  "REUSD": [
    1.068,
    1.068
  ],
  "COMP": [
    19.11,
    18.94
  ],
  "WFI": [
    2.24,
    2.24
  ],
  "GRASS": [
    0.331913,
    0.331912
  ],
  "WAL": [
    0.079688,
    0.079161
  ],
  "ZK": [
    0.01853397,
    0.0183598
  ],
  "FF": [
    0.071526,
    0.071726
  ],
  "MANA": [
    0.087542,
    0.08674
  ],
  "H": [
    0.093184,
    0.091695
  ],
  "MX": [
    1.8,
    1.79
  ],
  "KOGE": [
    47.97,
    47.98
  ],
  "THETA": [
    0.163466,
    0.160684
  ],
  "BAT": [
    0.109169,
    0.107113
  ],
  "S": [
    0.04268102,
    0.04232897
  ],
  "RAY": [
    0.600647,
    0.594692
  ],
  "FDIT": [
    1,
    1
  ],
  "SATUSD": [
    0.994649,
    0.994666
  ]
}