{
  "FTN": [
    1.089,
    1.088
  ],
  "FET": [
    0.205875,
    0.207173
  ],
  "CAKE": [
    1.4,
    1.41
  ],
  "A7A5": [
    0.01169654,
    0.01166969
  ],
  "DCR": [
    26.4,
    26.3
  ],
  "VIRTUAL": [
    0.697598,
    0.69351
  ],
  "STX": [
    0.243335,
    0.243812
  ],
  "PENGU": [
    0.0070033,
    0.00699556
  ],
  "EURC": [
    1.15,
    1.16
  ],
  "SEI": [
    0.06334,
    0.063428
  ],
  "JAAA": [
    1.027,
    1.027
  ],
  "ETHFI": [
    0.531802,
    0.528064
  ],
  "XTZ": [
    0.383605,
    0.384377
  ],
  "DASH": [
    31.39,
    31.4
  ],
  "FDUSD": [
    1.004,
    0.999276
  ],
  "CHZ": [
    0.03542598,
    0.03558813
  ],
  "USX": [
    0.999718,
    0.999842
  ],
  "KITE": [
    0.193838,
    0.198292
  ],
  "KAU": [
    148.38,
    148.13
  ],
  "CRV": [
    0.232815,
    0.232362
  ],
  "GNO": [
    130.78,
    130.72
  ],
  "PRIME": [
    1.025,
    1.025
  ],
  "SUN": [
    0.01738388,
    0.01747182
  ],
  "BTT": [
    3.33412e-7,
    3.33283e-7
  ],
  "NFT": [
    3.31955e-7,
    3.31927e-7
  ],
  "USDAI": [
    0.999676,
    0.999692
  ],
  "ADI": [
    3.26,
    3.28
  ],
  "CFX": [
    0.061262,
    0.061279
  ],
  "KAIA": [
    0.051128,
    0.051399
  ],
  "TIA": [
    0.335796,
    0.333624
  ],
  "INJ": [
    2.97,
    2.98
  ],
  "AERO": [
    0.31878,
    0.319817
  ],
  "LIT": [
    1.12,
    1.17
  ],
  "DEXE": [
    6.23,
    6.19
  ],
  "BSV": [
    14.37,
    14.36
  ],
  "FLOKI": [
    0.0000291,
    0.00002914
  ],
  "JASMY": [
    0.00564312,
    0.00562172
  ],
  "SPX": [
    0.299161,
    0.298592
  ],
  "SYRUP": [
    0.241014,
    0.239229
  ],
  "GRT": [
    0.02577055,
    0.02568423
  ],
  "FRAX": [
    0.992695,
    0.992412
  ],
  "IP": [
    0.775191,
    0.767899
  ],
  "IOTA": [
    0.061669,
    0.06207
  ],
  "2Z": [
    0.077104,
    0.077415
  ],
  "APEPE": [
    0.00000128,
    0.00000128
  ],
  "FO": [
    0.264121,
    0.263117
  ],
  "BTSE": [
    1.62,
    1.61
  ],
  "CRVUSD": [
    1.002,
    1.004
  ],
  "OHM": [
    16.54,
    16.52
  ],
  "PYTH": [
    0.044653,
    0.04435417
  ],
  "OP": [
    0.120189,
    0.120111
  ],
  "LDO": [
    0.294626,
    0.295074
  ],
  "B": [
    0.238587,
    0.241692
  ],
  "MON": [
    0.02195279,
    0.02209542
  ],
  "ENS": [
    6.18,
    6.18
  ],
  "VVV": [
    5.31,
    5.26
  ],
  "HNT": [
    1.29,
    1.27
  ],
  "TEL": [
    0.00246365,
    0.0024593
  ],
  "XPL": [
    0.100013,
    0.099068
  ],
  "UDS": [
    1.81,
    1.78
  ],
  "ZBCN": [
    0.00205955,
    0.0022739
  ],
  "LUNC": [
    0.00003982,
    0.00003984
  ],
  "USDA": [
    0.984014,
    0.984014
  ],
  "AUSD": [
    1,
    0.999972
  ],
  "SAND": [
    0.081186,
    0.081107
  ],
  "TWT": [
    0.51356,
    0.514192
  ],
  "BCAP": [
    22.99,
    22.99
  ],
  "AB": [
    0.00210037,
    0.00209739
  ],
  "GRASS": [
    0.37473,
    0.383652
  ],
  "STRK": [
    0.03640139,
    0.03663096
  ],
  "PENDLE": [
    1.23,
    1.24
  ],
  "NUSD": [
    1.002,
    0.999678
  ],
  "9BIT": [
    0.0247145,
    0.02451884
  ],
  "BORG": [
    0.20226,
    0.20531
  ],
  "AXS": [
    1.17,
    1.18
  ],
  "XCN": [
    0.00535028,
    0.00523579
  ],
  "USTBL": [
    1.077,
    1.077
  ],
  "REUSD": [
    1.067,
    1.067
  ],
  "NEO": [
    2.7,
    2.71
  ],
  "PC0000031": [
    1,
    1
  ],
  "VSN": [
    0.052969,
    0.052473
  ],
  "FARTCOIN": [
    0.189453,
    0.187814
  ],
  "REAL": [
    0.057838,
    0.058196
  ],
  "COMP": [
    18.41,
    18.66
  ],
  "WFI": [
    2.22,
    2.2
  ],
  "FDIT": [
    1,
    1
  ],
  "ZK": [
    0.01891049,
    0.01910741
  ],
  "FLUID": [
    2.18,
    2.24
  ],
  "WAL": [
    0.07857,
    0.078348
  ],
  "IUSD": [
    1,
    1
  ],
  "H": [
    0.098017,
    0.095254
  ],
  "MANA": [
    0.089136,
    0.089145
  ],
  "THETA": [
    0.172436,
    0.17247
  ],
  "WIF": [
    0.172936,
    0.172262
  ],
  "S": [
    0.04360753,
    0.04361111
  ],
  "FF": [
    0.070348,
    0.07053
  ],
  "MX": [
    1.79,
    1.79
  ],
  "RAY": [
    0.607777,
    0.606818
  ],
  "KOGE": [
    48,
    48
  ],
  "CVX": [
    1.75,
    1.76
  ]
}