{
  "A7A5": [
    0.01245678,
    0.01239744
  ],
  "VIRTUAL": [
    0.72819,
    0.7286
  ],
  "FTN": [
    1.089,
    1.088
  ],
  "CAKE": [
    1.43,
    1.43
  ],
  "PENGU": [
    0.00728181,
    0.00735347
  ],
  "STX": [
    0.243748,
    0.24349
  ],
  "ETHFI": [
    0.543576,
    0.549399
  ],
  "DASH": [
    34.69,
    34.12
  ],
  "RIVER": [
    22.98,
    21.98
  ],
  "EURC": [
    1.16,
    1.16
  ],
  "KITE": [
    0.226382,
    0.236539
  ],
  "XTZ": [
    0.395407,
    0.393142
  ],
  "SEI": [
    0.061029,
    0.061171
  ],
  "DCR": [
    21.01,
    22.91
  ],
  "JAAA": [
    1.027,
    1.027
  ],
  "FDUSD": [
    0.999216,
    0.99981
  ],
  "ADI": [
    3.67,
    3.81
  ],
  "CHZ": [
    0.0362436,
    0.03592934
  ],
  "USX": [
    0.999496,
    0.999523
  ],
  "PRIME": [
    1.028,
    1.027
  ],
  "CRV": [
    0.236744,
    0.234943
  ],
  "KAU": [
    147.19,
    146.78
  ],
  "GNO": [
    129.08,
    128.75
  ],
  "SUN": [
    0.0175352,
    0.01754431
  ],
  "DEXE": [
    7.15,
    7.13
  ],
  "CFX": [
    0.062804,
    0.0634
  ],
  "NFT": [
    3.32932e-7,
    3.32002e-7
  ],
  "BTT": [
    3.32491e-7,
    3.31573e-7
  ],
  "USDAI": [
    0.999712,
    0.999698
  ],
  "AERO": [
    0.336787,
    0.331911
  ],
  "INJ": [
    3.07,
    3.06
  ],
  "KAIA": [
    0.051378,
    0.05106
  ],
  "TIA": [
    0.333188,
    0.332876
  ],
  "FLOKI": [
    0.00003029,
    0.00003074
  ],
  "VVV": [
    6.51,
    6.55
  ],
  "BSV": [
    14.29,
    14.27
  ],
  "SPX": [
    0.302214,
    0.298791
  ],
  "SYRUP": [
    0.232739,
    0.236773
  ],
  "JASMY": [
    0.00555915,
    0.00553025
  ],
  "FRAX": [
    0.991202,
    0.991011
  ],
  "GRT": [
    0.02530306,
    0.02527432
  ],
  "MON": [
    0.02313788,
    0.02501865
  ],
  "APEPE": [
    0.00000128,
    0.00000128
  ],
  "2Z": [
    0.076099,
    0.07542
  ],
  "FO": [
    0.263739,
    0.262953
  ],
  "CRVUSD": [
    0.998085,
    0.998707
  ],
  "IOTA": [
    0.05876,
    0.058929
  ],
  "LDO": [
    0.299165,
    0.301235
  ],
  "OHM": [
    16.04,
    16.03
  ],
  "LIT": [
    1.005,
    0.981541
  ],
  "OP": [
    0.113956,
    0.113033
  ],
  "ENS": [
    6.16,
    6.14
  ],
  "XPL": [
    0.097232,
    0.099033
  ],
  "BTSE": [
    1.46,
    1.45
  ],
  "PYTH": [
    0.04099009,
    0.04079543
  ],
  "ZBCN": [
    0.00232755,
    0.00234909
  ],
  "HNT": [
    1.25,
    1.24
  ],
  "IP": [
    0.648924,
    0.647471
  ],
  "B": [
    0.22,
    0.220508
  ],
  "UDS": [
    1.77,
    1.77
  ],
  "SAND": [
    0.081939,
    0.082147
  ],
  "USDA": [
    0.984613,
    0.984674
  ],
  "AUSD": [
    1,
    0.999792
  ],
  "TEL": [
    0.00226654,
    0.00225756
  ],
  "LUNC": [
    0.00003871,
    0.00003868
  ],
  "9BIT": [
    0.02547295,
    0.02582969
  ],
  "STRK": [
    0.03726832,
    0.0371834
  ],
  "BCAP": [
    22.89,
    22.89
  ],
  "PENDLE": [
    1.25,
    1.25
  ],
  "TWT": [
    0.493293,
    0.492246
  ],
  "AB": [
    0.00202012,
    0.00202291
  ],
  "WIF": [
    0.194477,
    0.197339
  ],
  "XCN": [
    0.0052705,
    0.00524324
  ],
  "REAL": [
    0.061796,
    0.061448
  ],
  "NEO": [
    2.77,
    2.76
  ],
  "USTBL": [
    1.078,
    1.078
  ],
  "FARTCOIN": [
    0.193209,
    0.192564
  ],
  "BORG": [
    0.19674,
    0.195633
  ],
  "AXS": [
    1.12,
    1.12
  ],
  "PC0000031": [
    1,
    1
  ],
  "COMP": [
    19.64,
    19.52
  ],
  "NUSD": [
    1,
    0.998852
  ],
  "VSN": [
    0.051708,
    0.051481
  ],
  "GRASS": [
    0.345941,
    0.338286
  ],
  "REUSD": [
    1.068,
    1.068
  ],
  "WFI": [
    2.23,
    2.21
  ],
  "WAL": [
    0.080528,
    0.080655
  ],
  "ZK": [
    0.01859639,
    0.01851756
  ],
  "H": [
    0.094982,
    0.093378
  ],
  "MANA": [
    0.088375,
    0.088022
  ],
  "S": [
    0.04385257,
    0.04432662
  ],
  "FF": [
    0.071166,
    0.071399
  ],
  "CVX": [
    1.81,
    1.81
  ],
  "JTO": [
    0.36036,
    0.366654
  ],
  "MX": [
    1.79,
    1.79
  ],
  "RAY": [
    0.616001,
    0.612848
  ],
  "BAT": [
    0.107491,
    0.10861
  ],
  "KOGE": [
    47.98,
    47.99
  ],
  "FDIT": [
    1,
    1
  ],
  "THETA": [
    0.162133,
    0.161434
  ]
}