{
  "TUSD": [
    0.999531,
    0.999746
  ],
  "A7A5": [
    0.01215496,
    0.01213921
  ],
  "FTN": [
    1.089,
    1.089
  ],
  "CAKE": [
    1.42,
    1.4
  ],
  "VIRTUAL": [
    0.69723,
    0.690784
  ],
  "STX": [
    0.244565,
    0.242807
  ],
  "PENGU": [
    0.00710538,
    0.00704877
  ],
  "DASH": [
    34.16,
    34.21
  ],
  "EURC": [
    1.16,
    1.16
  ],
  "ETHFI": [
    0.54529,
    0.540257
  ],
  "JAAA": [
    1.027,
    1.027
  ],
  "XTZ": [
    0.392378,
    0.38788
  ],
  "KITE": [
    0.227987,
    0.229884
  ],
  "SEI": [
    0.06103,
    0.059797
  ],
  "DCR": [
    22.94,
    22.68
  ],
  "FDUSD": [
    0.999533,
    0.999717
  ],
  "CHZ": [
    0.03577779,
    0.0355455
  ],
  "USX": [
    0.999556,
    0.999506
  ],
  "SUN": [
    0.01868244,
    0.01851982
  ],
  "PRIME": [
    1.028,
    1.026
  ],
  "DEXE": [
    7.34,
    7.38
  ],
  "KAU": [
    143.98,
    143.25
  ],
  "GNO": [
    130.02,
    128.39
  ],
  "NFT": [
    3.34097e-7,
    3.3414e-7
  ],
  "BTT": [
    3.33945e-7,
    3.32425e-7
  ],
  "CRV": [
    0.223704,
    0.21883
  ],
  "AERO": [
    0.36543,
    0.350323
  ],
  "ADI": [
    3.28,
    3.29
  ],
  "USDAI": [
    0.999556,
    0.999678
  ],
  "CFX": [
    0.060737,
    0.06028
  ],
  "INJ": [
    3.06,
    3.04
  ],
  "KAIA": [
    0.051263,
    0.050928
  ],
  "TIA": [
    0.325909,
    0.324217
  ],
  "BSV": [
    14.42,
    14.33
  ],
  "FLOKI": [
    0.00002989,
    0.00002965
  ],
  "JASMY": [
    0.00567238,
    0.00563287
  ],
  "SPX": [
    0.305079,
    0.299117
  ],
  "VVV": [
    6.1,
    6.16
  ],
  "FRAX": [
    0.991138,
    0.991539
  ],
  "SYRUP": [
    0.235134,
    0.233821
  ],
  "GRT": [
    0.02532102,
    0.02507285
  ],
  "APEPE": [
    0.00000127,
    0.00000126
  ],
  "FO": [
    0.263488,
    0.26368
  ],
  "CRVUSD": [
    0.996249,
    1.001
  ],
  "2Z": [
    0.074748,
    0.074568
  ],
  "IOTA": [
    0.059123,
    0.058726
  ],
  "OHM": [
    15.9,
    15.91
  ],
  "LDO": [
    0.293951,
    0.290212
  ],
  "OP": [
    0.116401,
    0.114394
  ],
  "HNT": [
    1.31,
    1.31
  ],
  "BTSE": [
    1.47,
    1.47
  ],
  "ZBCN": [
    0.0023677,
    0.00240883
  ],
  "ENS": [
    6.15,
    6.12
  ],
  "LIT": [
    0.955229,
    0.943974
  ],
  "MON": [
    0.02188523,
    0.02145961
  ],
  "PYTH": [
    0.04025526,
    0.04014078
  ],
  "IP": [
    0.659417,
    0.649563
  ],
  "TEL": [
    0.00231898,
    0.00231965
  ],
  "USDA": [
    0.98377,
    0.983724
  ],
  "AUSD": [
    0.999824,
    0.999863
  ],
  "XPL": [
    0.095599,
    0.096321
  ],
  "UDS": [
    1.51,
    1.73
  ],
  "SAND": [
    0.08171,
    0.080014
  ],
  "BCAP": [
    22.99,
    22.99
  ],
  "TWT": [
    0.506828,
    0.501906
  ],
  "LUNC": [
    0.00003777,
    0.00003787
  ],
  "B": [
    0.208776,
    0.205131
  ],
  "STRK": [
    0.036773,
    0.03612104
  ],
  "PENDLE": [
    1.2,
    1.21
  ],
  "AB": [
    0.00202447,
    0.00201955
  ],
  "9BIT": [
    0.02417163,
    0.02410426
  ],
  "BORG": [
    0.204179,
    0.19978
  ],
  "XCN": [
    0.00516457,
    0.00520363
  ],
  "USTBL": [
    1.078,
    1.078
  ],
  "REAL": [
    0.061682,
    0.061229
  ],
  "NEO": [
    2.7,
    2.7
  ],
  "PC0000031": [
    1,
    1
  ],
  "VSN": [
    0.052346,
    0.052654
  ],
  "NUSD": [
    0.999087,
    1.001
  ],
  "GRASS": [
    0.353046,
    0.347302
  ],
  "AXS": [
    1.13,
    1.1
  ],
  "WIF": [
    0.182105,
    0.186645
  ],
  "COMP": [
    19.17,
    19.08
  ],
  "REUSD": [
    1.067,
    1.067
  ],
  "WAL": [
    0.080632,
    0.080624
  ],
  "FARTCOIN": [
    0.189183,
    0.178859
  ],
  "WFI": [
    2.22,
    2.18
  ],
  "FDIT": [
    1,
    1
  ],
  "H": [
    0.097068,
    0.096424
  ],
  "FF": [
    0.072003,
    0.072532
  ],
  "MANA": [
    0.087651,
    0.086965
  ],
  "S": [
    0.04400384,
    0.0443042
  ],
  "CVX": [
    1.85,
    1.83
  ],
  "ZK": [
    0.01815568,
    0.0180965
  ],
  "MX": [
    1.79,
    1.79
  ],
  "RAY": [
    0.613224,
    0.60645
  ],
  "KOGE": [
    47.99,
    47.98
  ],
  "THETA": [
    0.162835,
    0.161866
  ],
  "SATUSD": [
    0.996339,
    0.99491
  ],
  "FT": [
    0.097477,
    0.097676
  ]
}