{
  "ETHFI": [
    0.591638,
    0.616283
  ],
  "RIVER": [
    21.72,
    24.48
  ],
  "FTN": [
    1.089,
    1.088
  ],
  "A7A5": [
    0.01177417,
    0.01177389
  ],
  "VIRTUAL": [
    0.701814,
    0.70161
  ],
  "CAKE": [
    1.39,
    1.39
  ],
  "DCR": [
    26.35,
    26.16
  ],
  "STX": [
    0.245018,
    0.245634
  ],
  "PENGU": [
    0.00711151,
    0.00712107
  ],
  "XTZ": [
    0.398949,
    0.399244
  ],
  "EURC": [
    1.16,
    1.16
  ],
  "SEI": [
    0.063626,
    0.063446
  ],
  "JAAA": [
    1.027,
    1.027
  ],
  "DASH": [
    32.08,
    32.26
  ],
  "KITE": [
    0.215603,
    0.217646
  ],
  "FDUSD": [
    0.999653,
    0.999268
  ],
  "CHZ": [
    0.03623718,
    0.03656975
  ],
  "USX": [
    0.999829,
    0.999647
  ],
  "PRIME": [
    1.027,
    1.028
  ],
  "KAU": [
    147.4,
    147.35
  ],
  "CRV": [
    0.234812,
    0.23457
  ],
  "GNO": [
    130.82,
    130.89
  ],
  "SUN": [
    0.0177301,
    0.01788667
  ],
  "CFX": [
    0.065176,
    0.066004
  ],
  "BTT": [
    3.36563e-7,
    3.36584e-7
  ],
  "NFT": [
    3.34081e-7,
    3.33673e-7
  ],
  "USDAI": [
    0.999882,
    0.999685
  ],
  "ADI": [
    3.24,
    3.24
  ],
  "INJ": [
    3.08,
    3.1
  ],
  "DEXE": [
    6.17,
    6.44
  ],
  "KAIA": [
    0.051191,
    0.051312
  ],
  "TIA": [
    0.333415,
    0.334751
  ],
  "AERO": [
    0.32013,
    0.320092
  ],
  "BSV": [
    14.73,
    14.72
  ],
  "FLOKI": [
    0.00002975,
    0.0000299
  ],
  "SPX": [
    0.304346,
    0.306708
  ],
  "GRT": [
    0.02604689,
    0.02614631
  ],
  "JASMY": [
    0.00562945,
    0.00564718
  ],
  "SYRUP": [
    0.238883,
    0.237091
  ],
  "FRAX": [
    0.992555,
    0.9928
  ],
  "LIT": [
    1.072,
    1.083
  ],
  "APEPE": [
    0.00000129,
    0.00000129
  ],
  "IOTA": [
    0.061532,
    0.061554
  ],
  "2Z": [
    0.076805,
    0.076577
  ],
  "FO": [
    0.263953,
    0.265058
  ],
  "IP": [
    0.745651,
    0.750565
  ],
  "OP": [
    0.122754,
    0.12295
  ],
  "CRVUSD": [
    0.99804,
    1.001
  ],
  "LDO": [
    0.298345,
    0.30018
  ],
  "OHM": [
    16.27,
    16.2
  ],
  "ZBCN": [
    0.00265129,
    0.00257995
  ],
  "VVV": [
    5.54,
    5.57
  ],
  "PYTH": [
    0.04345938,
    0.04306107
  ],
  "ENS": [
    6.24,
    6.29
  ],
  "BTSE": [
    1.48,
    1.48
  ],
  "MON": [
    0.02194701,
    0.02185618
  ],
  "TEL": [
    0.00244791,
    0.00245161
  ],
  "HNT": [
    1.27,
    1.26
  ],
  "B": [
    0.221637,
    0.226962
  ],
  "SAND": [
    0.081492,
    0.081545
  ],
  "USDA": [
    0.984014,
    0.984014
  ],
  "AUSD": [
    0.999952,
    0.999807
  ],
  "LUNC": [
    0.0000393,
    0.00003949
  ],
  "XPL": [
    0.095689,
    0.095337
  ],
  "TWT": [
    0.512818,
    0.510817
  ],
  "PENDLE": [
    1.27,
    1.27
  ],
  "BCAP": [
    22.99,
    22.99
  ],
  "UDS": [
    1.68,
    1.68
  ],
  "GRASS": [
    0.381933,
    0.381683
  ],
  "STRK": [
    0.03577823,
    0.03610883
  ],
  "AB": [
    0.00206135,
    0.00205967
  ],
  "AXS": [
    1.2,
    1.2
  ],
  "NUSD": [
    0.999861,
    0.998932
  ],
  "BORG": [
    0.203073,
    0.202154
  ],
  "FARTCOIN": [
    0.195284,
    0.196476
  ],
  "XCN": [
    0.00520552,
    0.0052236
  ],
  "REUSD": [
    1.068,
    1.068
  ],
  "USTBL": [
    1.078,
    1.078
  ],
  "NEO": [
    2.71,
    2.72
  ],
  "PC0000031": [
    1,
    1
  ],
  "VSN": [
    0.052647,
    0.052624
  ],
  "REAL": [
    0.059602,
    0.059812
  ],
  "9BIT": [
    0.02288794,
    0.02286747
  ],
  "COMP": [
    19.37,
    19.29
  ],
  "FLUID": [
    2.33,
    2.34
  ],
  "WAL": [
    0.080298,
    0.080644
  ],
  "WIF": [
    0.178702,
    0.1793
  ],
  "FDIT": [
    1,
    1
  ],
  "WFI": [
    2.21,
    2.17
  ],
  "IUSD": [
    0.999528,
    0.999533
  ],
  "H": [
    0.095058,
    0.095452
  ],
  "THETA": [
    0.170762,
    0.171417
  ],
  "ZK": [
    0.01845276,
    0.01856447
  ],
  "MANA": [
    0.088758,
    0.088349
  ],
  "CVX": [
    1.85,
    1.84
  ],
  "S": [
    0.04457418,
    0.04436072
  ],
  "RAY": [
    0.618447,
    0.619621
  ],
  "FF": [
    0.070979,
    0.070889
  ],
  "MX": [
    1.79,
    1.79
  ],
  "KOGE": [
    47.99,
    47.99
  ]
}