{
  "RIVER": [
    25.23,
    25.18
  ],
  "FTN": [
    1.089,
    1.09
  ],
  "A7A5": [
    0.01185432,
    0.01185058
  ],
  "ETHFI": [
    0.587263,
    0.588615
  ],
  "VIRTUAL": [
    0.696471,
    0.702202
  ],
  "CAKE": [
    1.37,
    1.38
  ],
  "STX": [
    0.245222,
    0.246635
  ],
  "PENGU": [
    0.00703752,
    0.0070885
  ],
  "DCR": [
    24.92,
    24.85
  ],
  "XTZ": [
    0.397345,
    0.397042
  ],
  "EURC": [
    1.16,
    1.16
  ],
  "SEI": [
    0.062892,
    0.063209
  ],
  "JAAA": [
    1.027,
    1.027
  ],
  "DASH": [
    32.89,
    33.09
  ],
  "KITE": [
    0.220226,
    0.220096
  ],
  "FDUSD": [
    0.999832,
    0.999008
  ],
  "CHZ": [
    0.036208,
    0.03640596
  ],
  "USX": [
    0.99962,
    0.999694
  ],
  "PRIME": [
    1.027,
    1.029
  ],
  "CRV": [
    0.234727,
    0.235244
  ],
  "GNO": [
    131.01,
    130.41
  ],
  "SUN": [
    0.01773728,
    0.01776602
  ],
  "CFX": [
    0.063857,
    0.064553
  ],
  "KAU": [
    141.69,
    140.36
  ],
  "BTT": [
    3.36436e-7,
    3.36614e-7
  ],
  "NFT": [
    3.34529e-7,
    3.34388e-7
  ],
  "USDAI": [
    0.999831,
    0.999838
  ],
  "ADI": [
    3.23,
    3.23
  ],
  "INJ": [
    3.11,
    3.15
  ],
  "KAIA": [
    0.051554,
    0.051601
  ],
  "TIA": [
    0.331926,
    0.3349
  ],
  "AERO": [
    0.321851,
    0.322341
  ],
  "BSV": [
    14.62,
    14.59
  ],
  "FLOKI": [
    0.00002968,
    0.00002991
  ],
  "SPX": [
    0.305284,
    0.305906
  ],
  "DEXE": [
    6.04,
    6.01
  ],
  "GRT": [
    0.02592134,
    0.02609428
  ],
  "JASMY": [
    0.00561281,
    0.00566343
  ],
  "SYRUP": [
    0.237343,
    0.23723
  ],
  "FRAX": [
    0.992133,
    0.992276
  ],
  "VVV": [
    6.04,
    6.08
  ],
  "APEPE": [
    0.00000128,
    0.00000128
  ],
  "IOTA": [
    0.061413,
    0.061691
  ],
  "2Z": [
    0.075975,
    0.076075
  ],
  "LIT": [
    1.057,
    1.053
  ],
  "FO": [
    0.263443,
    0.263617
  ],
  "OP": [
    0.12209,
    0.123658
  ],
  "IP": [
    0.73884,
    0.740077
  ],
  "CRVUSD": [
    0.997959,
    0.998747
  ],
  "LDO": [
    0.297512,
    0.299099
  ],
  "PYTH": [
    0.04315648,
    0.04370024
  ],
  "OHM": [
    15.9,
    15.92
  ],
  "ZBCN": [
    0.0025182,
    0.00249618
  ],
  "ENS": [
    6.21,
    6.24
  ],
  "MON": [
    0.02187501,
    0.02200369
  ],
  "BTSE": [
    1.46,
    1.46
  ],
  "TEL": [
    0.00244434,
    0.00244839
  ],
  "HNT": [
    1.24,
    1.24
  ],
  "B": [
    0.221486,
    0.220167
  ],
  "STRK": [
    0.03768707,
    0.03870354
  ],
  "SAND": [
    0.080827,
    0.081543
  ],
  "USDA": [
    0.984014,
    0.984014
  ],
  "AUSD": [
    0.999767,
    0.999791
  ],
  "LUNC": [
    0.00003944,
    0.0000396
  ],
  "XPL": [
    0.096279,
    0.096188
  ],
  "TWT": [
    0.505423,
    0.505606
  ],
  "BCAP": [
    22.99,
    22.99
  ],
  "PENDLE": [
    1.25,
    1.26
  ],
  "GRASS": [
    0.380065,
    0.383266
  ],
  "AB": [
    0.00205071,
    0.00205175
  ],
  "AXS": [
    1.19,
    1.19
  ],
  "NUSD": [
    0.998896,
    0.998638
  ],
  "9BIT": [
    0.02424248,
    0.02420734
  ],
  "BORG": [
    0.203485,
    0.201747
  ],
  "FARTCOIN": [
    0.197698,
    0.196849
  ],
  "XCN": [
    0.00523126,
    0.00523676
  ],
  "REUSD": [
    1.068,
    1.068
  ],
  "USTBL": [
    1.078,
    1.078
  ],
  "UDS": [
    1.59,
    1.55
  ],
  "REAL": [
    0.059955,
    0.059935
  ],
  "PC0000031": [
    1,
    1
  ],
  "NEO": [
    2.67,
    2.68
  ],
  "VSN": [
    0.052463,
    0.052435
  ],
  "COMP": [
    19.21,
    19.25
  ],
  "FLUID": [
    2.35,
    2.35
  ],
  "WIF": [
    0.178509,
    0.180914
  ],
  "WAL": [
    0.079869,
    0.08028
  ],
  "FDIT": [
    1,
    1
  ],
  "IUSD": [
    0.99947,
    0.999239
  ],
  "WFI": [
    2.15,
    2.16
  ],
  "ZK": [
    0.01866009,
    0.01896319
  ],
  "H": [
    0.095067,
    0.094868
  ],
  "MANA": [
    0.087466,
    0.088489
  ],
  "THETA": [
    0.169529,
    0.170236
  ],
  "S": [
    0.04466247,
    0.04476382
  ],
  "CVX": [
    1.84,
    1.84
  ],
  "FF": [
    0.070935,
    0.070936
  ],
  "RAY": [
    0.616893,
    0.617332
  ],
  "MX": [
    1.79,
    1.79
  ],
  "KOGE": [
    47.99,
    47.99
  ]
}