{
  "RIVER": [
    24.61
  ],
  "A7A5": [
    0.01213921,
    0.01213945
  ],
  "FTN": [
    1.089,
    1.088
  ],
  "CAKE": [
    1.4,
    1.41
  ],
  "VIRTUAL": [
    0.690784,
    0.687492
  ],
  "STX": [
    0.242807,
    0.243883
  ],
  "PENGU": [
    0.00704877,
    0.00702214
  ],
  "DASH": [
    34.21,
    34.08
  ],
  "EURC": [
    1.16,
    1.16
  ],
  "ETHFI": [
    0.540257,
    0.537636
  ],
  "JAAA": [
    1.027,
    1.027
  ],
  "XTZ": [
    0.38788,
    0.388709
  ],
  "KITE": [
    0.229884,
    0.229886
  ],
  "SEI": [
    0.059797,
    0.059856
  ],
  "DCR": [
    22.68,
    22.77
  ],
  "FDUSD": [
    0.999717,
    0.999685
  ],
  "CHZ": [
    0.0355455,
    0.0355082
  ],
  "USX": [
    0.999506,
    0.999804
  ],
  "SUN": [
    0.01851982,
    0.01847134
  ],
  "PRIME": [
    1.026,
    1.026
  ],
  "DEXE": [
    7.38,
    7.53
  ],
  "GNO": [
    128.39,
    128.63
  ],
  "KAU": [
    143.25,
    141.86
  ],
  "NFT": [
    3.3414e-7,
    3.34122e-7
  ],
  "BTT": [
    3.32425e-7,
    3.33295e-7
  ],
  "CRV": [
    0.21883,
    0.219024
  ],
  "AERO": [
    0.350323,
    0.35087
  ],
  "ADI": [
    3.29,
    3.29
  ],
  "USDAI": [
    0.999678,
    0.99973
  ],
  "CFX": [
    0.06028,
    0.060118
  ],
  "INJ": [
    3.04,
    3.05
  ],
  "KAIA": [
    0.050928,
    0.050626
  ],
  "TIA": [
    0.324217,
    0.325753
  ],
  "FLOKI": [
    0.00002965,
    0.00002968
  ],
  "BSV": [
    14.33,
    14.31
  ],
  "SPX": [
    0.299117,
    0.299392
  ],
  "JASMY": [
    0.00563287,
    0.00562408
  ],
  "FRAX": [
    0.991539,
    0.991084
  ],
  "VVV": [
    6.16,
    6.05
  ],
  "GRT": [
    0.02507285,
    0.02508204
  ],
  "SYRUP": [
    0.233821,
    0.232861
  ],
  "APEPE": [
    0.00000126,
    0.00000126
  ],
  "2Z": [
    0.074568,
    0.076019
  ],
  "FO": [
    0.26368,
    0.2637
  ],
  "CRVUSD": [
    1.001,
    0.999271
  ],
  "IOTA": [
    0.058726,
    0.05894
  ],
  "OHM": [
    15.91,
    15.86
  ],
  "LDO": [
    0.290212,
    0.291774
  ],
  "ZBCN": [
    0.00240883,
    0.00248909
  ],
  "LIT": [
    0.943974,
    0.970338
  ],
  "OP": [
    0.114394,
    0.114237
  ],
  "HNT": [
    1.31,
    1.31
  ],
  "BTSE": [
    1.47,
    1.46
  ],
  "ENS": [
    6.12,
    6.15
  ],
  "MON": [
    0.02145961,
    0.02142469
  ],
  "IP": [
    0.649563,
    0.658033
  ],
  "PYTH": [
    0.04014078,
    0.04025332
  ],
  "UDS": [
    1.73,
    1.8
  ],
  "TEL": [
    0.00231965,
    0.00232259
  ],
  "XPL": [
    0.096321,
    0.096648
  ],
  "USDA": [
    0.983724,
    0.983744
  ],
  "AUSD": [
    0.999863,
    0.999812
  ],
  "SAND": [
    0.080014,
    0.080783
  ],
  "LUNC": [
    0.00003787,
    0.00003865
  ],
  "TWT": [
    0.501906,
    0.505299
  ],
  "BCAP": [
    22.99,
    22.99
  ],
  "B": [
    0.205131,
    0.209099
  ],
  "STRK": [
    0.03612104,
    0.03613682
  ],
  "PENDLE": [
    1.21,
    1.22
  ],
  "AB": [
    0.00201955,
    0.00201979
  ],
  "9BIT": [
    0.02410426,
    0.02411702
  ],
  "BORG": [
    0.19978,
    0.199387
  ],
  "XCN": [
    0.00520363,
    0.00517544
  ],
  "REAL": [
    0.061229,
    0.06111
  ],
  "USTBL": [
    1.078,
    1.078
  ],
  "NEO": [
    2.7,
    2.69
  ],
  "PC0000031": [
    1,
    1
  ],
  "WIF": [
    0.186645,
    0.189465
  ],
  "VSN": [
    0.052654,
    0.052559
  ],
  "NUSD": [
    1.001,
    0.999084
  ],
  "AXS": [
    1.1,
    1.1
  ],
  "COMP": [
    19.08,
    19.17
  ],
  "GRASS": [
    0.347302,
    0.340435
  ],
  "REUSD": [
    1.067,
    1.067
  ],
  "WFI": [
    2.18,
    2.23
  ],
  "FARTCOIN": [
    0.178859,
    0.181021
  ],
  "WAL": [
    0.080624,
    0.080282
  ],
  "H": [
    0.096424,
    0.097471
  ],
  "FDIT": [
    1,
    1
  ],
  "CVX": [
    1.83,
    1.84
  ],
  "MANA": [
    0.086965,
    0.086898
  ],
  "FF": [
    0.072532,
    0.07178
  ],
  "ZK": [
    0.0180965,
    0.01813311
  ],
  "S": [
    0.0443042,
    0.04414647
  ],
  "MX": [
    1.79,
    1.79
  ],
  "THETA": [
    0.161866,
    0.163226
  ],
  "RAY": [
    0.60645,
    0.606651
  ],
  "KOGE": [
    47.98,
    47.98
  ],
  "SATUSD": [
    0.99491,
    0.994761
  ],
  "FT": [
    0.097676,
    0.097623
  ]
}