{
  "TUSD": [
    0.999543
  ],
  "RIVER": [
    24.61,
    24.29
  ],
  "FTN": [
    1.088,
    1.088
  ],
  "CAKE": [
    1.41,
    1.41
  ],
  "VIRTUAL": [
    0.687492,
    0.691656
  ],
  "STX": [
    0.243883,
    0.245013
  ],
  "PENGU": [
    0.00702214,
    0.00705544
  ],
  "DASH": [
    34.08,
    34.07
  ],
  "EURC": [
    1.16,
    1.16
  ],
  "ETHFI": [
    0.537636,
    0.534574
  ],
  "XTZ": [
    0.388709,
    0.390778
  ],
  "JAAA": [
    1.027,
    1.027
  ],
  "KITE": [
    0.229886,
    0.229777
  ],
  "SEI": [
    0.059856,
    0.060532
  ],
  "DCR": [
    22.77,
    23.01
  ],
  "FDUSD": [
    0.999685,
    1.001
  ],
  "CHZ": [
    0.0355082,
    0.03583841
  ],
  "USX": [
    0.999804,
    0.999601
  ],
  "PRIME": [
    1.026,
    1.027
  ],
  "SUN": [
    0.01847134,
    0.01832307
  ],
  "DEXE": [
    7.53,
    7.53
  ],
  "GNO": [
    128.63,
    128.43
  ],
  "KAU": [
    141.86,
    141.92
  ],
  "NFT": [
    3.34122e-7,
    3.33389e-7
  ],
  "BTT": [
    3.33295e-7,
    3.33808e-7
  ],
  "CRV": [
    0.219024,
    0.220076
  ],
  "ADI": [
    3.29,
    3.34
  ],
  "AERO": [
    0.35087,
    0.349449
  ],
  "USDAI": [
    0.99973,
    0.999804
  ],
  "CFX": [
    0.060118,
    0.060234
  ],
  "INJ": [
    3.05,
    3.1
  ],
  "KAIA": [
    0.050626,
    0.050859
  ],
  "TIA": [
    0.325753,
    0.329436
  ],
  "FLOKI": [
    0.00002968,
    0.0000298
  ],
  "BSV": [
    14.31,
    14.36
  ],
  "SPX": [
    0.299392,
    0.300512
  ],
  "JASMY": [
    0.00562408,
    0.00564857
  ],
  "GRT": [
    0.02508204,
    0.02542518
  ],
  "FRAX": [
    0.991084,
    0.991598
  ],
  "SYRUP": [
    0.232861,
    0.234734
  ],
  "VVV": [
    6.05,
    6.03
  ],
  "APEPE": [
    0.00000126,
    0.00000126
  ],
  "2Z": [
    0.076019,
    0.075968
  ],
  "FO": [
    0.2637,
    0.263454
  ],
  "CRVUSD": [
    0.999271,
    0.99916
  ],
  "IOTA": [
    0.05894,
    0.059269
  ],
  "LDO": [
    0.291774,
    0.294519
  ],
  "HNT": [
    1.31,
    1.35
  ],
  "OHM": [
    15.86,
    15.86
  ],
  "OP": [
    0.114237,
    0.114756
  ],
  "LIT": [
    0.970338,
    0.964372
  ],
  "ZBCN": [
    0.00248909,
    0.0024741
  ],
  "ENS": [
    6.15,
    6.19
  ],
  "BTSE": [
    1.46,
    1.46
  ],
  "IP": [
    0.658033,
    0.666449
  ],
  "MON": [
    0.02142469,
    0.02150902
  ],
  "PYTH": [
    0.04025332,
    0.04024317
  ],
  "UDS": [
    1.8,
    1.8
  ],
  "TEL": [
    0.00232259,
    0.00232501
  ],
  "USDA": [
    0.983744,
    0.983886
  ],
  "SAND": [
    0.080783,
    0.081209
  ],
  "AUSD": [
    0.999812,
    0.999915
  ],
  "XPL": [
    0.096648,
    0.096119
  ],
  "LUNC": [
    0.00003865,
    0.00003924
  ],
  "B": [
    0.209099,
    0.210862
  ],
  "TWT": [
    0.505299,
    0.505818
  ],
  "BCAP": [
    22.99,
    22.99
  ],
  "STRK": [
    0.03613682,
    0.0365188
  ],
  "PENDLE": [
    1.22,
    1.23
  ],
  "AB": [
    0.00201979,
    0.00201904
  ],
  "9BIT": [
    0.02411702,
    0.02412148
  ],
  "BORG": [
    0.199387,
    0.199011
  ],
  "XCN": [
    0.00517544,
    0.00519127
  ],
  "REAL": [
    0.06111,
    0.061302
  ],
  "USTBL": [
    1.078,
    1.078
  ],
  "NEO": [
    2.69,
    2.73
  ],
  "VSN": [
    0.052559,
    0.052762
  ],
  "AXS": [
    1.1,
    1.12
  ],
  "PC0000031": [
    1,
    1
  ],
  "NUSD": [
    0.999084,
    0.999847
  ],
  "WIF": [
    0.189465,
    0.188509
  ],
  "COMP": [
    19.17,
    19.25
  ],
  "H": [
    0.097471,
    0.100594
  ],
  "WFI": [
    2.23,
    2.24
  ],
  "GRASS": [
    0.340435,
    0.337213
  ],
  "REUSD": [
    1.067,
    1.067
  ],
  "WAL": [
    0.080282,
    0.080578
  ],
  "FARTCOIN": [
    0.181021,
    0.180001
  ],
  "FDIT": [
    1,
    1
  ],
  "MANA": [
    0.086898,
    0.08755
  ],
  "CVX": [
    1.84,
    1.84
  ],
  "FF": [
    0.07178,
    0.072065
  ],
  "ZK": [
    0.01813311,
    0.01824339
  ],
  "S": [
    0.04414647,
    0.04423099
  ],
  "THETA": [
    0.163226,
    0.164579
  ],
  "MX": [
    1.79,
    1.79
  ],
  "RAY": [
    0.606651,
    0.610636
  ],
  "KOGE": [
    47.98,
    47.99
  ],
  "SATUSD": [
    0.994761,
    0.994264
  ],
  "FT": [
    0.097623,
    0.096975
  ]
}