{
  "FET": [
    0.218286
  ],
  "A7A5": [
    0.01200794,
    0.01216068
  ],
  "FTN": [
    1.088,
    1.089
  ],
  "ETHFI": [
    0.593802,
    0.588456
  ],
  "CAKE": [
    1.37,
    1.37
  ],
  "VIRTUAL": [
    0.688924,
    0.67342
  ],
  "STX": [
    0.244567,
    0.240516
  ],
  "PENGU": [
    0.00700919,
    0.00688905
  ],
  "EURC": [
    1.16,
    1.16
  ],
  "DCR": [
    24.69,
    24.34
  ],
  "XTZ": [
    0.395218,
    0.390566
  ],
  "JAAA": [
    1.027,
    1.027
  ],
  "SEI": [
    0.062652,
    0.061825
  ],
  "DASH": [
    32.22,
    31.51
  ],
  "KITE": [
    0.213812,
    0.214339
  ],
  "FDUSD": [
    0.999202,
    0.999297
  ],
  "CHZ": [
    0.03589685,
    0.0355131
  ],
  "USX": [
    0.999772,
    0.999593
  ],
  "PRIME": [
    1.026,
    1.028
  ],
  "SUN": [
    0.01785338,
    0.01776706
  ],
  "CRV": [
    0.232252,
    0.22705
  ],
  "GNO": [
    129.24,
    127.67
  ],
  "KAU": [
    148.77,
    140.2
  ],
  "USDAI": [
    1,
    0.999504
  ],
  "NFT": [
    3.33409e-7,
    3.33176e-7
  ],
  "BTT": [
    3.36025e-7,
    3.32948e-7
  ],
  "CFX": [
    0.062806,
    0.062516
  ],
  "ADI": [
    3.24,
    3.24
  ],
  "INJ": [
    3.11,
    3.03
  ],
  "KAIA": [
    0.051235,
    0.051181
  ],
  "DEXE": [
    6.55,
    6.41
  ],
  "TIA": [
    0.329734,
    0.322567
  ],
  "AERO": [
    0.317348,
    0.310509
  ],
  "BSV": [
    14.47,
    14.21
  ],
  "FLOKI": [
    0.00002971,
    0.00002903
  ],
  "SPX": [
    0.300466,
    0.296931
  ],
  "FRAX": [
    0.989088,
    0.992427
  ],
  "GRT": [
    0.02586024,
    0.02532926
  ],
  "SYRUP": [
    0.238199,
    0.234451
  ],
  "APEPE": [
    0.00000129,
    0.00000129
  ],
  "JASMY": [
    0.00557826,
    0.00545766
  ],
  "VVV": [
    6.04,
    5.96
  ],
  "FO": [
    0.264193,
    0.264226
  ],
  "CRVUSD": [
    0.99642,
    0.999842
  ],
  "2Z": [
    0.074787,
    0.074439
  ],
  "LIT": [
    1.061,
    1.029
  ],
  "IOTA": [
    0.06101,
    0.058819
  ],
  "IP": [
    0.745718,
    0.725406
  ],
  "OP": [
    0.120876,
    0.119393
  ],
  "OHM": [
    15.81,
    16.07
  ],
  "LDO": [
    0.295424,
    0.290633
  ],
  "PYTH": [
    0.04273414,
    0.04231826
  ],
  "BTSE": [
    1.48,
    1.48
  ],
  "ZBCN": [
    0.0025679,
    0.00239881
  ],
  "ENS": [
    6.14,
    6.08
  ],
  "MON": [
    0.02163648,
    0.02154183
  ],
  "TEL": [
    0.00243421,
    0.00239262
  ],
  "HNT": [
    1.23,
    1.2
  ],
  "USDA": [
    0.984014,
    0.984014
  ],
  "AUSD": [
    0.999933,
    0.99991
  ],
  "B": [
    0.217169,
    0.214973
  ],
  "XPL": [
    0.095403,
    0.095294
  ],
  "SAND": [
    0.08041,
    0.079437
  ],
  "STRK": [
    0.03777493,
    0.0373968
  ],
  "LUNC": [
    0.00003959,
    0.00003864
  ],
  "BCAP": [
    22.99,
    22.99
  ],
  "TWT": [
    0.500453,
    0.496168
  ],
  "GRASS": [
    0.372465,
    0.375193
  ],
  "AB": [
    0.00205177,
    0.00205002
  ],
  "NUSD": [
    0.993686,
    0.999009
  ],
  "PENDLE": [
    1.24,
    1.21
  ],
  "9BIT": [
    0.02415948,
    0.02416191
  ],
  "REUSD": [
    1.067,
    1.067
  ],
  "BORG": [
    0.199908,
    0.199525
  ],
  "XCN": [
    0.00526689,
    0.00521048
  ],
  "USTBL": [
    1.078,
    1.078
  ],
  "AXS": [
    1.18,
    1.14
  ],
  "FARTCOIN": [
    0.192206,
    0.190293
  ],
  "UDS": [
    1.53,
    1.52
  ],
  "VSN": [
    0.052586,
    0.052703
  ],
  "PC0000031": [
    1,
    1
  ],
  "NEO": [
    2.68,
    2.64
  ],
  "REAL": [
    0.059138,
    0.058548
  ],
  "COMP": [
    19.15,
    18.99
  ],
  "WAL": [
    0.079551,
    0.079079
  ],
  "FLUID": [
    2.31,
    2.25
  ],
  "H": [
    0.094964,
    0.097349
  ],
  "FDIT": [
    1,
    1
  ],
  "WFI": [
    2.16,
    2.15
  ],
  "WIF": [
    0.17964,
    0.174754
  ],
  "IUSD": [
    0.998303,
    1
  ],
  "ZK": [
    0.01858274,
    0.01812335
  ],
  "CVX": [
    1.83,
    1.81
  ],
  "MANA": [
    0.086781,
    0.085654
  ],
  "FF": [
    0.070628,
    0.070629
  ],
  "THETA": [
    0.167041,
    0.164752
  ],
  "MX": [
    1.79,
    1.79
  ],
  "S": [
    0.04431412,
    0.04305158
  ],
  "RAY": [
    0.616548,
    0.604147
  ],
  "KOGE": [
    47.99,
    47.98
  ]
}