{
  "FTN": [
    1.089,
    1.089
  ],
  "CAKE": [
    1.42,
    1.42
  ],
  "VIRTUAL": [
    0.720928,
    0.713893
  ],
  "A7A5": [
    0.01160005,
    0.0117646
  ],
  "PENGU": [
    0.00728018,
    0.00725497
  ],
  "STX": [
    0.24842,
    0.24767
  ],
  "DCR": [
    26.21,
    26.22
  ],
  "RIVER": [
    18.1,
    22.44
  ],
  "ETHFI": [
    0.552601,
    0.547335
  ],
  "XTZ": [
    0.3926,
    0.399837
  ],
  "SEI": [
    0.064031,
    0.063993
  ],
  "EURC": [
    1.16,
    1.16
  ],
  "JAAA": [
    1.027,
    1.027
  ],
  "DASH": [
    31.81,
    31.84
  ],
  "KITE": [
    0.219241,
    0.217481
  ],
  "FDUSD": [
    0.99935,
    0.999096
  ],
  "CHZ": [
    0.03584938,
    0.0359478
  ],
  "USX": [
    0.999705,
    0.999674
  ],
  "KAU": [
    150.48,
    149.12
  ],
  "CRV": [
    0.23673,
    0.235132
  ],
  "GNO": [
    131.68,
    130.87
  ],
  "SUN": [
    0.01751691,
    0.01768765
  ],
  "PRIME": [
    1.028,
    1.026
  ],
  "CFX": [
    0.063441,
    0.063734
  ],
  "BTT": [
    3.33996e-7,
    3.34626e-7
  ],
  "NFT": [
    3.31998e-7,
    3.32488e-7
  ],
  "ADI": [
    3.33,
    3.33
  ],
  "USDAI": [
    0.999858,
    0.9998
  ],
  "INJ": [
    3.12,
    3.1
  ],
  "KAIA": [
    0.051612,
    0.051756
  ],
  "TIA": [
    0.337718,
    0.336402
  ],
  "AERO": [
    0.324746,
    0.324306
  ],
  "LIT": [
    1.19,
    1.17
  ],
  "BSV": [
    14.56,
    14.53
  ],
  "FLOKI": [
    0.00003001,
    0.00002991
  ],
  "DEXE": [
    6.21,
    6.15
  ],
  "SPX": [
    0.309575,
    0.3064
  ],
  "GRT": [
    0.02617237,
    0.02613956
  ],
  "JASMY": [
    0.00565474,
    0.00565326
  ],
  "SYRUP": [
    0.24027,
    0.239053
  ],
  "FRAX": [
    0.993213,
    0.993274
  ],
  "IOTA": [
    0.062142,
    0.062191
  ],
  "APEPE": [
    0.00000128,
    0.00000129
  ],
  "IP": [
    0.765891,
    0.763362
  ],
  "2Z": [
    0.077039,
    0.076994
  ],
  "OP": [
    0.124937,
    0.124683
  ],
  "FO": [
    0.263205,
    0.263509
  ],
  "BTSE": [
    1.6,
    1.6
  ],
  "CRVUSD": [
    0.997597,
    1
  ],
  "OHM": [
    16.49,
    16.45
  ],
  "LDO": [
    0.298715,
    0.298275
  ],
  "VVV": [
    5.84,
    5.61
  ],
  "PYTH": [
    0.04475672,
    0.04325844
  ],
  "ZBCN": [
    0.00257132,
    0.00245137
  ],
  "MON": [
    0.02212495,
    0.02216799
  ],
  "ENS": [
    6.26,
    6.21
  ],
  "TEL": [
    0.0024856,
    0.00247233
  ],
  "HNT": [
    1.26,
    1.26
  ],
  "B": [
    0.235068,
    0.233428
  ],
  "XPL": [
    0.099889,
    0.098598
  ],
  "SAND": [
    0.081878,
    0.082241
  ],
  "LUNC": [
    0.00003972,
    0.00004002
  ],
  "USDA": [
    0.984014,
    0.984014
  ],
  "AUSD": [
    0.999852,
    0.999877
  ],
  "UDS": [
    1.73,
    1.73
  ],
  "TWT": [
    0.510805,
    0.508752
  ],
  "PENDLE": [
    1.27,
    1.27
  ],
  "BCAP": [
    22.99,
    22.99
  ],
  "AB": [
    0.00210613,
    0.00210505
  ],
  "AXS": [
    1.23,
    1.22
  ],
  "STRK": [
    0.03663625,
    0.03635272
  ],
  "BORG": [
    0.208022,
    0.207371
  ],
  "NUSD": [
    0.99951,
    1
  ],
  "USTBL": [
    1.078,
    1.078
  ],
  "GRASS": [
    0.377525,
    0.369312
  ],
  "XCN": [
    0.00534455,
    0.00533285
  ],
  "FARTCOIN": [
    0.201901,
    0.1988
  ],
  "REUSD": [
    1.068,
    1.067
  ],
  "NEO": [
    2.72,
    2.73
  ],
  "VSN": [
    0.053009,
    0.052675
  ],
  "PC0000031": [
    1,
    1
  ],
  "9BIT": [
    0.02297258,
    0.02291311
  ],
  "REAL": [
    0.059235,
    0.059124
  ],
  "COMP": [
    19.08,
    19.17
  ],
  "WAL": [
    0.081581,
    0.081556
  ],
  "WFI": [
    2.22,
    2.23
  ],
  "FLUID": [
    2.25,
    2.29
  ],
  "FDIT": [
    1,
    1
  ],
  "WIF": [
    0.17783,
    0.177367
  ],
  "IUSD": [
    0.999211,
    0.999796
  ],
  "MANA": [
    0.089967,
    0.090023
  ],
  "THETA": [
    0.173151,
    0.173103
  ],
  "ZK": [
    0.01886141,
    0.01879235
  ],
  "H": [
    0.095145,
    0.093585
  ],
  "S": [
    0.04499935,
    0.04486796
  ],
  "CVX": [
    1.82,
    1.82
  ],
  "FF": [
    0.071085,
    0.071071
  ],
  "MX": [
    1.79,
    1.79
  ],
  "RAY": [
    0.611336,
    0.610535
  ],
  "KOGE": [
    48,
    47.99
  ]
}