{
  "FET": [
    0.210989,
    0.211824
  ],
  "FTN": [
    1.089,
    1.088
  ],
  "A7A5": [
    0.01200652,
    0.01200658
  ],
  "CAKE": [
    1.36,
    1.36
  ],
  "ETHFI": [
    0.556918,
    0.557467
  ],
  "VIRTUAL": [
    0.660445,
    0.663854
  ],
  "STX": [
    0.23495,
    0.234681
  ],
  "PENGU": [
    0.00678274,
    0.00679622
  ],
  "EURC": [
    1.15,
    1.15
  ],
  "JAAA": [
    1.027,
    1.027
  ],
  "XTZ": [
    0.381982,
    0.382404
  ],
  "DCR": [
    23.89,
    23.79
  ],
  "DASH": [
    32.37,
    32.24
  ],
  "SEI": [
    0.059928,
    0.05999
  ],
  "KITE": [
    0.214318,
    0.216079
  ],
  "FDUSD": [
    0.999315,
    0.999339
  ],
  "KAU": [
    156.05,
    155.82
  ],
  "CHZ": [
    0.03490973,
    0.03498813
  ],
  "USX": [
    0.99975,
    0.999732
  ],
  "SUN": [
    0.01888201,
    0.01856258
  ],
  "PRIME": [
    1.027,
    1.028
  ],
  "GNO": [
    126,
    125.97
  ],
  "USDAI": [
    0.999733,
    1
  ],
  "NFT": [
    3.33751e-7,
    3.33915e-7
  ],
  "BTT": [
    3.32934e-7,
    3.33024e-7
  ],
  "CRV": [
    0.218025,
    0.219174
  ],
  "DEXE": [
    6.88,
    6.9
  ],
  "CFX": [
    0.061587,
    0.06147
  ],
  "ADI": [
    3.25,
    3.25
  ],
  "INJ": [
    2.97,
    2.98
  ],
  "KAIA": [
    0.050425,
    0.050767
  ],
  "AERO": [
    0.307987,
    0.308778
  ],
  "BSV": [
    14.15,
    14.15
  ],
  "TIA": [
    0.316117,
    0.316036
  ],
  "FLOKI": [
    0.00002859,
    0.00002859
  ],
  "SPX": [
    0.29278,
    0.295017
  ],
  "FRAX": [
    0.991713,
    0.991759
  ],
  "VVV": [
    5.96,
    6.04
  ],
  "SYRUP": [
    0.230365,
    0.230562
  ],
  "GRT": [
    0.02470006,
    0.02475935
  ],
  "JASMY": [
    0.00537496,
    0.00538552
  ],
  "APEPE": [
    0.00000126,
    0.00000126
  ],
  "FO": [
    0.264568,
    0.264573
  ],
  "CRVUSD": [
    0.999092,
    0.999718
  ],
  "IOTA": [
    0.058257,
    0.058443
  ],
  "2Z": [
    0.073318,
    0.073125
  ],
  "LIT": [
    1.016,
    1.015
  ],
  "OHM": [
    15.73,
    15.84
  ],
  "IP": [
    0.700338,
    0.700081
  ],
  "OP": [
    0.115653,
    0.11604
  ],
  "LDO": [
    0.28589,
    0.286072
  ],
  "BTSE": [
    1.46,
    1.45
  ],
  "ZBCN": [
    0.00238661,
    0.00238116
  ],
  "MON": [
    0.02134199,
    0.02134855
  ],
  "ENS": [
    5.95,
    5.96
  ],
  "PYTH": [
    0.04000025,
    0.03975394
  ],
  "TEL": [
    0.00233351,
    0.0023371
  ],
  "B": [
    0.218422,
    0.21778
  ],
  "USDA": [
    0.984014,
    0.984014
  ],
  "HNT": [
    1.18,
    1.18
  ],
  "AUSD": [
    0.999958,
    0.999874
  ],
  "BCAP": [
    22.99,
    22.99
  ],
  "SAND": [
    0.077902,
    0.077968
  ],
  "TWT": [
    0.490416,
    0.496752
  ],
  "XPL": [
    0.092302,
    0.092351
  ],
  "LUNC": [
    0.00003784,
    0.00003779
  ],
  "STRK": [
    0.0362021,
    0.03614568
  ],
  "AB": [
    0.00203173,
    0.00202736
  ],
  "NUSD": [
    0.999757,
    0.998518
  ],
  "9BIT": [
    0.02420206,
    0.02414965
  ],
  "PENDLE": [
    1.18,
    1.19
  ],
  "USTBL": [
    1.078,
    1.078
  ],
  "BORG": [
    0.195849,
    0.196483
  ],
  "XCN": [
    0.00507935,
    0.00507611
  ],
  "REUSD": [
    1.066,
    1.066
  ],
  "PC0000031": [
    1,
    1
  ],
  "FARTCOIN": [
    0.189005,
    0.189406
  ],
  "AXS": [
    1.11,
    1.11
  ],
  "UDS": [
    1.52,
    1.51
  ],
  "VSN": [
    0.052299,
    0.051937
  ],
  "REAL": [
    0.058044,
    0.05824
  ],
  "GRASS": [
    0.357807,
    0.335929
  ],
  "NEO": [
    2.6,
    2.6
  ],
  "COMP": [
    18.72,
    18.72
  ],
  "H": [
    0.098305,
    0.098039
  ],
  "FDIT": [
    1,
    1
  ],
  "WAL": [
    0.077672,
    0.077939
  ],
  "WIF": [
    0.174394,
    0.174292
  ],
  "WFI": [
    2.12,
    2.12
  ],
  "FF": [
    0.071464,
    0.071948
  ],
  "ZK": [
    0.01789833,
    0.0179035
  ],
  "MX": [
    1.79,
    1.79
  ],
  "MANA": [
    0.084357,
    0.084335
  ],
  "KOGE": [
    48,
    48
  ],
  "THETA": [
    0.161249,
    0.161696
  ],
  "FT": [
    0.098619,
    0.098757
  ],
  "S": [
    0.04242246,
    0.04249181
  ],
  "CVX": [
    1.75,
    1.75
  ],
  "SATUSD": [
    0.996175
  ],
  "RAY": [
    0.58876,
    0.589258
  ]
}