{
  "VIRTUAL": [
    0.736048,
    0.745724
  ],
  "A7A5": [
    0.01240315,
    0.01228255
  ],
  "CAKE": [
    1.44,
    1.44
  ],
  "FTN": [
    1.088,
    1.089
  ],
  "PENGU": [
    0.00733341,
    0.00745233
  ],
  "STX": [
    0.243982,
    0.246024
  ],
  "ETHFI": [
    0.546352,
    0.556682
  ],
  "KITE": [
    0.234451,
    0.243278
  ],
  "RIVER": [
    22.4,
    22.13
  ],
  "DASH": [
    34.3,
    34.22
  ],
  "XTZ": [
    0.394046,
    0.393932
  ],
  "EURC": [
    1.16,
    1.16
  ],
  "SEI": [
    0.061555,
    0.061551
  ],
  "JAAA": [
    1.027,
    1.027
  ],
  "DCR": [
    22.66,
    22.57
  ],
  "ADI": [
    3.84,
    3.94
  ],
  "FDUSD": [
    1,
    0.998944
  ],
  "CHZ": [
    0.03608712,
    0.03618256
  ],
  "USX": [
    0.999751,
    0.999659
  ],
  "PRIME": [
    1.027,
    1.028
  ],
  "KAU": [
    147.04,
    146.82
  ],
  "CRV": [
    0.231986,
    0.234455
  ],
  "GNO": [
    129.81,
    129.61
  ],
  "SUN": [
    0.01782442,
    0.01773816
  ],
  "DEXE": [
    7.15,
    7.09
  ],
  "NFT": [
    3.31854e-7,
    3.33088e-7
  ],
  "BTT": [
    3.31985e-7,
    3.32233e-7
  ],
  "CFX": [
    0.062658,
    0.062704
  ],
  "AERO": [
    0.338902,
    0.341464
  ],
  "INJ": [
    3.09,
    3.11
  ],
  "USDAI": [
    0.999935,
    0.999896
  ],
  "VVV": [
    6.8,
    6.76
  ],
  "TIA": [
    0.333472,
    0.335583
  ],
  "KAIA": [
    0.050868,
    0.050972
  ],
  "FLOKI": [
    0.00003062,
    0.00003091
  ],
  "BSV": [
    14.32,
    14.44
  ],
  "SPX": [
    0.30025,
    0.304792
  ],
  "JASMY": [
    0.00560821,
    0.00560014
  ],
  "GRT": [
    0.02551284,
    0.02561087
  ],
  "FRAX": [
    0.991142,
    0.990954
  ],
  "SYRUP": [
    0.235775,
    0.235854
  ],
  "APEPE": [
    0.00000127,
    0.00000127
  ],
  "MON": [
    0.02520844,
    0.02485693
  ],
  "2Z": [
    0.075902,
    0.076011
  ],
  "FO": [
    0.263028,
    0.263299
  ],
  "CRVUSD": [
    0.998368,
    0.99695
  ],
  "LDO": [
    0.302372,
    0.302637
  ],
  "IOTA": [
    0.058972,
    0.059004
  ],
  "OHM": [
    16.05,
    16.06
  ],
  "LIT": [
    0.987205,
    0.992533
  ],
  "OP": [
    0.11425,
    0.114937
  ],
  "XPL": [
    0.09967,
    0.101531
  ],
  "ENS": [
    6.18,
    6.17
  ],
  "BTSE": [
    1.45,
    1.45
  ],
  "PYTH": [
    0.0406535,
    0.04072896
  ],
  "HNT": [
    1.25,
    1.26
  ],
  "ZBCN": [
    0.00234141,
    0.00234645
  ],
  "IP": [
    0.644947,
    0.645404
  ],
  "B": [
    0.225996,
    0.226709
  ],
  "UDS": [
    1.77,
    1.78
  ],
  "SAND": [
    0.082649,
    0.082742
  ],
  "9BIT": [
    0.02614162,
    0.02674085
  ],
  "TEL": [
    0.00227969,
    0.00228629
  ],
  "USDA": [
    0.984662,
    0.984662
  ],
  "PENDLE": [
    1.27,
    1.31
  ],
  "AUSD": [
    0.999803,
    0.999781
  ],
  "LUNC": [
    0.0000392,
    0.00003957
  ],
  "STRK": [
    0.03738042,
    0.0376606
  ],
  "BCAP": [
    22.89,
    22.89
  ],
  "TWT": [
    0.495339,
    0.496129
  ],
  "AB": [
    0.00202392,
    0.00202461
  ],
  "REAL": [
    0.062055,
    0.06254
  ],
  "WIF": [
    0.196732,
    0.197249
  ],
  "XCN": [
    0.00523523,
    0.00522843
  ],
  "NEO": [
    2.78,
    2.78
  ],
  "FARTCOIN": [
    0.19227,
    0.194788
  ],
  "USTBL": [
    1.078,
    1.078
  ],
  "BORG": [
    0.191044,
    0.194272
  ],
  "AXS": [
    1.12,
    1.13
  ],
  "COMP": [
    19.55,
    19.63
  ],
  "PC0000031": [
    1,
    1
  ],
  "GRASS": [
    0.34531,
    0.347082
  ],
  "VSN": [
    0.051803,
    0.052182
  ],
  "NUSD": [
    0.999728,
    0.998563
  ],
  "WFI": [
    2.22,
    2.25
  ],
  "ZK": [
    0.0186078,
    0.0190779
  ],
  "WAL": [
    0.080664,
    0.08167
  ],
  "REUSD": [
    1.068,
    1.068
  ],
  "MANA": [
    0.088578,
    0.088895
  ],
  "H": [
    0.093899,
    0.09402
  ],
  "S": [
    0.04481185,
    0.04464212
  ],
  "CVX": [
    1.83,
    1.83
  ],
  "FF": [
    0.071235,
    0.071204
  ],
  "RAY": [
    0.61365,
    0.617023
  ],
  "THETA": [
    0.163794,
    0.164755
  ],
  "MX": [
    1.79,
    1.79
  ],
  "KOGE": [
    47.99,
    47.99
  ],
  "BAT": [
    0.110253,
    0.108545
  ],
  "FDIT": [
    1,
    1
  ],
  "SATUSD": [
    0.995975,
    0.994971
  ]
}