{
  "A7A5": [
    0.01217826,
    0.0121831
  ],
  "FTN": [
    1.088,
    1.088
  ],
  "CAKE": [
    1.41,
    1.4
  ],
  "VIRTUAL": [
    0.688354,
    0.679154
  ],
  "PENGU": [
    0.00690536,
    0.00677384
  ],
  "STX": [
    0.233178,
    0.231668
  ],
  "EURC": [
    1.15,
    1.15
  ],
  "ETHFI": [
    0.526116,
    0.521012
  ],
  "DASH": [
    32.65,
    32.11
  ],
  "XTZ": [
    0.37103,
    0.368444
  ],
  "JAAA": [
    1.028,
    1.028
  ],
  "FDUSD": [
    0.999403,
    0.998848
  ],
  "SEI": [
    0.058414,
    0.058201
  ],
  "DCR": [
    22.19,
    21.81
  ],
  "KITE": [
    0.208368,
    0.207832
  ],
  "PRIME": [
    1.027,
    1.027
  ],
  "CHZ": [
    0.03477898,
    0.034812
  ],
  "USX": [
    0.999501,
    0.999498
  ],
  "DEXE": [
    7.4,
    7.33
  ],
  "KAU": [
    142.05,
    142.36
  ],
  "NFT": [
    3.32192e-7,
    3.32016e-7
  ],
  "SUN": [
    0.01730892,
    0.01709339
  ],
  "ADI": [
    4,
    4.1
  ],
  "CRV": [
    0.22154,
    0.217429
  ],
  "GNO": [
    123.78,
    122.69
  ],
  "BTT": [
    3.26382e-7,
    3.25891e-7
  ],
  "USDAI": [
    0.999569,
    0.999626
  ],
  "CFX": [
    0.059472,
    0.058891
  ],
  "RIVER": [
    17.38,
    15.56
  ],
  "AERO": [
    0.328629,
    0.324609
  ],
  "INJ": [
    2.95,
    2.93
  ],
  "KAIA": [
    0.04895928,
    0.04860641
  ],
  "TIA": [
    0.317232,
    0.31318
  ],
  "VVV": [
    6.19,
    6.17
  ],
  "FLOKI": [
    0.00002875,
    0.00002845
  ],
  "BSV": [
    13.82,
    13.73
  ],
  "FRAX": [
    0.991849,
    0.990822
  ],
  "APEPE": [
    0.00000126,
    0.00000126
  ],
  "SPX": [
    0.28728,
    0.282425
  ],
  "FO": [
    0.263989,
    0.263002
  ],
  "JASMY": [
    0.00532629,
    0.00528774
  ],
  "CRVUSD": [
    1.004,
    0.999379
  ],
  "GRT": [
    0.02424952,
    0.02399152
  ],
  "KAG": [
    68.49,
    67.76
  ],
  "MON": [
    0.0237721,
    0.02354858
  ],
  "SYRUP": [
    0.222021,
    0.219001
  ],
  "2Z": [
    0.073407,
    0.072633
  ],
  "IOTA": [
    0.057449,
    0.056849
  ],
  "OHM": [
    15.56,
    15.49
  ],
  "LDO": [
    0.286647,
    0.283231
  ],
  "BTSE": [
    1.44,
    1.43
  ],
  "USTBL": [
    1.078,
    1.078
  ],
  "LIT": [
    0.941865,
    0.910184
  ],
  "ZBCN": [
    0.00235022,
    0.00231328
  ],
  "OP": [
    0.108557,
    0.10661
  ],
  "9BIT": [
    0.02742738,
    0.02740145
  ],
  "ENS": [
    5.87,
    5.81
  ],
  "PYTH": [
    0.03866361,
    0.03831019
  ],
  "UDS": [
    1.81,
    1.76
  ],
  "HNT": [
    1.2,
    1.18
  ],
  "XPL": [
    0.0931,
    0.091885
  ],
  "USDA": [
    0.984662,
    0.984662
  ],
  "AUSD": [
    0.999796,
    0.999802
  ],
  "IP": [
    0.6122,
    0.607629
  ],
  "B": [
    0.210502,
    0.212438
  ],
  "BCAP": [
    22.89,
    22.89
  ],
  "LUNC": [
    0.00003775,
    0.00003799
  ],
  "TEL": [
    0.00220104,
    0.00218357
  ],
  "SAND": [
    0.077284,
    0.076644
  ],
  "XCN": [
    0.00513992,
    0.00540113
  ],
  "TWT": [
    0.487628,
    0.480386
  ],
  "STRK": [
    0.03551622,
    0.03516546
  ],
  "AB": [
    0.00200218,
    0.00200048
  ],
  "PENDLE": [
    1.21,
    1.19
  ],
  "PC0000031": [
    1,
    1
  ],
  "VSN": [
    0.051423,
    0.051391
  ],
  "REAL": [
    0.05989,
    0.059188
  ],
  "NUSD": [
    1.001,
    0.999384
  ],
  "NEO": [
    2.67,
    2.63
  ],
  "WIF": [
    0.187444,
    0.184834
  ],
  "REUSD": [
    1.069,
    1.068
  ],
  "BORG": [
    0.189155,
    0.186304
  ],
  "COMP": [
    18.83,
    18.72
  ],
  "AXS": [
    1.069,
    1.057
  ],
  "WFI": [
    2.18,
    2.17
  ],
  "FARTCOIN": [
    0.178889,
    0.175244
  ],
  "ZK": [
    0.01816412,
    0.01812314
  ],
  "WAL": [
    0.076862,
    0.076566
  ],
  "GRASS": [
    0.3172,
    0.310343
  ],
  "FF": [
    0.070873,
    0.07062
  ],
  "MX": [
    1.79,
    1.79
  ],
  "KOGE": [
    47.98,
    47.97
  ],
  "MANA": [
    0.084961,
    0.083786
  ],
  "FDIT": [
    1,
    1
  ],
  "SATUSD": [
    0.997114,
    0.992478
  ],
  "S": [
    0.04171106,
    0.04157416
  ],
  "THETA": [
    0.157681,
    0.156701
  ],
  "FT": [
    0.097973,
    0.097807
  ],
  "RAY": [
    0.588585,
    0.579372
  ],
  "EURS": [
    1.23
  ]
}