{
  "A7A5": [
    0.01239744,
    0.01240315
  ],
  "VIRTUAL": [
    0.7286,
    0.736048
  ],
  "CAKE": [
    1.43,
    1.44
  ],
  "FTN": [
    1.088,
    1.088
  ],
  "PENGU": [
    0.00735347,
    0.00733341
  ],
  "STX": [
    0.24349,
    0.243982
  ],
  "RIVER": [
    21.98,
    22.4
  ],
  "DASH": [
    34.12,
    34.3
  ],
  "ETHFI": [
    0.549399,
    0.546352
  ],
  "EURC": [
    1.16,
    1.16
  ],
  "XTZ": [
    0.393142,
    0.394046
  ],
  "KITE": [
    0.236539,
    0.234451
  ],
  "SEI": [
    0.061171,
    0.061555
  ],
  "JAAA": [
    1.027,
    1.027
  ],
  "DCR": [
    22.91,
    22.66
  ],
  "FDUSD": [
    0.99981,
    1
  ],
  "ADI": [
    3.81,
    3.84
  ],
  "CHZ": [
    0.03592934,
    0.03608712
  ],
  "USX": [
    0.999523,
    0.999751
  ],
  "PRIME": [
    1.027,
    1.027
  ],
  "KAU": [
    146.78,
    147.04
  ],
  "CRV": [
    0.234943,
    0.231986
  ],
  "SUN": [
    0.01754431,
    0.01782442
  ],
  "GNO": [
    128.75,
    129.81
  ],
  "DEXE": [
    7.13,
    7.15
  ],
  "NFT": [
    3.32002e-7,
    3.31854e-7
  ],
  "BTT": [
    3.31573e-7,
    3.31985e-7
  ],
  "CFX": [
    0.0634,
    0.062658
  ],
  "AERO": [
    0.331911,
    0.338902
  ],
  "USDAI": [
    0.999698,
    0.999935
  ],
  "INJ": [
    3.06,
    3.09
  ],
  "VVV": [
    6.55,
    6.8
  ],
  "TIA": [
    0.332876,
    0.333472
  ],
  "KAIA": [
    0.05106,
    0.050868
  ],
  "FLOKI": [
    0.00003074,
    0.00003062
  ],
  "BSV": [
    14.27,
    14.32
  ],
  "SPX": [
    0.298791,
    0.30025
  ],
  "JASMY": [
    0.00553025,
    0.00560821
  ],
  "GRT": [
    0.02527432,
    0.02551284
  ],
  "FRAX": [
    0.991011,
    0.991142
  ],
  "MON": [
    0.02501865,
    0.02520844
  ],
  "SYRUP": [
    0.236773,
    0.235775
  ],
  "APEPE": [
    0.00000128,
    0.00000127
  ],
  "2Z": [
    0.07542,
    0.075902
  ],
  "FO": [
    0.262953,
    0.263028
  ],
  "CRVUSD": [
    0.998707,
    0.998368
  ],
  "IOTA": [
    0.058929,
    0.058972
  ],
  "LDO": [
    0.301235,
    0.302372
  ],
  "OHM": [
    16.03,
    16.05
  ],
  "LIT": [
    0.981541,
    0.987205
  ],
  "OP": [
    0.113033,
    0.11425
  ],
  "ENS": [
    6.14,
    6.18
  ],
  "XPL": [
    0.099033,
    0.09967
  ],
  "BTSE": [
    1.45,
    1.45
  ],
  "PYTH": [
    0.04079543,
    0.0406535
  ],
  "HNT": [
    1.24,
    1.25
  ],
  "ZBCN": [
    0.00234909,
    0.00234141
  ],
  "IP": [
    0.647471,
    0.644947
  ],
  "B": [
    0.220508,
    0.225996
  ],
  "SAND": [
    0.082147,
    0.082649
  ],
  "UDS": [
    1.77,
    1.77
  ],
  "USDA": [
    0.984674,
    0.984662
  ],
  "TEL": [
    0.00225756,
    0.00227969
  ],
  "AUSD": [
    0.999792,
    0.999803
  ],
  "9BIT": [
    0.02582969,
    0.02614162
  ],
  "LUNC": [
    0.00003868,
    0.0000392
  ],
  "STRK": [
    0.0371834,
    0.03738042
  ],
  "PENDLE": [
    1.25,
    1.27
  ],
  "BCAP": [
    22.89,
    22.89
  ],
  "TWT": [
    0.492246,
    0.495339
  ],
  "AB": [
    0.00202291,
    0.00202392
  ],
  "WIF": [
    0.197339,
    0.196732
  ],
  "REAL": [
    0.061448,
    0.062055
  ],
  "XCN": [
    0.00524324,
    0.00523523
  ],
  "NEO": [
    2.76,
    2.78
  ],
  "USTBL": [
    1.078,
    1.078
  ],
  "FARTCOIN": [
    0.192564,
    0.19227
  ],
  "AXS": [
    1.12,
    1.12
  ],
  "PC0000031": [
    1,
    1
  ],
  "COMP": [
    19.52,
    19.55
  ],
  "NUSD": [
    0.998852,
    0.999728
  ],
  "VSN": [
    0.051481,
    0.051803
  ],
  "GRASS": [
    0.338286,
    0.34531
  ],
  "BORG": [
    0.195633,
    0.191044
  ],
  "REUSD": [
    1.068,
    1.068
  ],
  "WFI": [
    2.21,
    2.22
  ],
  "WAL": [
    0.080655,
    0.080664
  ],
  "ZK": [
    0.01851756,
    0.0186078
  ],
  "H": [
    0.093378,
    0.093899
  ],
  "MANA": [
    0.088022,
    0.088578
  ],
  "S": [
    0.04432662,
    0.04481185
  ],
  "CVX": [
    1.81,
    1.83
  ],
  "FF": [
    0.071399,
    0.071235
  ],
  "BAT": [
    0.10861,
    0.110253
  ],
  "RAY": [
    0.612848,
    0.61365
  ],
  "MX": [
    1.79,
    1.79
  ],
  "THETA": [
    0.161434,
    0.163794
  ],
  "KOGE": [
    47.99,
    47.99
  ],
  "FDIT": [
    1,
    1
  ],
  "SATUSD": [
    0.995975
  ]
}