{
  "RIVER": [
    24.48,
    25
  ],
  "ETHFI": [
    0.616283,
    0.600977
  ],
  "FTN": [
    1.088,
    1.089
  ],
  "A7A5": [
    0.01177389,
    0.01177353
  ],
  "CAKE": [
    1.39,
    1.39
  ],
  "VIRTUAL": [
    0.70161,
    0.697614
  ],
  "STX": [
    0.245634,
    0.245919
  ],
  "DCR": [
    26.16,
    25.69
  ],
  "PENGU": [
    0.00712107,
    0.00708952
  ],
  "XTZ": [
    0.399244,
    0.399526
  ],
  "EURC": [
    1.16,
    1.16
  ],
  "SEI": [
    0.063446,
    0.06328
  ],
  "JAAA": [
    1.027,
    1.027
  ],
  "DASH": [
    32.26,
    32.09
  ],
  "KITE": [
    0.217646,
    0.217687
  ],
  "FDUSD": [
    0.999268,
    0.999796
  ],
  "CHZ": [
    0.03656975,
    0.03638908
  ],
  "USX": [
    0.999647,
    0.999854
  ],
  "PRIME": [
    1.028,
    1.028
  ],
  "KAU": [
    147.35,
    147.35
  ],
  "CRV": [
    0.23457,
    0.233661
  ],
  "GNO": [
    130.89,
    130.99
  ],
  "CFX": [
    0.066004,
    0.065688
  ],
  "SUN": [
    0.01788667,
    0.01753662
  ],
  "BTT": [
    3.36584e-7,
    3.37162e-7
  ],
  "NFT": [
    3.33673e-7,
    3.33747e-7
  ],
  "USDAI": [
    0.999685,
    0.999965
  ],
  "ADI": [
    3.24,
    3.23
  ],
  "INJ": [
    3.1,
    3.09
  ],
  "KAIA": [
    0.051312,
    0.051222
  ],
  "TIA": [
    0.334751,
    0.333128
  ],
  "AERO": [
    0.320092,
    0.320079
  ],
  "DEXE": [
    6.44,
    6.28
  ],
  "BSV": [
    14.72,
    14.67
  ],
  "FLOKI": [
    0.0000299,
    0.00002981
  ],
  "SPX": [
    0.306708,
    0.305335
  ],
  "GRT": [
    0.02614631,
    0.02608967
  ],
  "JASMY": [
    0.00564718,
    0.00563496
  ],
  "SYRUP": [
    0.237091,
    0.237635
  ],
  "FRAX": [
    0.9928,
    0.992402
  ],
  "LIT": [
    1.083,
    1.083
  ],
  "APEPE": [
    0.00000129,
    0.00000128
  ],
  "IOTA": [
    0.061554,
    0.061415
  ],
  "2Z": [
    0.076577,
    0.076318
  ],
  "FO": [
    0.265058,
    0.264884
  ],
  "IP": [
    0.750565,
    0.745041
  ],
  "OP": [
    0.12295,
    0.122485
  ],
  "CRVUSD": [
    1.001,
    0.999808
  ],
  "LDO": [
    0.30018,
    0.299275
  ],
  "OHM": [
    16.2,
    16.07
  ],
  "VVV": [
    5.57,
    5.59
  ],
  "PYTH": [
    0.04306107,
    0.04303332
  ],
  "ZBCN": [
    0.00257995,
    0.00251322
  ],
  "ENS": [
    6.29,
    6.25
  ],
  "BTSE": [
    1.48,
    1.47
  ],
  "MON": [
    0.02185618,
    0.02187418
  ],
  "TEL": [
    0.00245161,
    0.00245324
  ],
  "HNT": [
    1.26,
    1.25
  ],
  "B": [
    0.226962,
    0.225866
  ],
  "USDA": [
    0.984014,
    0.984014
  ],
  "SAND": [
    0.081545,
    0.081298
  ],
  "AUSD": [
    0.999807,
    0.999919
  ],
  "LUNC": [
    0.00003949,
    0.00003948
  ],
  "XPL": [
    0.095337,
    0.095235
  ],
  "TWT": [
    0.510817,
    0.50819
  ],
  "GRASS": [
    0.381683,
    0.387387
  ],
  "PENDLE": [
    1.27,
    1.27
  ],
  "BCAP": [
    22.99,
    22.99
  ],
  "UDS": [
    1.68,
    1.68
  ],
  "STRK": [
    0.03610883,
    0.03656721
  ],
  "AB": [
    0.00205967,
    0.00206394
  ],
  "AXS": [
    1.2,
    1.2
  ],
  "NUSD": [
    0.998932,
    0.999234
  ],
  "BORG": [
    0.202154,
    0.203403
  ],
  "XCN": [
    0.0052236,
    0.00521899
  ],
  "REUSD": [
    1.068,
    1.068
  ],
  "FARTCOIN": [
    0.196476,
    0.19576
  ],
  "USTBL": [
    1.078,
    1.078
  ],
  "NEO": [
    2.72,
    2.71
  ],
  "PC0000031": [
    1,
    1
  ],
  "VSN": [
    0.052624,
    0.052651
  ],
  "REAL": [
    0.059812,
    0.059799
  ],
  "9BIT": [
    0.02286747,
    0.02290278
  ],
  "COMP": [
    19.29,
    19.27
  ],
  "FLUID": [
    2.34,
    2.35
  ],
  "WAL": [
    0.080644,
    0.080268
  ],
  "WIF": [
    0.1793,
    0.179213
  ],
  "FDIT": [
    1,
    1
  ],
  "WFI": [
    2.17,
    2.17
  ],
  "IUSD": [
    0.999533,
    0.999845
  ],
  "H": [
    0.095452,
    0.095042
  ],
  "ZK": [
    0.01856447,
    0.01857448
  ],
  "THETA": [
    0.171417,
    0.171155
  ],
  "MANA": [
    0.088349,
    0.088076
  ],
  "CVX": [
    1.84,
    1.84
  ],
  "S": [
    0.04436072,
    0.04419672
  ],
  "RAY": [
    0.619621,
    0.617916
  ],
  "FF": [
    0.070889,
    0.070929
  ],
  "MX": [
    1.79,
    1.79
  ],
  "KOGE": [
    47.99,
    47.99
  ]
}