{
  "TUSD": [
    0.998968,
    0.999261
  ],
  "FTN": [
    1.089,
    1.088
  ],
  "ETHFI": [
    0.59701,
    0.597045
  ],
  "A7A5": [
    0.01200022,
    0.01200087
  ],
  "VIRTUAL": [
    0.695812,
    0.698593
  ],
  "STX": [
    0.245917,
    0.246822
  ],
  "CAKE": [
    1.37,
    1.37
  ],
  "PENGU": [
    0.00706115,
    0.00713286
  ],
  "DCR": [
    25.47,
    25.51
  ],
  "EURC": [
    1.16,
    1.16
  ],
  "XTZ": [
    0.395885,
    0.396606
  ],
  "SEI": [
    0.063022,
    0.063098
  ],
  "JAAA": [
    1.027,
    1.027
  ],
  "DASH": [
    32.81,
    32.8
  ],
  "KITE": [
    0.218577,
    0.217454
  ],
  "FDUSD": [
    0.99953,
    0.999383
  ],
  "CHZ": [
    0.03603748,
    0.03602306
  ],
  "USX": [
    0.999839,
    0.999832
  ],
  "KAU": [
    156.81,
    149.28
  ],
  "PRIME": [
    1.028,
    1.028
  ],
  "CRV": [
    0.234403,
    0.234799
  ],
  "SUN": [
    0.01787464,
    0.01785595
  ],
  "GNO": [
    129.9,
    129.85
  ],
  "USDAI": [
    0.999897,
    0.999897
  ],
  "CFX": [
    0.063927,
    0.064128
  ],
  "BTT": [
    3.37231e-7,
    3.36874e-7
  ],
  "NFT": [
    3.33461e-7,
    3.33796e-7
  ],
  "ADI": [
    3.24,
    3.23
  ],
  "DEXE": [
    6.46,
    6.73
  ],
  "INJ": [
    3.11,
    3.11
  ],
  "KAIA": [
    0.051291,
    0.051389
  ],
  "TIA": [
    0.332134,
    0.334715
  ],
  "AERO": [
    0.320246,
    0.321527
  ],
  "BSV": [
    14.52,
    14.58
  ],
  "FLOKI": [
    0.00002974,
    0.00002998
  ],
  "SPX": [
    0.303658,
    0.305318
  ],
  "GRT": [
    0.02594433,
    0.0260608
  ],
  "JASMY": [
    0.00566825,
    0.00567056
  ],
  "VVV": [
    6.22,
    6.16
  ],
  "SYRUP": [
    0.237946,
    0.238247
  ],
  "FRAX": [
    0.990923,
    0.992039
  ],
  "LIT": [
    1.082,
    1.087
  ],
  "APEPE": [
    0.00000129,
    0.00000129
  ],
  "IOTA": [
    0.061446,
    0.061387
  ],
  "FO": [
    0.264259,
    0.264009
  ],
  "IP": [
    0.747979,
    0.747786
  ],
  "2Z": [
    0.075274,
    0.075505
  ],
  "OP": [
    0.122113,
    0.122817
  ],
  "CRVUSD": [
    1,
    0.999162
  ],
  "LDO": [
    0.297421,
    0.298291
  ],
  "ZBCN": [
    0.002581,
    0.00258402
  ],
  "PYTH": [
    0.04315927,
    0.04333406
  ],
  "OHM": [
    15.81,
    15.82
  ],
  "BTSE": [
    1.47,
    1.47
  ],
  "ENS": [
    6.19,
    6.21
  ],
  "MON": [
    0.0218586,
    0.02194419
  ],
  "TEL": [
    0.0024485,
    0.00244873
  ],
  "HNT": [
    1.23,
    1.24
  ],
  "B": [
    0.219661,
    0.220425
  ],
  "STRK": [
    0.03900811,
    0.03888082
  ],
  "LUNC": [
    0.00003982,
    0.00003997
  ],
  "XPL": [
    0.096528,
    0.097175
  ],
  "USDA": [
    0.984014,
    0.984014
  ],
  "SAND": [
    0.0811,
    0.081412
  ],
  "AUSD": [
    0.999887,
    0.999903
  ],
  "TWT": [
    0.510507,
    0.515848
  ],
  "BCAP": [
    22.99,
    22.99
  ],
  "PENDLE": [
    1.25,
    1.25
  ],
  "GRASS": [
    0.380268,
    0.377819
  ],
  "AB": [
    0.00205334,
    0.00205222
  ],
  "AXS": [
    1.19,
    1.2
  ],
  "NUSD": [
    0.999741,
    0.99931
  ],
  "9BIT": [
    0.02419499,
    0.02415353
  ],
  "FARTCOIN": [
    0.196859,
    0.198177
  ],
  "BORG": [
    0.20163,
    0.200865
  ],
  "XCN": [
    0.0052436,
    0.0052437
  ],
  "REUSD": [
    1.068,
    1.068
  ],
  "USTBL": [
    1.078,
    1.078
  ],
  "UDS": [
    1.55,
    1.54
  ],
  "PC0000031": [
    1,
    1
  ],
  "REAL": [
    0.059788,
    0.059909
  ],
  "VSN": [
    0.052661,
    0.052621
  ],
  "NEO": [
    2.68,
    2.68
  ],
  "COMP": [
    19.27,
    19.31
  ],
  "FLUID": [
    2.33,
    2.34
  ],
  "WIF": [
    0.17993,
    0.181341
  ],
  "WAL": [
    0.080019,
    0.080124
  ],
  "WFI": [
    2.16,
    2.16
  ],
  "IUSD": [
    0.999344,
    0.999183
  ],
  "FDIT": [
    1,
    1
  ],
  "H": [
    0.094385,
    0.095346
  ],
  "ZK": [
    0.01872214,
    0.01873799
  ],
  "MANA": [
    0.087628,
    0.088051
  ],
  "S": [
    0.04480389,
    0.04486062
  ],
  "THETA": [
    0.169335,
    0.169561
  ],
  "CVX": [
    1.84,
    1.85
  ],
  "RAY": [
    0.617835,
    0.622078
  ],
  "FF": [
    0.070749,
    0.070825
  ],
  "MX": [
    1.79,
    1.79
  ],
  "KOGE": [
    47.99,
    47.99
  ]
}