{
  "A7A5": [
    0.0121831,
    0.01226011
  ],
  "FTN": [
    1.088,
    1.087
  ],
  "CAKE": [
    1.4,
    1.41
  ],
  "VIRTUAL": [
    0.679154,
    0.686787
  ],
  "PENGU": [
    0.00677384,
    0.0068343
  ],
  "STX": [
    0.231668,
    0.233606
  ],
  "EURC": [
    1.15,
    1.15
  ],
  "ETHFI": [
    0.521012,
    0.522158
  ],
  "DASH": [
    32.11,
    32.38
  ],
  "XTZ": [
    0.368444,
    0.370756
  ],
  "JAAA": [
    1.028,
    1.028
  ],
  "SEI": [
    0.058201,
    0.058731
  ],
  "FDUSD": [
    0.998848,
    0.998797
  ],
  "DCR": [
    21.81,
    22.05
  ],
  "KITE": [
    0.207832,
    0.209474
  ],
  "CHZ": [
    0.034812,
    0.03511402
  ],
  "PRIME": [
    1.027,
    1.025
  ],
  "USX": [
    0.999498,
    0.999484
  ],
  "DEXE": [
    7.33,
    7.37
  ],
  "KAU": [
    142.36,
    142.38
  ],
  "NFT": [
    3.32016e-7,
    3.32716e-7
  ],
  "SUN": [
    0.01709339,
    0.01712303
  ],
  "CRV": [
    0.217429,
    0.218859
  ],
  "ADI": [
    4.1,
    4.09
  ],
  "GNO": [
    122.69,
    123.57
  ],
  "RIVER": [
    15.56,
    16.49
  ],
  "BTT": [
    3.25891e-7,
    3.2625e-7
  ],
  "USDAI": [
    0.999626,
    0.999728
  ],
  "CFX": [
    0.058891,
    0.05904
  ],
  "AERO": [
    0.324609,
    0.328516
  ],
  "INJ": [
    2.93,
    2.94
  ],
  "KAIA": [
    0.04860641,
    0.04911913
  ],
  "VVV": [
    6.17,
    6.37
  ],
  "TIA": [
    0.31318,
    0.314894
  ],
  "FLOKI": [
    0.00002845,
    0.00002884
  ],
  "BSV": [
    13.73,
    13.84
  ],
  "FRAX": [
    0.990822,
    0.991325
  ],
  "SPX": [
    0.282425,
    0.285109
  ],
  "APEPE": [
    0.00000126,
    0.00000126
  ],
  "JASMY": [
    0.00528774,
    0.0053346
  ],
  "FO": [
    0.263002,
    0.263088
  ],
  "GRT": [
    0.02399152,
    0.02433138
  ],
  "CRVUSD": [
    0.999379,
    0.997439
  ],
  "MON": [
    0.02354858,
    0.02396138
  ],
  "KAG": [
    67.76,
    68.37
  ],
  "SYRUP": [
    0.219001,
    0.220514
  ],
  "2Z": [
    0.072633,
    0.073232
  ],
  "IOTA": [
    0.056849,
    0.057159
  ],
  "OHM": [
    15.49,
    15.55
  ],
  "LDO": [
    0.283231,
    0.286155
  ],
  "BTSE": [
    1.43,
    1.44
  ],
  "OP": [
    0.10661,
    0.108204
  ],
  "USTBL": [
    1.078,
    1.078
  ],
  "LIT": [
    0.910184,
    0.907916
  ],
  "ZBCN": [
    0.00231328,
    0.00229789
  ],
  "9BIT": [
    0.02740145,
    0.0273758
  ],
  "ENS": [
    5.81,
    5.85
  ],
  "PYTH": [
    0.03831019,
    0.03876695
  ],
  "XPL": [
    0.091885,
    0.092968
  ],
  "HNT": [
    1.18,
    1.19
  ],
  "UDS": [
    1.76,
    1.76
  ],
  "USDA": [
    0.984662,
    0.984662
  ],
  "AUSD": [
    0.999802,
    0.999735
  ],
  "IP": [
    0.607629,
    0.607055
  ],
  "B": [
    0.212438,
    0.213197
  ],
  "TEL": [
    0.00218357,
    0.00220008
  ],
  "BCAP": [
    22.89,
    22.89
  ],
  "LUNC": [
    0.00003799,
    0.00003814
  ],
  "SAND": [
    0.076644,
    0.077097
  ],
  "XCN": [
    0.00540113,
    0.00537426
  ],
  "TWT": [
    0.480386,
    0.483828
  ],
  "STRK": [
    0.03516546,
    0.0353618
  ],
  "PENDLE": [
    1.19,
    1.2
  ],
  "AB": [
    0.00200048,
    0.00200205
  ],
  "PC0000031": [
    1,
    1
  ],
  "REAL": [
    0.059188,
    0.059379
  ],
  "VSN": [
    0.051391,
    0.051431
  ],
  "NEO": [
    2.63,
    2.65
  ],
  "WIF": [
    0.184834,
    0.186704
  ],
  "NUSD": [
    0.999384,
    0.997878
  ],
  "REUSD": [
    1.068,
    1.068
  ],
  "BORG": [
    0.186304,
    0.186503
  ],
  "COMP": [
    18.72,
    18.82
  ],
  "AXS": [
    1.057,
    1.06
  ],
  "FARTCOIN": [
    0.175244,
    0.178617
  ],
  "WFI": [
    2.17,
    2.17
  ],
  "ZK": [
    0.01812314,
    0.01830792
  ],
  "GRASS": [
    0.310343,
    0.320141
  ],
  "WAL": [
    0.076566,
    0.077303
  ],
  "FF": [
    0.07062,
    0.070612
  ],
  "MX": [
    1.79,
    1.79
  ],
  "MANA": [
    0.083786,
    0.084563
  ],
  "KOGE": [
    47.97,
    47.97
  ],
  "S": [
    0.04157416,
    0.04231463
  ],
  "FDIT": [
    1,
    1
  ],
  "SATUSD": [
    0.992478,
    0.995207
  ],
  "THETA": [
    0.156701,
    0.158147
  ],
  "RAY": [
    0.579372,
    0.583152
  ],
  "FT": [
    0.097807,
    0.09809
  ],
  "CVX": [
    1.68
  ]
}