{
  "RIVER": [
    25.18,
    24.68
  ],
  "FTN": [
    1.09,
    1.089
  ],
  "ETHFI": [
    0.588615,
    0.585852
  ],
  "A7A5": [
    0.01185058,
    0.01171651
  ],
  "VIRTUAL": [
    0.702202,
    0.697498
  ],
  "STX": [
    0.246635,
    0.246008
  ],
  "CAKE": [
    1.38,
    1.37
  ],
  "PENGU": [
    0.0070885,
    0.00707039
  ],
  "DCR": [
    24.85,
    25.13
  ],
  "EURC": [
    1.16,
    1.16
  ],
  "XTZ": [
    0.397042,
    0.394375
  ],
  "SEI": [
    0.063209,
    0.063017
  ],
  "JAAA": [
    1.027,
    1.027
  ],
  "DASH": [
    33.09,
    32.73
  ],
  "KITE": [
    0.220096,
    0.221953
  ],
  "FDUSD": [
    0.999008,
    0.999692
  ],
  "CHZ": [
    0.03640596,
    0.03622079
  ],
  "USX": [
    0.999694,
    0.99984
  ],
  "PRIME": [
    1.029,
    1.028
  ],
  "KAU": [
    140.36,
    147.67
  ],
  "CRV": [
    0.235244,
    0.234675
  ],
  "GNO": [
    130.41,
    130.48
  ],
  "SUN": [
    0.01776602,
    0.01772695
  ],
  "CFX": [
    0.064553,
    0.064068
  ],
  "BTT": [
    3.36614e-7,
    3.3662e-7
  ],
  "NFT": [
    3.34388e-7,
    3.33558e-7
  ],
  "USDAI": [
    0.999838,
    1
  ],
  "ADI": [
    3.23,
    3.24
  ],
  "INJ": [
    3.15,
    3.12
  ],
  "KAIA": [
    0.051601,
    0.05121
  ],
  "TIA": [
    0.3349,
    0.333766
  ],
  "AERO": [
    0.322341,
    0.321197
  ],
  "BSV": [
    14.59,
    14.53
  ],
  "FLOKI": [
    0.00002991,
    0.00002985
  ],
  "DEXE": [
    6.01,
    6.15
  ],
  "SPX": [
    0.305906,
    0.304521
  ],
  "GRT": [
    0.02609428,
    0.02603552
  ],
  "JASMY": [
    0.00566343,
    0.00566923
  ],
  "VVV": [
    6.08,
    6.2
  ],
  "FRAX": [
    0.992276,
    0.992279
  ],
  "SYRUP": [
    0.23723,
    0.235549
  ],
  "APEPE": [
    0.00000128,
    0.00000128
  ],
  "IOTA": [
    0.061691,
    0.061575
  ],
  "FO": [
    0.263617,
    0.2639
  ],
  "2Z": [
    0.076075,
    0.075701
  ],
  "LIT": [
    1.053,
    1.049
  ],
  "IP": [
    0.740077,
    0.740807
  ],
  "OP": [
    0.123658,
    0.122847
  ],
  "CRVUSD": [
    0.998747,
    0.999689
  ],
  "LDO": [
    0.299099,
    0.298524
  ],
  "PYTH": [
    0.04370024,
    0.04315795
  ],
  "OHM": [
    15.92,
    15.91
  ],
  "ZBCN": [
    0.00249618,
    0.00252412
  ],
  "ENS": [
    6.24,
    6.22
  ],
  "MON": [
    0.02200369,
    0.0218778
  ],
  "BTSE": [
    1.46,
    1.46
  ],
  "TEL": [
    0.00244839,
    0.00244447
  ],
  "HNT": [
    1.24,
    1.23
  ],
  "STRK": [
    0.03870354,
    0.03952734
  ],
  "B": [
    0.220167,
    0.217572
  ],
  "USDA": [
    0.984014,
    0.984014
  ],
  "SAND": [
    0.081543,
    0.081291
  ],
  "AUSD": [
    0.999791,
    1
  ],
  "XPL": [
    0.096188,
    0.096382
  ],
  "LUNC": [
    0.0000396,
    0.0000395
  ],
  "BCAP": [
    22.99,
    22.99
  ],
  "TWT": [
    0.505606,
    0.501955
  ],
  "GRASS": [
    0.383266,
    0.384606
  ],
  "PENDLE": [
    1.26,
    1.26
  ],
  "AB": [
    0.00205175,
    0.00205224
  ],
  "AXS": [
    1.19,
    1.19
  ],
  "NUSD": [
    0.998638,
    0.999241
  ],
  "9BIT": [
    0.02420734,
    0.02422326
  ],
  "BORG": [
    0.201747,
    0.201743
  ],
  "XCN": [
    0.00523676,
    0.00523891
  ],
  "FARTCOIN": [
    0.196849,
    0.195805
  ],
  "REUSD": [
    1.068,
    1.068
  ],
  "USTBL": [
    1.078,
    1.078
  ],
  "UDS": [
    1.55,
    1.55
  ],
  "VSN": [
    0.052435,
    0.052792
  ],
  "PC0000031": [
    1,
    1
  ],
  "REAL": [
    0.059935,
    0.059596
  ],
  "NEO": [
    2.68,
    2.67
  ],
  "COMP": [
    19.25,
    19.21
  ],
  "FLUID": [
    2.35,
    2.34
  ],
  "WIF": [
    0.180914,
    0.181919
  ],
  "WAL": [
    0.08028,
    0.079752
  ],
  "FDIT": [
    1,
    1
  ],
  "IUSD": [
    0.999239,
    0.999411
  ],
  "WFI": [
    2.16,
    2.15
  ],
  "ZK": [
    0.01896319,
    0.01884776
  ],
  "H": [
    0.094868,
    0.0945
  ],
  "S": [
    0.04476382,
    0.04508713
  ],
  "MANA": [
    0.088489,
    0.088019
  ],
  "THETA": [
    0.170236,
    0.16971
  ],
  "CVX": [
    1.84,
    1.83
  ],
  "FF": [
    0.070936,
    0.070884
  ],
  "RAY": [
    0.617332,
    0.616332
  ],
  "MX": [
    1.79,
    1.79
  ],
  "KOGE": [
    47.99,
    47.99
  ]
}