{
  "RIVER": [
    25.23
  ],
  "FTN": [
    1.088,
    1.089
  ],
  "A7A5": [
    0.01189879,
    0.01185432
  ],
  "ETHFI": [
    0.584865,
    0.587263
  ],
  "VIRTUAL": [
    0.693957,
    0.696471
  ],
  "CAKE": [
    1.38,
    1.37
  ],
  "STX": [
    0.244874,
    0.245222
  ],
  "PENGU": [
    0.0070224,
    0.00703752
  ],
  "DCR": [
    24.54,
    24.92
  ],
  "XTZ": [
    0.397319,
    0.397345
  ],
  "EURC": [
    1.16,
    1.16
  ],
  "SEI": [
    0.063031,
    0.062892
  ],
  "JAAA": [
    1.027,
    1.027
  ],
  "DASH": [
    32.87,
    32.89
  ],
  "KITE": [
    0.216696,
    0.220226
  ],
  "FDUSD": [
    0.999527,
    0.999832
  ],
  "CHZ": [
    0.03604493,
    0.036208
  ],
  "USX": [
    0.999813,
    0.99962
  ],
  "PRIME": [
    1.029,
    1.027
  ],
  "CRV": [
    0.234445,
    0.234727
  ],
  "GNO": [
    130.77,
    131.01
  ],
  "SUN": [
    0.01784127,
    0.01773728
  ],
  "KAU": [
    142.02,
    141.69
  ],
  "BTT": [
    3.36815e-7,
    3.36436e-7
  ],
  "CFX": [
    0.064643,
    0.063857
  ],
  "NFT": [
    3.34828e-7,
    3.34529e-7
  ],
  "USDAI": [
    0.999575,
    0.999831
  ],
  "ADI": [
    3.24,
    3.23
  ],
  "INJ": [
    3.09,
    3.11
  ],
  "KAIA": [
    0.051719,
    0.051554
  ],
  "TIA": [
    0.331235,
    0.331926
  ],
  "AERO": [
    0.320678,
    0.321851
  ],
  "BSV": [
    14.61,
    14.62
  ],
  "FLOKI": [
    0.00002963,
    0.00002968
  ],
  "SPX": [
    0.303302,
    0.305284
  ],
  "DEXE": [
    6.06,
    6.04
  ],
  "GRT": [
    0.02585529,
    0.02592134
  ],
  "JASMY": [
    0.00558167,
    0.00561281
  ],
  "SYRUP": [
    0.2359,
    0.237343
  ],
  "FRAX": [
    0.992991,
    0.992133
  ],
  "VVV": [
    5.88,
    6.04
  ],
  "APEPE": [
    0.00000128,
    0.00000128
  ],
  "IOTA": [
    0.061455,
    0.061413
  ],
  "LIT": [
    1.049,
    1.057
  ],
  "2Z": [
    0.076005,
    0.075975
  ],
  "FO": [
    0.264436,
    0.263443
  ],
  "IP": [
    0.740069,
    0.73884
  ],
  "OP": [
    0.121778,
    0.12209
  ],
  "CRVUSD": [
    0.999191,
    0.997959
  ],
  "LDO": [
    0.297125,
    0.297512
  ],
  "OHM": [
    15.9,
    15.9
  ],
  "PYTH": [
    0.04290635,
    0.04315648
  ],
  "ZBCN": [
    0.00244681,
    0.0025182
  ],
  "ENS": [
    6.2,
    6.21
  ],
  "BTSE": [
    1.46,
    1.46
  ],
  "MON": [
    0.021889,
    0.02187501
  ],
  "TEL": [
    0.00244359,
    0.00244434
  ],
  "HNT": [
    1.24,
    1.24
  ],
  "B": [
    0.222122,
    0.221486
  ],
  "USDA": [
    0.984014,
    0.984014
  ],
  "AUSD": [
    0.999947,
    0.999767
  ],
  "XPL": [
    0.095281,
    0.096279
  ],
  "SAND": [
    0.08066,
    0.080827
  ],
  "LUNC": [
    0.00003927,
    0.00003944
  ],
  "STRK": [
    0.03711808,
    0.03768707
  ],
  "TWT": [
    0.505222,
    0.505423
  ],
  "BCAP": [
    22.99,
    22.99
  ],
  "PENDLE": [
    1.25,
    1.25
  ],
  "GRASS": [
    0.381684,
    0.380065
  ],
  "AB": [
    0.00205155,
    0.00205071
  ],
  "NUSD": [
    0.999737,
    0.998896
  ],
  "AXS": [
    1.19,
    1.19
  ],
  "BORG": [
    0.206249,
    0.203485
  ],
  "9BIT": [
    0.02404793,
    0.02424248
  ],
  "FARTCOIN": [
    0.197441,
    0.197698
  ],
  "UDS": [
    1.61,
    1.59
  ],
  "XCN": [
    0.00529515,
    0.00523126
  ],
  "REUSD": [
    1.068,
    1.068
  ],
  "USTBL": [
    1.078,
    1.078
  ],
  "REAL": [
    0.059937,
    0.059955
  ],
  "PC0000031": [
    1,
    1
  ],
  "VSN": [
    0.052421,
    0.052463
  ],
  "NEO": [
    2.67,
    2.67
  ],
  "COMP": [
    19.24,
    19.21
  ],
  "FLUID": [
    2.34,
    2.35
  ],
  "WAL": [
    0.079646,
    0.079869
  ],
  "WIF": [
    0.178839,
    0.178509
  ],
  "FDIT": [
    1,
    1
  ],
  "IUSD": [
    0.999897,
    0.99947
  ],
  "WFI": [
    2.16,
    2.15
  ],
  "H": [
    0.094772,
    0.095067
  ],
  "ZK": [
    0.01855784,
    0.01866009
  ],
  "THETA": [
    0.169657,
    0.169529
  ],
  "MANA": [
    0.087409,
    0.087466
  ],
  "CVX": [
    1.84,
    1.84
  ],
  "S": [
    0.04417942,
    0.04466247
  ],
  "FF": [
    0.070781,
    0.070935
  ],
  "RAY": [
    0.616377,
    0.616893
  ],
  "MX": [
    1.79,
    1.79
  ],
  "KOGE": [
    47.99,
    47.99
  ]
}