{
  "A7A5": [
    0.01249879,
    0.01245678
  ],
  "VIRTUAL": [
    0.724815,
    0.72819
  ],
  "FTN": [
    1.088,
    1.089
  ],
  "CAKE": [
    1.41,
    1.43
  ],
  "PENGU": [
    0.00709247,
    0.00728181
  ],
  "RIVER": [
    22.86,
    22.98
  ],
  "STX": [
    0.242899,
    0.243748
  ],
  "DASH": [
    34.32,
    34.69
  ],
  "ETHFI": [
    0.533539,
    0.543576
  ],
  "XTZ": [
    0.399835,
    0.395407
  ],
  "EURC": [
    1.16,
    1.16
  ],
  "SEI": [
    0.060782,
    0.061029
  ],
  "KITE": [
    0.251002,
    0.226382
  ],
  "JAAA": [
    1.027,
    1.027
  ],
  "FDUSD": [
    0.999502,
    0.999216
  ],
  "CHZ": [
    0.03595868,
    0.0362436
  ],
  "DCR": [
    20.92,
    21.01
  ],
  "USX": [
    0.999539,
    0.999496
  ],
  "ADI": [
    3.65,
    3.67
  ],
  "CRV": [
    0.226067,
    0.236744
  ],
  "KAU": [
    144.01,
    147.19
  ],
  "PRIME": [
    1.028,
    1.028
  ],
  "GNO": [
    128.67,
    129.08
  ],
  "SUN": [
    0.01767058,
    0.0175352
  ],
  "DEXE": [
    7.06,
    7.15
  ],
  "NFT": [
    3.32793e-7,
    3.32932e-7
  ],
  "BTT": [
    3.32561e-7,
    3.32491e-7
  ],
  "CFX": [
    0.061715,
    0.062804
  ],
  "AERO": [
    0.3241,
    0.336787
  ],
  "USDAI": [
    0.999706,
    0.999712
  ],
  "INJ": [
    3.06,
    3.07
  ],
  "KAIA": [
    0.051557,
    0.051378
  ],
  "TIA": [
    0.332123,
    0.333188
  ],
  "VVV": [
    6.28,
    6.51
  ],
  "FLOKI": [
    0.00002994,
    0.00003029
  ],
  "BSV": [
    14.28,
    14.29
  ],
  "SPX": [
    0.298333,
    0.302214
  ],
  "JASMY": [
    0.00557082,
    0.00555915
  ],
  "FRAX": [
    0.990723,
    0.991202
  ],
  "GRT": [
    0.02523259,
    0.02530306
  ],
  "SYRUP": [
    0.2336,
    0.232739
  ],
  "APEPE": [
    0.00000128,
    0.00000128
  ],
  "2Z": [
    0.075845,
    0.076099
  ],
  "FO": [
    0.263748,
    0.263739
  ],
  "CRVUSD": [
    0.998728,
    0.998085
  ],
  "IOTA": [
    0.058976,
    0.05876
  ],
  "LDO": [
    0.294851,
    0.299165
  ],
  "LIT": [
    1.008,
    1.005
  ],
  "OHM": [
    16,
    16.04
  ],
  "MON": [
    0.02335821,
    0.02313788
  ],
  "OP": [
    0.113829,
    0.113956
  ],
  "ENS": [
    6.1,
    6.16
  ],
  "BTSE": [
    1.45,
    1.46
  ],
  "PYTH": [
    0.04016352,
    0.04099009
  ],
  "HNT": [
    1.24,
    1.25
  ],
  "XPL": [
    0.097633,
    0.097232
  ],
  "IP": [
    0.648998,
    0.648924
  ],
  "ZBCN": [
    0.00231837,
    0.00232755
  ],
  "B": [
    0.220798,
    0.22
  ],
  "UDS": [
    1.78,
    1.77
  ],
  "SAND": [
    0.081744,
    0.081939
  ],
  "USDA": [
    0.98457,
    0.984613
  ],
  "AUSD": [
    0.999849,
    1
  ],
  "TEL": [
    0.00226173,
    0.00226654
  ],
  "LUNC": [
    0.00003863,
    0.00003871
  ],
  "STRK": [
    0.03708418,
    0.03726832
  ],
  "BCAP": [
    22.89,
    22.89
  ],
  "9BIT": [
    0.02411717,
    0.02547295
  ],
  "PENDLE": [
    1.24,
    1.25
  ],
  "TWT": [
    0.493424,
    0.493293
  ],
  "AB": [
    0.00201856,
    0.00202012
  ],
  "XCN": [
    0.00529328,
    0.0052705
  ],
  "REAL": [
    0.061072,
    0.061796
  ],
  "NEO": [
    2.8,
    2.77
  ],
  "WIF": [
    0.192121,
    0.194477
  ],
  "FARTCOIN": [
    0.187736,
    0.193209
  ],
  "USTBL": [
    1.078,
    1.078
  ],
  "BORG": [
    0.194225,
    0.19674
  ],
  "COMP": [
    19.65,
    19.64
  ],
  "AXS": [
    1.12,
    1.12
  ],
  "PC0000031": [
    1,
    1
  ],
  "NUSD": [
    0.997748,
    1
  ],
  "GRASS": [
    0.345851,
    0.345941
  ],
  "VSN": [
    0.051534,
    0.051708
  ],
  "REUSD": [
    1.068,
    1.068
  ],
  "WFI": [
    2.24,
    2.23
  ],
  "WAL": [
    0.080734,
    0.080528
  ],
  "ZK": [
    0.01843588,
    0.01859639
  ],
  "H": [
    0.094063,
    0.094982
  ],
  "MANA": [
    0.088532,
    0.088375
  ],
  "FDIT": [
    1,
    1
  ],
  "FF": [
    0.071786,
    0.071166
  ],
  "CVX": [
    1.79,
    1.81
  ],
  "S": [
    0.04359832,
    0.04385257
  ],
  "RAY": [
    0.609975,
    0.616001
  ],
  "MX": [
    1.79,
    1.79
  ],
  "JTO": [
    0.36036
  ],
  "THETA": [
    0.162622,
    0.162133
  ],
  "KOGE": [
    47.97,
    47.98
  ],
  "BAT": [
    0.108708,
    0.107491
  ]
}