{
  "TUSD": [
    0.999291,
    0.999231
  ],
  "FTN": [
    1.089,
    1.088
  ],
  "ETHFI": [
    0.595505,
    0.597164
  ],
  "A7A5": [
    0.01171603,
    0.01200065
  ],
  "VIRTUAL": [
    0.696506,
    0.694502
  ],
  "CAKE": [
    1.37,
    1.37
  ],
  "STX": [
    0.245722,
    0.245787
  ],
  "PENGU": [
    0.00706524,
    0.00706235
  ],
  "DCR": [
    25.26,
    25.48
  ],
  "EURC": [
    1.16,
    1.16
  ],
  "XTZ": [
    0.395443,
    0.39561
  ],
  "SEI": [
    0.063084,
    0.062965
  ],
  "JAAA": [
    1.027,
    1.027
  ],
  "DASH": [
    32.99,
    32.83
  ],
  "KITE": [
    0.215592,
    0.217793
  ],
  "FDUSD": [
    0.999311,
    0.999346
  ],
  "KAU": [
    146.47,
    156.81
  ],
  "CHZ": [
    0.03606084,
    0.03604029
  ],
  "USX": [
    0.999676,
    0.999824
  ],
  "PRIME": [
    1.029,
    1.028
  ],
  "CRV": [
    0.234693,
    0.234184
  ],
  "SUN": [
    0.01796383,
    0.01787734
  ],
  "GNO": [
    130.43,
    129.92
  ],
  "USDAI": [
    0.999789,
    0.999789
  ],
  "BTT": [
    3.36682e-7,
    3.36724e-7
  ],
  "CFX": [
    0.064053,
    0.063925
  ],
  "NFT": [
    3.33351e-7,
    3.33477e-7
  ],
  "ADI": [
    3.23,
    3.24
  ],
  "INJ": [
    3.11,
    3.11
  ],
  "DEXE": [
    6.4,
    6.48
  ],
  "KAIA": [
    0.051272,
    0.051198
  ],
  "TIA": [
    0.332419,
    0.331777
  ],
  "AERO": [
    0.32138,
    0.320698
  ],
  "BSV": [
    14.54,
    14.53
  ],
  "FLOKI": [
    0.00002975,
    0.00002971
  ],
  "SPX": [
    0.304094,
    0.303447
  ],
  "JASMY": [
    0.00571563,
    0.00567962
  ],
  "GRT": [
    0.02598889,
    0.02593526
  ],
  "VVV": [
    6.16,
    6.22
  ],
  "SYRUP": [
    0.237638,
    0.237939
  ],
  "FRAX": [
    0.99201,
    0.991963
  ],
  "LIT": [
    1.072,
    1.081
  ],
  "APEPE": [
    0.00000129,
    0.00000129
  ],
  "IOTA": [
    0.06158,
    0.061412
  ],
  "IP": [
    0.745946,
    0.747642
  ],
  "FO": [
    0.263293,
    0.263233
  ],
  "2Z": [
    0.075476,
    0.075157
  ],
  "OP": [
    0.122297,
    0.122142
  ],
  "CRVUSD": [
    0.999519,
    0.998925
  ],
  "LDO": [
    0.297822,
    0.297239
  ],
  "ZBCN": [
    0.00256605,
    0.00255436
  ],
  "PYTH": [
    0.04328285,
    0.0431804
  ],
  "OHM": [
    15.88,
    15.88
  ],
  "BTSE": [
    1.46,
    1.47
  ],
  "ENS": [
    6.2,
    6.19
  ],
  "MON": [
    0.02182956,
    0.02183318
  ],
  "TEL": [
    0.00244294,
    0.00245141
  ],
  "HNT": [
    1.23,
    1.23
  ],
  "STRK": [
    0.0394288,
    0.03897566
  ],
  "B": [
    0.218913,
    0.218945
  ],
  "USDA": [
    0.984014,
    0.984014
  ],
  "LUNC": [
    0.00003981,
    0.00003974
  ],
  "AUSD": [
    0.999886,
    0.999894
  ],
  "XPL": [
    0.096616,
    0.096458
  ],
  "SAND": [
    0.081144,
    0.080963
  ],
  "TWT": [
    0.51023,
    0.511766
  ],
  "BCAP": [
    22.99,
    22.99
  ],
  "PENDLE": [
    1.25,
    1.25
  ],
  "GRASS": [
    0.381677,
    0.379355
  ],
  "AB": [
    0.00204972,
    0.00205079
  ],
  "AXS": [
    1.19,
    1.19
  ],
  "NUSD": [
    0.99941,
    0.999817
  ],
  "9BIT": [
    0.02417493,
    0.02418417
  ],
  "BORG": [
    0.201702,
    0.202024
  ],
  "FARTCOIN": [
    0.197716,
    0.196725
  ],
  "XCN": [
    0.00523655,
    0.00524183
  ],
  "REUSD": [
    1.067,
    1.068
  ],
  "USTBL": [
    1.078,
    1.078
  ],
  "UDS": [
    1.54,
    1.55
  ],
  "VSN": [
    0.052888,
    0.052832
  ],
  "PC0000031": [
    1,
    1
  ],
  "NEO": [
    2.68,
    2.68
  ],
  "REAL": [
    0.059804,
    0.059716
  ],
  "COMP": [
    19.3,
    19.28
  ],
  "FLUID": [
    2.34,
    2.34
  ],
  "WAL": [
    0.080047,
    0.080022
  ],
  "WIF": [
    0.179509,
    0.179412
  ],
  "IUSD": [
    0.999244,
    0.999425
  ],
  "WFI": [
    2.16,
    2.16
  ],
  "FDIT": [
    1,
    1
  ],
  "ZK": [
    0.01875189,
    0.01870929
  ],
  "H": [
    0.0948,
    0.09437
  ],
  "CVX": [
    1.86,
    1.85
  ],
  "S": [
    0.04485796,
    0.04479579
  ],
  "MANA": [
    0.087691,
    0.087566
  ],
  "THETA": [
    0.169546,
    0.169294
  ],
  "RAY": [
    0.616585,
    0.617445
  ],
  "FF": [
    0.070783,
    0.070763
  ],
  "MX": [
    1.79,
    1.79
  ],
  "KOGE": [
    47.99,
    47.99
  ]
}