{
  "FET": [
    0.211968,
    0.212854
  ],
  "FTN": [
    1.089,
    1.088
  ],
  "CAKE": [
    1.42,
    1.41
  ],
  "A7A5": [
    0.01160017,
    0.01163637
  ],
  "VIRTUAL": [
    0.705756,
    0.694531
  ],
  "DCR": [
    26.3,
    26.21
  ],
  "STX": [
    0.244626,
    0.244917
  ],
  "PENGU": [
    0.00713069,
    0.00709625
  ],
  "SEI": [
    0.063739,
    0.063815
  ],
  "EURC": [
    1.16,
    1.16
  ],
  "ETHFI": [
    0.543228,
    0.537675
  ],
  "JAAA": [
    1.027,
    1.027
  ],
  "XTZ": [
    0.389408,
    0.388363
  ],
  "DASH": [
    31.73,
    31.52
  ],
  "FDUSD": [
    0.999812,
    0.999437
  ],
  "CHZ": [
    0.03602209,
    0.03588011
  ],
  "KITE": [
    0.199482,
    0.20247
  ],
  "USX": [
    0.999697,
    0.99979
  ],
  "KAU": [
    148.67,
    149.46
  ],
  "CRV": [
    0.23864,
    0.236799
  ],
  "GNO": [
    131.65,
    131.21
  ],
  "SUN": [
    0.01786624,
    0.01792529
  ],
  "PRIME": [
    1.028,
    1.028
  ],
  "BTT": [
    3.34897e-7,
    3.34685e-7
  ],
  "NFT": [
    3.3209e-7,
    3.32031e-7
  ],
  "CFX": [
    0.062487,
    0.062953
  ],
  "USDAI": [
    0.999728,
    0.999605
  ],
  "ADI": [
    3.29,
    3.31
  ],
  "INJ": [
    3.03,
    3.05
  ],
  "KAIA": [
    0.051807,
    0.051704
  ],
  "LIT": [
    1.2,
    1.2
  ],
  "TIA": [
    0.335696,
    0.331943
  ],
  "AERO": [
    0.32218,
    0.320033
  ],
  "BSV": [
    14.5,
    14.46
  ],
  "DEXE": [
    6.1,
    6.14
  ],
  "FLOKI": [
    0.00002978,
    0.00002968
  ],
  "SPX": [
    0.305062,
    0.301916
  ],
  "SYRUP": [
    0.24168,
    0.242686
  ],
  "JASMY": [
    0.00569421,
    0.00567805
  ],
  "GRT": [
    0.02589054,
    0.02579609
  ],
  "FRAX": [
    0.992047,
    0.992053
  ],
  "IP": [
    0.781728,
    0.777385
  ],
  "2Z": [
    0.078684,
    0.078363
  ],
  "IOTA": [
    0.062143,
    0.06211
  ],
  "APEPE": [
    0.00000128,
    0.00000128
  ],
  "FO": [
    0.263082,
    0.263106
  ],
  "BTSE": [
    1.61,
    1.6
  ],
  "OHM": [
    16.6,
    16.54
  ],
  "CRVUSD": [
    0.999167,
    0.997423
  ],
  "VVV": [
    5.55,
    5.75
  ],
  "PYTH": [
    0.04486899,
    0.04470367
  ],
  "OP": [
    0.121026,
    0.121086
  ],
  "LDO": [
    0.297515,
    0.296847
  ],
  "B": [
    0.244945,
    0.244908
  ],
  "MON": [
    0.02227597,
    0.02218935
  ],
  "ENS": [
    6.27,
    6.25
  ],
  "HNT": [
    1.3,
    1.28
  ],
  "TEL": [
    0.00247916,
    0.00248379
  ],
  "ZBCN": [
    0.00229242,
    0.00230451
  ],
  "XPL": [
    0.100551,
    0.099931
  ],
  "UDS": [
    1.76,
    1.76
  ],
  "LUNC": [
    0.00004007,
    0.00003987
  ],
  "USDA": [
    0.984014,
    0.984014
  ],
  "AUSD": [
    0.999949,
    0.999864
  ],
  "SAND": [
    0.081526,
    0.081114
  ],
  "TWT": [
    0.515635,
    0.513785
  ],
  "GRASS": [
    0.393917,
    0.390871
  ],
  "BCAP": [
    22.99,
    22.99
  ],
  "AB": [
    0.00211038,
    0.00211344
  ],
  "PENDLE": [
    1.25,
    1.24
  ],
  "STRK": [
    0.03643171,
    0.03634595
  ],
  "NUSD": [
    0.999699,
    0.998427
  ],
  "AXS": [
    1.2,
    1.2
  ],
  "BORG": [
    0.208012,
    0.20518
  ],
  "USTBL": [
    1.078,
    1.078
  ],
  "9BIT": [
    0.02433127,
    0.02430281
  ],
  "XCN": [
    0.00529694,
    0.00529989
  ],
  "FARTCOIN": [
    0.202017,
    0.19803
  ],
  "REUSD": [
    1.068,
    1.067
  ],
  "NEO": [
    2.72,
    2.73
  ],
  "VSN": [
    0.052507,
    0.05287
  ],
  "PC0000031": [
    1,
    1
  ],
  "REAL": [
    0.059164,
    0.058791
  ],
  "COMP": [
    19.06,
    19.12
  ],
  "WFI": [
    2.23,
    2.23
  ],
  "FLUID": [
    2.28,
    2.28
  ],
  "FDIT": [
    1,
    1
  ],
  "WAL": [
    0.079124,
    0.078761
  ],
  "IUSD": [
    1,
    0.999589
  ],
  "ZK": [
    0.01900791,
    0.01890086
  ],
  "MANA": [
    0.089911,
    0.089449
  ],
  "THETA": [
    0.173798,
    0.172775
  ],
  "WIF": [
    0.172486,
    0.172334
  ],
  "H": [
    0.094643,
    0.093922
  ],
  "S": [
    0.04414775,
    0.04411266
  ],
  "FF": [
    0.070659,
    0.070557
  ],
  "RAY": [
    0.614563,
    0.612884
  ],
  "MX": [
    1.79,
    1.79
  ],
  "KOGE": [
    48,
    48
  ],
  "CVX": [
    1.78,
    1.76
  ]
}