{
  "FTN": [
    1.089,
    1.089
  ],
  "VIRTUAL": [
    0.698308,
    0.705062
  ],
  "CAKE": [
    1.4,
    1.4
  ],
  "A7A5": [
    0.01188039,
    0.01177443
  ],
  "DCR": [
    26.02,
    26.17
  ],
  "ETHFI": [
    0.562104,
    0.573302
  ],
  "STX": [
    0.243045,
    0.243969
  ],
  "PENGU": [
    0.00708582,
    0.00710091
  ],
  "XTZ": [
    0.402106,
    0.405797
  ],
  "EURC": [
    1.16,
    1.16
  ],
  "SEI": [
    0.062999,
    0.063309
  ],
  "RIVER": [
    21.17,
    21.57
  ],
  "JAAA": [
    1.027,
    1.027
  ],
  "DASH": [
    31.64,
    31.86
  ],
  "KITE": [
    0.220595,
    0.220261
  ],
  "FDUSD": [
    0.999479,
    0.999953
  ],
  "CHZ": [
    0.03572621,
    0.03587065
  ],
  "KAU": [
    144.86,
    155.1
  ],
  "USX": [
    0.999746,
    0.999744
  ],
  "PRIME": [
    1.028,
    1.026
  ],
  "CRV": [
    0.234129,
    0.23565
  ],
  "GNO": [
    129.81,
    130.51
  ],
  "SUN": [
    0.0176954,
    0.01763144
  ],
  "CFX": [
    0.063827,
    0.064733
  ],
  "BTT": [
    3.35781e-7,
    3.35961e-7
  ],
  "NFT": [
    3.33568e-7,
    3.33074e-7
  ],
  "USDAI": [
    0.999792,
    0.999873
  ],
  "ADI": [
    3.2,
    3.22
  ],
  "INJ": [
    3.07,
    3.09
  ],
  "KAIA": [
    0.051101,
    0.051336
  ],
  "TIA": [
    0.332061,
    0.334081
  ],
  "AERO": [
    0.318338,
    0.322422
  ],
  "BSV": [
    14.63,
    14.67
  ],
  "FLOKI": [
    0.00002957,
    0.00002972
  ],
  "SPX": [
    0.301624,
    0.305815
  ],
  "DEXE": [
    6.12,
    6.02
  ],
  "GRT": [
    0.02586077,
    0.02605287
  ],
  "JASMY": [
    0.0056114,
    0.00562537
  ],
  "SYRUP": [
    0.236884,
    0.238547
  ],
  "LIT": [
    1.1,
    1.1
  ],
  "FRAX": [
    0.992103,
    0.99235
  ],
  "APEPE": [
    0.00000129,
    0.00000129
  ],
  "IOTA": [
    0.061625,
    0.06184
  ],
  "2Z": [
    0.075808,
    0.076014
  ],
  "IP": [
    0.741895,
    0.748904
  ],
  "FO": [
    0.263809,
    0.263811
  ],
  "OP": [
    0.123115,
    0.124031
  ],
  "CRVUSD": [
    0.999738,
    0.998889
  ],
  "ZBCN": [
    0.00254907,
    0.00260769
  ],
  "OHM": [
    16.21,
    16.32
  ],
  "LDO": [
    0.296615,
    0.298247
  ],
  "VVV": [
    5.62,
    5.59
  ],
  "PYTH": [
    0.04290281,
    0.04325174
  ],
  "BTSE": [
    1.5,
    1.49
  ],
  "MON": [
    0.02193654,
    0.02220558
  ],
  "ENS": [
    6.19,
    6.22
  ],
  "TEL": [
    0.00243724,
    0.00244951
  ],
  "HNT": [
    1.25,
    1.26
  ],
  "B": [
    0.22463,
    0.2236
  ],
  "SAND": [
    0.081428,
    0.081908
  ],
  "USDA": [
    0.984014,
    0.984014
  ],
  "AUSD": [
    0.999906,
    1
  ],
  "LUNC": [
    0.00003937,
    0.00003956
  ],
  "UDS": [
    1.7,
    1.7
  ],
  "XPL": [
    0.093594,
    0.094164
  ],
  "TWT": [
    0.499135,
    0.503559
  ],
  "BCAP": [
    22.99,
    22.99
  ],
  "PENDLE": [
    1.25,
    1.26
  ],
  "AXS": [
    1.21,
    1.22
  ],
  "AB": [
    0.00207731,
    0.00207672
  ],
  "NUSD": [
    0.999811,
    1
  ],
  "STRK": [
    0.03556582,
    0.03557416
  ],
  "GRASS": [
    0.372854,
    0.370792
  ],
  "BORG": [
    0.203115,
    0.202583
  ],
  "FARTCOIN": [
    0.192247,
    0.197608
  ],
  "XCN": [
    0.00522679,
    0.00522387
  ],
  "REUSD": [
    1.068,
    1.068
  ],
  "USTBL": [
    1.078,
    1.078
  ],
  "NEO": [
    2.73,
    2.73
  ],
  "PC0000031": [
    1,
    1
  ],
  "VSN": [
    0.052543,
    0.0525
  ],
  "9BIT": [
    0.02288419,
    0.0228987
  ],
  "REAL": [
    0.058798,
    0.059329
  ],
  "COMP": [
    18.9,
    18.96
  ],
  "WAL": [
    0.079959,
    0.080232
  ],
  "WFI": [
    2.22,
    2.2
  ],
  "WIF": [
    0.177569,
    0.178577
  ],
  "FDIT": [
    1,
    1
  ],
  "FLUID": [
    2.26,
    2.26
  ],
  "IUSD": [
    1.001,
    1.001
  ],
  "H": [
    0.094887,
    0.096272
  ],
  "MANA": [
    0.088437,
    0.089016
  ],
  "ZK": [
    0.01850057,
    0.01862473
  ],
  "THETA": [
    0.169535,
    0.170856
  ],
  "CVX": [
    1.83,
    1.84
  ],
  "S": [
    0.0441492,
    0.04461731
  ],
  "FF": [
    0.070918,
    0.071019
  ],
  "RAY": [
    0.609509,
    0.613988
  ],
  "MX": [
    1.79,
    1.79
  ],
  "KOGE": [
    47.99,
    47.99
  ]
}