{
  "ZRO": [
    1.95
  ],
  "A7A5": [
    0.01210678,
    0.0121288
  ],
  "FTN": [
    1.088,
    1.088
  ],
  "ETHFI": [
    0.571708,
    0.574801
  ],
  "CAKE": [
    1.37,
    1.36
  ],
  "VIRTUAL": [
    0.667439,
    0.666355
  ],
  "STX": [
    0.238747,
    0.237826
  ],
  "EURC": [
    1.16,
    1.16
  ],
  "PENGU": [
    0.00680864,
    0.00678964
  ],
  "JAAA": [
    1.027,
    1.027
  ],
  "DCR": [
    24.3,
    24.18
  ],
  "XTZ": [
    0.38761,
    0.384963
  ],
  "SEI": [
    0.061037,
    0.0606
  ],
  "DASH": [
    31.17,
    31.47
  ],
  "KITE": [
    0.218164,
    0.220536
  ],
  "FDUSD": [
    0.999219,
    0.999646
  ],
  "KAU": [
    154.97,
    157.89
  ],
  "CHZ": [
    0.0350623,
    0.03507725
  ],
  "USX": [
    0.99964,
    0.999707
  ],
  "PRIME": [
    1.027,
    1.028
  ],
  "SUN": [
    0.01783857,
    0.01815631
  ],
  "GNO": [
    126.23,
    125.98
  ],
  "CRV": [
    0.22535,
    0.223531
  ],
  "USDAI": [
    0.999363,
    0.999862
  ],
  "NFT": [
    3.33552e-7,
    3.33144e-7
  ],
  "BTT": [
    3.32796e-7,
    3.3135e-7
  ],
  "CFX": [
    0.062143,
    0.06204
  ],
  "ADI": [
    3.23,
    3.25
  ],
  "INJ": [
    2.99,
    2.99
  ],
  "KAIA": [
    0.05079,
    0.050623
  ],
  "DEXE": [
    6.39,
    6.29
  ],
  "TIA": [
    0.319825,
    0.319334
  ],
  "AERO": [
    0.309512,
    0.308327
  ],
  "BSV": [
    14.21,
    14.2
  ],
  "FLOKI": [
    0.00002877,
    0.00002868
  ],
  "SPX": [
    0.293613,
    0.294608
  ],
  "FRAX": [
    0.991747,
    0.992119
  ],
  "APEPE": [
    0.00000128,
    0.00000128
  ],
  "GRT": [
    0.02507247,
    0.02491743
  ],
  "JASMY": [
    0.00544482,
    0.00542714
  ],
  "SYRUP": [
    0.232245,
    0.2315
  ],
  "FO": [
    0.264009,
    0.265096
  ],
  "CRVUSD": [
    1.001,
    0.996906
  ],
  "VVV": [
    5.81,
    5.74
  ],
  "2Z": [
    0.074305,
    0.073873
  ],
  "LIT": [
    1.029,
    1.017
  ],
  "IOTA": [
    0.058429,
    0.057723
  ],
  "OP": [
    0.117181,
    0.116871
  ],
  "OHM": [
    15.82,
    15.79
  ],
  "IP": [
    0.707307,
    0.700924
  ],
  "LDO": [
    0.28814,
    0.287307
  ],
  "PYTH": [
    0.04187546,
    0.04185599
  ],
  "BTSE": [
    1.48,
    1.47
  ],
  "ZBCN": [
    0.00238855,
    0.00235377
  ],
  "MON": [
    0.02124567,
    0.02127761
  ],
  "ENS": [
    6.01,
    6
  ],
  "TEL": [
    0.00237424,
    0.00237133
  ],
  "HNT": [
    1.17,
    1.18
  ],
  "USDA": [
    0.984014,
    0.984014
  ],
  "B": [
    0.215585,
    0.216905
  ],
  "AUSD": [
    0.999856,
    0.999879
  ],
  "XPL": [
    0.093655,
    0.093491
  ],
  "BCAP": [
    22.99,
    22.99
  ],
  "STRK": [
    0.03724912,
    0.0370354
  ],
  "SAND": [
    0.078747,
    0.078506
  ],
  "GRASS": [
    0.382314,
    0.383817
  ],
  "LUNC": [
    0.00003827,
    0.00003792
  ],
  "TWT": [
    0.499275,
    0.493345
  ],
  "NUSD": [
    0.998744,
    0.999373
  ],
  "AB": [
    0.00204976,
    0.00203355
  ],
  "PENDLE": [
    1.2,
    1.21
  ],
  "9BIT": [
    0.02416532,
    0.02418353
  ],
  "BORG": [
    0.197539,
    0.199543
  ],
  "REUSD": [
    1.067,
    1.067
  ],
  "USTBL": [
    1.078,
    1.078
  ],
  "XCN": [
    0.00510538,
    0.00508719
  ],
  "AXS": [
    1.12,
    1.12
  ],
  "UDS": [
    1.52,
    1.52
  ],
  "PC0000031": [
    1,
    1
  ],
  "VSN": [
    0.052685,
    0.052456
  ],
  "FARTCOIN": [
    0.186661,
    0.186317
  ],
  "NEO": [
    2.63,
    2.62
  ],
  "REAL": [
    0.058176,
    0.058089
  ],
  "COMP": [
    18.83,
    18.91
  ],
  "H": [
    0.094898,
    0.097426
  ],
  "FDIT": [
    1,
    1
  ],
  "WFI": [
    2.14,
    2.15
  ],
  "WAL": [
    0.078349,
    0.078065
  ],
  "WIF": [
    0.172226,
    0.173637
  ],
  "FLUID": [
    2.19,
    2.16
  ],
  "ZK": [
    0.01801126,
    0.01806823
  ],
  "FF": [
    0.070598,
    0.070858
  ],
  "MX": [
    1.79,
    1.79
  ],
  "MANA": [
    0.084914,
    0.084687
  ],
  "KOGE": [
    47.99,
    47.99
  ],
  "CVX": [
    1.79,
    1.77
  ],
  "S": [
    0.04278892,
    0.04277711
  ],
  "THETA": [
    0.163617,
    0.161845
  ],
  "FT": [
    0.098467,
    0.098664
  ],
  "RAY": [
    0.593117
  ]
}