{
  "RIVER": [
    25.04
  ],
  "A7A5": [
    0.01225878,
    0.0122073
  ],
  "FTN": [
    1.088,
    1.088
  ],
  "CAKE": [
    1.42,
    1.4
  ],
  "VIRTUAL": [
    0.710873,
    0.696444
  ],
  "STX": [
    0.241395,
    0.238446
  ],
  "PENGU": [
    0.0069836,
    0.00688707
  ],
  "DASH": [
    34.35,
    33.82
  ],
  "EURC": [
    1.16,
    1.16
  ],
  "XTZ": [
    0.397953,
    0.394681
  ],
  "KITE": [
    0.238495,
    0.235412
  ],
  "JAAA": [
    1.027,
    1.027
  ],
  "ETHFI": [
    0.531916,
    0.530829
  ],
  "SEI": [
    0.060851,
    0.060016
  ],
  "FDUSD": [
    0.998621,
    0.999476
  ],
  "DCR": [
    22.48,
    22.08
  ],
  "CHZ": [
    0.03614437,
    0.03554522
  ],
  "USX": [
    0.999595,
    0.999592
  ],
  "PRIME": [
    1.028,
    1.036
  ],
  "SUN": [
    0.01909633,
    0.01855057
  ],
  "ADI": [
    3.48,
    3.52
  ],
  "GNO": [
    128.87,
    127.93
  ],
  "KAU": [
    142.77,
    141.32
  ],
  "DEXE": [
    7.16,
    7.13
  ],
  "CRV": [
    0.225422,
    0.221709
  ],
  "NFT": [
    3.33819e-7,
    3.32377e-7
  ],
  "BTT": [
    3.32669e-7,
    3.31096e-7
  ],
  "CFX": [
    0.060797,
    0.060729
  ],
  "USDAI": [
    0.99951,
    0.999877
  ],
  "INJ": [
    3.06,
    3.04
  ],
  "AERO": [
    0.338096,
    0.325704
  ],
  "KAIA": [
    0.050663,
    0.050289
  ],
  "TIA": [
    0.327585,
    0.32399
  ],
  "FLOKI": [
    0.00002953,
    0.00002929
  ],
  "BSV": [
    14.35,
    14.11
  ],
  "FRAX": [
    0.991765,
    0.990886
  ],
  "JASMY": [
    0.00560674,
    0.00551488
  ],
  "SPX": [
    0.29627,
    0.289316
  ],
  "GRT": [
    0.02512962,
    0.02490146
  ],
  "SYRUP": [
    0.234135,
    0.231073
  ],
  "APEPE": [
    0.00000128,
    0.00000127
  ],
  "FO": [
    0.262997,
    0.263491
  ],
  "2Z": [
    0.076391,
    0.075237
  ],
  "CRVUSD": [
    1.001,
    0.99937
  ],
  "IOTA": [
    0.058758,
    0.058625
  ],
  "VVV": [
    5.7,
    5.63
  ],
  "LDO": [
    0.292527,
    0.289689
  ],
  "OHM": [
    15.8,
    15.69
  ],
  "MON": [
    0.02239241,
    0.02226673
  ],
  "LIT": [
    0.951344,
    0.95325
  ],
  "OP": [
    0.114593,
    0.112186
  ],
  "BTSE": [
    1.44,
    1.45
  ],
  "ENS": [
    6.12,
    6.04
  ],
  "ZBCN": [
    0.00246358,
    0.00235859
  ],
  "HNT": [
    1.27,
    1.25
  ],
  "PYTH": [
    0.03996404,
    0.03938159
  ],
  "IP": [
    0.644482,
    0.638715
  ],
  "UDS": [
    1.79,
    1.79
  ],
  "USDA": [
    0.984699,
    0.98468
  ],
  "AUSD": [
    0.9996,
    0.999885
  ],
  "B": [
    0.216841,
    0.215816
  ],
  "TEL": [
    0.00228055,
    0.00226276
  ],
  "SAND": [
    0.080604,
    0.079618
  ],
  "XPL": [
    0.096801,
    0.094552
  ],
  "LUNC": [
    0.00003917,
    0.00003868
  ],
  "BCAP": [
    22.89,
    22.89
  ],
  "STRK": [
    0.03673255,
    0.03650786
  ],
  "TWT": [
    0.500973,
    0.491663
  ],
  "PENDLE": [
    1.24,
    1.22
  ],
  "AB": [
    0.0020279,
    0.00202306
  ],
  "9BIT": [
    0.02413903,
    0.02410451
  ],
  "NEO": [
    2.79,
    2.79
  ],
  "USTBL": [
    1.078,
    1.078
  ],
  "XCN": [
    0.005229,
    0.00514954
  ],
  "REAL": [
    0.061678,
    0.059997
  ],
  "PC0000031": [
    1,
    1
  ],
  "AXS": [
    1.13,
    1.11
  ],
  "NUSD": [
    1.001,
    1
  ],
  "WIF": [
    0.188474,
    0.187876
  ],
  "BORG": [
    0.196437,
    0.190933
  ],
  "VSN": [
    0.05225,
    0.051654
  ],
  "COMP": [
    19.03,
    18.99
  ],
  "WFI": [
    2.26,
    2.24
  ],
  "REUSD": [
    1.067,
    1.067
  ],
  "GRASS": [
    0.336523,
    0.334488
  ],
  "WAL": [
    0.080131,
    0.078993
  ],
  "FARTCOIN": [
    0.181151,
    0.175454
  ],
  "ZK": [
    0.01817769,
    0.01811745
  ],
  "H": [
    0.094531,
    0.093907
  ],
  "MANA": [
    0.087867,
    0.08757
  ],
  "FF": [
    0.071456,
    0.072427
  ],
  "FDIT": [
    1,
    1
  ],
  "MX": [
    1.79,
    1.79
  ],
  "S": [
    0.04383195,
    0.04340518
  ],
  "CVX": [
    1.82,
    1.79
  ],
  "KOGE": [
    47.98,
    47.98
  ],
  "THETA": [
    0.161936,
    0.160904
  ],
  "RAY": [
    0.610253,
    0.598288
  ],
  "SATUSD": [
    0.995353,
    0.995323
  ],
  "FT": [
    0.096731,
    0.097249
  ]
}