{
  "TUSD": [
    0.999231,
    0.998968
  ],
  "FTN": [
    1.088,
    1.089
  ],
  "ETHFI": [
    0.597164,
    0.59701
  ],
  "A7A5": [
    0.01200065,
    0.01200022
  ],
  "VIRTUAL": [
    0.694502,
    0.695812
  ],
  "CAKE": [
    1.37,
    1.37
  ],
  "STX": [
    0.245787,
    0.245917
  ],
  "PENGU": [
    0.00706235,
    0.00706115
  ],
  "DCR": [
    25.48,
    25.47
  ],
  "EURC": [
    1.16,
    1.16
  ],
  "XTZ": [
    0.39561,
    0.395885
  ],
  "SEI": [
    0.062965,
    0.063022
  ],
  "JAAA": [
    1.027,
    1.027
  ],
  "DASH": [
    32.83,
    32.81
  ],
  "KITE": [
    0.217793,
    0.218577
  ],
  "FDUSD": [
    0.999346,
    0.99953
  ],
  "KAU": [
    156.81,
    156.81
  ],
  "CHZ": [
    0.03604029,
    0.03603748
  ],
  "USX": [
    0.999824,
    0.999839
  ],
  "PRIME": [
    1.028,
    1.028
  ],
  "CRV": [
    0.234184,
    0.234403
  ],
  "SUN": [
    0.01787734,
    0.01787464
  ],
  "GNO": [
    129.92,
    129.9
  ],
  "USDAI": [
    0.999789,
    0.999897
  ],
  "BTT": [
    3.36724e-7,
    3.37231e-7
  ],
  "CFX": [
    0.063925,
    0.063927
  ],
  "NFT": [
    3.33477e-7,
    3.33461e-7
  ],
  "ADI": [
    3.24,
    3.24
  ],
  "INJ": [
    3.11,
    3.11
  ],
  "DEXE": [
    6.48,
    6.46
  ],
  "KAIA": [
    0.051198,
    0.051291
  ],
  "TIA": [
    0.331777,
    0.332134
  ],
  "AERO": [
    0.320698,
    0.320246
  ],
  "BSV": [
    14.53,
    14.52
  ],
  "FLOKI": [
    0.00002971,
    0.00002974
  ],
  "SPX": [
    0.303447,
    0.303658
  ],
  "JASMY": [
    0.00567962,
    0.00566825
  ],
  "GRT": [
    0.02593526,
    0.02594433
  ],
  "VVV": [
    6.22,
    6.22
  ],
  "SYRUP": [
    0.237939,
    0.237946
  ],
  "FRAX": [
    0.991963,
    0.990923
  ],
  "LIT": [
    1.081,
    1.082
  ],
  "APEPE": [
    0.00000129,
    0.00000129
  ],
  "IOTA": [
    0.061412,
    0.061446
  ],
  "FO": [
    0.263233,
    0.264259
  ],
  "IP": [
    0.747642,
    0.747979
  ],
  "2Z": [
    0.075157,
    0.075274
  ],
  "OP": [
    0.122142,
    0.122113
  ],
  "CRVUSD": [
    0.998925,
    1
  ],
  "ZBCN": [
    0.00255436,
    0.002581
  ],
  "LDO": [
    0.297239,
    0.297421
  ],
  "OHM": [
    15.88,
    15.81
  ],
  "PYTH": [
    0.0431804,
    0.04315927
  ],
  "ENS": [
    6.19,
    6.19
  ],
  "BTSE": [
    1.47,
    1.47
  ],
  "MON": [
    0.02183318,
    0.0218586
  ],
  "TEL": [
    0.00245141,
    0.0024485
  ],
  "HNT": [
    1.23,
    1.23
  ],
  "STRK": [
    0.03897566,
    0.03900811
  ],
  "B": [
    0.218945,
    0.219661
  ],
  "LUNC": [
    0.00003974,
    0.00003982
  ],
  "USDA": [
    0.984014,
    0.984014
  ],
  "XPL": [
    0.096458,
    0.096528
  ],
  "AUSD": [
    0.999894,
    0.999887
  ],
  "SAND": [
    0.080963,
    0.0811
  ],
  "TWT": [
    0.511766,
    0.510507
  ],
  "BCAP": [
    22.99,
    22.99
  ],
  "PENDLE": [
    1.25,
    1.25
  ],
  "GRASS": [
    0.379355,
    0.380268
  ],
  "AB": [
    0.00205079,
    0.00205334
  ],
  "AXS": [
    1.19,
    1.19
  ],
  "NUSD": [
    0.999817,
    0.999741
  ],
  "BORG": [
    0.202024,
    0.20163
  ],
  "9BIT": [
    0.02418417,
    0.02419499
  ],
  "FARTCOIN": [
    0.196725,
    0.196859
  ],
  "XCN": [
    0.00524183,
    0.0052436
  ],
  "REUSD": [
    1.068,
    1.068
  ],
  "USTBL": [
    1.078,
    1.078
  ],
  "UDS": [
    1.55,
    1.55
  ],
  "VSN": [
    0.052832,
    0.052661
  ],
  "PC0000031": [
    1,
    1
  ],
  "REAL": [
    0.059716,
    0.059788
  ],
  "NEO": [
    2.68,
    2.68
  ],
  "COMP": [
    19.28,
    19.27
  ],
  "FLUID": [
    2.34,
    2.33
  ],
  "WIF": [
    0.179412,
    0.17993
  ],
  "WAL": [
    0.080022,
    0.080019
  ],
  "IUSD": [
    0.999425,
    0.999344
  ],
  "WFI": [
    2.16,
    2.16
  ],
  "FDIT": [
    1,
    1
  ],
  "ZK": [
    0.01870929,
    0.01872214
  ],
  "H": [
    0.09437,
    0.094385
  ],
  "S": [
    0.04479579,
    0.04480389
  ],
  "MANA": [
    0.087566,
    0.087628
  ],
  "THETA": [
    0.169294,
    0.169335
  ],
  "CVX": [
    1.85,
    1.84
  ],
  "RAY": [
    0.617445,
    0.617835
  ],
  "FF": [
    0.070763,
    0.070749
  ],
  "MX": [
    1.79,
    1.79
  ],
  "KOGE": [
    47.99,
    47.99
  ]
}