{
  "A7A5": [
    0.01225591,
    0.01233022
  ],
  "CAKE": [
    1.44,
    1.44
  ],
  "VIRTUAL": [
    0.729961,
    0.719029
  ],
  "FTN": [
    1.088,
    1.088
  ],
  "PENGU": [
    0.00732066,
    0.00730425
  ],
  "KITE": [
    0.24987,
    0.247046
  ],
  "STX": [
    0.242508,
    0.240876
  ],
  "ETHFI": [
    0.561928,
    0.557456
  ],
  "RIVER": [
    21.82,
    21.88
  ],
  "DASH": [
    33.92,
    33.81
  ],
  "XTZ": [
    0.387931,
    0.389095
  ],
  "EURC": [
    1.16,
    1.16
  ],
  "DCR": [
    23.49,
    23.63
  ],
  "SEI": [
    0.060808,
    0.060736
  ],
  "JAAA": [
    1.028,
    1.028
  ],
  "ADI": [
    4,
    4.02
  ],
  "FDUSD": [
    0.999419,
    0.999632
  ],
  "CHZ": [
    0.03589398,
    0.03579543
  ],
  "USX": [
    0.999419,
    0.999626
  ],
  "PRIME": [
    1.028,
    1.027
  ],
  "SUN": [
    0.01822239,
    0.0182072
  ],
  "CRV": [
    0.235308,
    0.233131
  ],
  "KAU": [
    144.6,
    145.17
  ],
  "GNO": [
    129.73,
    129.33
  ],
  "DEXE": [
    7,
    7.29
  ],
  "NFT": [
    3.3171e-7,
    3.31633e-7
  ],
  "BTT": [
    3.32305e-7,
    3.32506e-7
  ],
  "CFX": [
    0.062272,
    0.06139
  ],
  "AERO": [
    0.338251,
    0.338196
  ],
  "USDAI": [
    0.999721,
    0.999773
  ],
  "VVV": [
    6.77,
    6.86
  ],
  "INJ": [
    3.08,
    3.07
  ],
  "TIA": [
    0.331745,
    0.329501
  ],
  "KAIA": [
    0.050625,
    0.050407
  ],
  "FLOKI": [
    0.00003036,
    0.00003029
  ],
  "BSV": [
    14.31,
    14.31
  ],
  "SPX": [
    0.299998,
    0.29946
  ],
  "JASMY": [
    0.00560013,
    0.00555301
  ],
  "FRAX": [
    0.991165,
    0.991415
  ],
  "SYRUP": [
    0.236382,
    0.235755
  ],
  "GRT": [
    0.02541031,
    0.02526006
  ],
  "APEPE": [
    0.00000128,
    0.00000128
  ],
  "MON": [
    0.02464278,
    0.02469304
  ],
  "2Z": [
    0.076336,
    0.076067
  ],
  "FO": [
    0.263775,
    0.263848
  ],
  "CRVUSD": [
    0.999265,
    0.999126
  ],
  "IOTA": [
    0.059217,
    0.059011
  ],
  "LDO": [
    0.298852,
    0.297858
  ],
  "LIT": [
    0.9908,
    0.984152
  ],
  "OHM": [
    15.81,
    15.67
  ],
  "OP": [
    0.113713,
    0.112704
  ],
  "BTSE": [
    1.46,
    1.46
  ],
  "XPL": [
    0.099852,
    0.099424
  ],
  "ZBCN": [
    0.00238103,
    0.00239164
  ],
  "ENS": [
    6.11,
    6.08
  ],
  "PYTH": [
    0.04035291,
    0.04025519
  ],
  "USTBL": [
    1.078,
    1.078
  ],
  "HNT": [
    1.25,
    1.24
  ],
  "IP": [
    0.646755,
    0.645899
  ],
  "9BIT": [
    0.02700293,
    0.0271
  ],
  "UDS": [
    1.78,
    1.78
  ],
  "USDA": [
    0.984662,
    0.984662
  ],
  "SAND": [
    0.081583,
    0.081145
  ],
  "AUSD": [
    0.999814,
    0.999933
  ],
  "TEL": [
    0.00228217,
    0.00226369
  ],
  "PENDLE": [
    1.29,
    1.29
  ],
  "TWT": [
    0.507201,
    0.507169
  ],
  "LUNC": [
    0.00003861,
    0.00003835
  ],
  "BCAP": [
    22.89,
    22.89
  ],
  "STRK": [
    0.0370587,
    0.03690446
  ],
  "B": [
    0.216194,
    0.208551
  ],
  "AB": [
    0.00202707,
    0.00202269
  ],
  "XCN": [
    0.00522739,
    0.00522971
  ],
  "REAL": [
    0.061572,
    0.061721
  ],
  "NEO": [
    2.75,
    2.74
  ],
  "VSN": [
    0.052915,
    0.053294
  ],
  "WIF": [
    0.193627,
    0.191645
  ],
  "FARTCOIN": [
    0.190307,
    0.190655
  ],
  "AXS": [
    1.12,
    1.12
  ],
  "PC0000031": [
    1,
    1
  ],
  "COMP": [
    19.58,
    19.54
  ],
  "BORG": [
    0.190957,
    0.191274
  ],
  "WFI": [
    2.27,
    2.28
  ],
  "NUSD": [
    0.999127,
    0.99991
  ],
  "GRASS": [
    0.345415,
    0.339206
  ],
  "ZK": [
    0.01925231,
    0.01901598
  ],
  "REUSD": [
    1.068,
    1.069
  ],
  "WAL": [
    0.081185,
    0.080792
  ],
  "MANA": [
    0.088515,
    0.088336
  ],
  "H": [
    0.09268,
    0.092799
  ],
  "FF": [
    0.071307,
    0.07108
  ],
  "BAT": [
    0.109898,
    0.110195
  ],
  "MX": [
    1.8,
    1.79
  ],
  "S": [
    0.04421552,
    0.04353147
  ],
  "THETA": [
    0.165237,
    0.16456
  ],
  "RAY": [
    0.611727,
    0.609054
  ],
  "KOGE": [
    47.98,
    47.99
  ],
  "FDIT": [
    1,
    1
  ],
  "CVX": [
    1.77,
    1.76
  ],
  "SATUSD": [
    0.995314,
    0.997787
  ]
}