{
  "FTN": [
    1.088,
    1.088
  ],
  "A7A5": [
    0.01181886,
    0.01195882
  ],
  "FET": [
    0.208485,
    0.20494
  ],
  "CAKE": [
    1.39,
    1.37
  ],
  "VIRTUAL": [
    0.652701,
    0.651514
  ],
  "ETHFI": [
    0.543525,
    0.541669
  ],
  "STX": [
    0.23278,
    0.231365
  ],
  "EURC": [
    1.16,
    1.15
  ],
  "JAAA": [
    1.027,
    1.027
  ],
  "PENGU": [
    0.00670829,
    0.00666209
  ],
  "XTZ": [
    0.377166,
    0.37609
  ],
  "DASH": [
    31.62,
    32.21
  ],
  "DCR": [
    23.24,
    23.12
  ],
  "SEI": [
    0.059694,
    0.059272
  ],
  "KITE": [
    0.217157,
    0.215472
  ],
  "FDUSD": [
    0.999547,
    1
  ],
  "USX": [
    0.999789,
    0.999783
  ],
  "CHZ": [
    0.0347468,
    0.03461342
  ],
  "PRIME": [
    1.028,
    1.028
  ],
  "SUN": [
    0.01882774,
    0.01834786
  ],
  "KAU": [
    136.94,
    147.07
  ],
  "DEXE": [
    7.21,
    7.11
  ],
  "USDAI": [
    1,
    0.999863
  ],
  "NFT": [
    3.32822e-7,
    3.32426e-7
  ],
  "BTT": [
    3.32292e-7,
    3.32283e-7
  ],
  "GNO": [
    125.05,
    124.14
  ],
  "CRV": [
    0.217575,
    0.216689
  ],
  "ADI": [
    3.29,
    3.29
  ],
  "CFX": [
    0.060572,
    0.060003
  ],
  "INJ": [
    2.96,
    2.94
  ],
  "KAIA": [
    0.05023,
    0.04992507
  ],
  "AERO": [
    0.305703,
    0.3042
  ],
  "BSV": [
    14.12,
    14.01
  ],
  "TIA": [
    0.312195,
    0.3112
  ],
  "FRAX": [
    0.991681,
    0.991776
  ],
  "FLOKI": [
    0.00002833,
    0.00002806
  ],
  "SPX": [
    0.289316,
    0.286572
  ],
  "VVV": [
    5.88,
    5.92
  ],
  "SYRUP": [
    0.230532,
    0.229814
  ],
  "JASMY": [
    0.00535049,
    0.00534196
  ],
  "FO": [
    0.264337,
    0.264373
  ],
  "APEPE": [
    0.00000126,
    0.00000126
  ],
  "GRT": [
    0.02456341,
    0.02443256
  ],
  "CRVUSD": [
    0.999999,
    1.004
  ],
  "2Z": [
    0.07223,
    0.071876
  ],
  "IOTA": [
    0.057151,
    0.057044
  ],
  "OHM": [
    15.71,
    15.8
  ],
  "OP": [
    0.114269,
    0.113936
  ],
  "LDO": [
    0.283061,
    0.28178
  ],
  "LIT": [
    0.971323,
    0.952496
  ],
  "IP": [
    0.665289,
    0.664899
  ],
  "BTSE": [
    1.44,
    1.44
  ],
  "MON": [
    0.02102506,
    0.02090074
  ],
  "ENS": [
    5.87,
    5.84
  ],
  "ZBCN": [
    0.00229554,
    0.00228235
  ],
  "PYTH": [
    0.03886533,
    0.03838099
  ],
  "USDA": [
    0.984014,
    0.984014
  ],
  "TEL": [
    0.00228712,
    0.00227982
  ],
  "AUSD": [
    0.999929,
    1
  ],
  "B": [
    0.216909,
    0.216257
  ],
  "HNT": [
    1.15,
    1.15
  ],
  "BCAP": [
    22.99,
    22.99
  ],
  "SAND": [
    0.077189,
    0.076522
  ],
  "XPL": [
    0.090891,
    0.090751
  ],
  "TWT": [
    0.490668,
    0.487257
  ],
  "LUNC": [
    0.00003758,
    0.00003705
  ],
  "STRK": [
    0.03545458,
    0.03558904
  ],
  "AB": [
    0.00202436,
    0.00203194
  ],
  "NUSD": [
    0.999408,
    1
  ],
  "9BIT": [
    0.02420939,
    0.0241991
  ],
  "USTBL": [
    1.078,
    1.078
  ],
  "PENDLE": [
    1.17,
    1.17
  ],
  "BORG": [
    0.197324,
    0.19389
  ],
  "PC0000031": [
    1,
    1
  ],
  "UDS": [
    1.5,
    1.5
  ],
  "VSN": [
    0.052009,
    0.051837
  ],
  "REUSD": [
    1.067,
    1.066
  ],
  "AXS": [
    1.099,
    1.092
  ],
  "XCN": [
    0.00500502,
    0.00493283
  ],
  "FARTCOIN": [
    0.185367,
    0.184114
  ],
  "GRASS": [
    0.343456,
    0.336874
  ],
  "NEO": [
    2.58,
    2.58
  ],
  "REAL": [
    0.057884,
    0.057509
  ],
  "COMP": [
    18.5,
    18.42
  ],
  "FDIT": [
    1,
    1
  ],
  "WFI": [
    2.11,
    2.11
  ],
  "WAL": [
    0.07714,
    0.076609
  ],
  "WIF": [
    0.170909,
    0.169102
  ],
  "FF": [
    0.071595,
    0.071847
  ],
  "H": [
    0.093494,
    0.091795
  ],
  "MX": [
    1.79,
    1.79
  ],
  "KOGE": [
    48,
    47.99
  ],
  "ZK": [
    0.01758127,
    0.01747047
  ],
  "MANA": [
    0.083331,
    0.08288
  ],
  "FT": [
    0.098063,
    0.097807
  ],
  "THETA": [
    0.159504,
    0.158663
  ],
  "SATUSD": [
    0.995516,
    0.994927
  ],
  "S": [
    0.04191138,
    0.04175253
  ],
  "CVX": [
    1.73,
    1.72
  ],
  "RAY": [
    0.579612,
    0.577624
  ]
}