{
  "A7A5": [
    0.01226011,
    0.01226051
  ],
  "FTN": [
    1.087,
    1.087
  ],
  "CAKE": [
    1.41,
    1.41
  ],
  "VIRTUAL": [
    0.686787,
    0.690268
  ],
  "PENGU": [
    0.0068343,
    0.00688576
  ],
  "STX": [
    0.233606,
    0.234759
  ],
  "EURC": [
    1.15,
    1.15
  ],
  "ETHFI": [
    0.522158,
    0.523471
  ],
  "DASH": [
    32.38,
    32.63
  ],
  "XTZ": [
    0.370756,
    0.372752
  ],
  "SEI": [
    0.058731,
    0.058935
  ],
  "JAAA": [
    1.028,
    1.028
  ],
  "FDUSD": [
    0.998797,
    0.998857
  ],
  "DCR": [
    22.05,
    22.36
  ],
  "KITE": [
    0.209474,
    0.21134
  ],
  "CHZ": [
    0.03511402,
    0.03524968
  ],
  "PRIME": [
    1.025,
    1.027
  ],
  "USX": [
    0.999484,
    0.999418
  ],
  "DEXE": [
    7.37,
    7.31
  ],
  "KAU": [
    142.38,
    142.43
  ],
  "SUN": [
    0.01712303,
    0.01731418
  ],
  "NFT": [
    3.32716e-7,
    3.32635e-7
  ],
  "CRV": [
    0.218859,
    0.220212
  ],
  "ADI": [
    4.09,
    4.09
  ],
  "GNO": [
    123.57,
    123.78
  ],
  "BTT": [
    3.2625e-7,
    3.25989e-7
  ],
  "USDAI": [
    0.999728,
    0.999667
  ],
  "CFX": [
    0.05904,
    0.05966
  ],
  "RIVER": [
    16.49,
    15.68
  ],
  "AERO": [
    0.328516,
    0.330643
  ],
  "INJ": [
    2.94,
    2.96
  ],
  "VVV": [
    6.37,
    6.41
  ],
  "KAIA": [
    0.04911913,
    0.04886305
  ],
  "TIA": [
    0.314894,
    0.31689
  ],
  "FLOKI": [
    0.00002884,
    0.00002905
  ],
  "BSV": [
    13.84,
    13.91
  ],
  "FRAX": [
    0.991325,
    0.99123
  ],
  "SPX": [
    0.285109,
    0.287432
  ],
  "JASMY": [
    0.0053346,
    0.00534573
  ],
  "APEPE": [
    0.00000126,
    0.00000126
  ],
  "MON": [
    0.02396138,
    0.02432781
  ],
  "FO": [
    0.263088,
    0.262881
  ],
  "GRT": [
    0.02433138,
    0.02434232
  ],
  "CRVUSD": [
    0.997439,
    0.998816
  ],
  "SYRUP": [
    0.220514,
    0.221429
  ],
  "KAG": [
    68.37,
    67.77
  ],
  "2Z": [
    0.073232,
    0.073404
  ],
  "IOTA": [
    0.057159,
    0.057238
  ],
  "LDO": [
    0.286155,
    0.287758
  ],
  "OHM": [
    15.55,
    15.6
  ],
  "BTSE": [
    1.44,
    1.44
  ],
  "OP": [
    0.108204,
    0.109463
  ],
  "USTBL": [
    1.078,
    1.078
  ],
  "LIT": [
    0.907916,
    0.906641
  ],
  "ENS": [
    5.85,
    5.89
  ],
  "ZBCN": [
    0.00229789,
    0.00230449
  ],
  "PYTH": [
    0.03876695,
    0.03916332
  ],
  "XPL": [
    0.092968,
    0.094646
  ],
  "9BIT": [
    0.0273758,
    0.02739018
  ],
  "HNT": [
    1.19,
    1.2
  ],
  "UDS": [
    1.76,
    1.76
  ],
  "USDA": [
    0.984662,
    0.984662
  ],
  "AUSD": [
    0.999735,
    0.999597
  ],
  "IP": [
    0.607055,
    0.612429
  ],
  "B": [
    0.213197,
    0.212968
  ],
  "TEL": [
    0.00220008,
    0.00220339
  ],
  "LUNC": [
    0.00003814,
    0.00003829
  ],
  "BCAP": [
    22.89,
    22.89
  ],
  "SAND": [
    0.077097,
    0.077393
  ],
  "TWT": [
    0.483828,
    0.487976
  ],
  "STRK": [
    0.0353618,
    0.03550252
  ],
  "XCN": [
    0.00537426,
    0.005347
  ],
  "PENDLE": [
    1.2,
    1.21
  ],
  "AB": [
    0.00200205,
    0.00200191
  ],
  "PC0000031": [
    1,
    1
  ],
  "WIF": [
    0.186704,
    0.18867
  ],
  "REAL": [
    0.059379,
    0.059401
  ],
  "VSN": [
    0.051431,
    0.051421
  ],
  "NEO": [
    2.65,
    2.66
  ],
  "NUSD": [
    0.997878,
    0.998735
  ],
  "REUSD": [
    1.068,
    1.068
  ],
  "BORG": [
    0.186503,
    0.187681
  ],
  "COMP": [
    18.82,
    18.95
  ],
  "AXS": [
    1.06,
    1.069
  ],
  "FARTCOIN": [
    0.178617,
    0.179474
  ],
  "WFI": [
    2.17,
    2.17
  ],
  "ZK": [
    0.01830792,
    0.01838798
  ],
  "WAL": [
    0.077303,
    0.077738
  ],
  "GRASS": [
    0.320141,
    0.31691
  ],
  "FF": [
    0.070612,
    0.070807
  ],
  "MANA": [
    0.084563,
    0.085173
  ],
  "MX": [
    1.79,
    1.79
  ],
  "KOGE": [
    47.97,
    47.98
  ],
  "S": [
    0.04231463,
    0.04238932
  ],
  "THETA": [
    0.158147,
    0.159215
  ],
  "SATUSD": [
    0.995207,
    0.996686
  ],
  "FDIT": [
    1,
    1
  ],
  "RAY": [
    0.583152,
    0.586937
  ],
  "FT": [
    0.09809,
    0.09811
  ],
  "CVX": [
    1.68,
    1.69
  ]
}