{
  "TUSD": [
    0.999296
  ],
  "A7A5": [
    0.01216068,
    0.01210706
  ],
  "FTN": [
    1.089,
    1.089
  ],
  "ETHFI": [
    0.588456,
    0.57603
  ],
  "CAKE": [
    1.37,
    1.37
  ],
  "VIRTUAL": [
    0.67342,
    0.67393
  ],
  "STX": [
    0.240516,
    0.239642
  ],
  "PENGU": [
    0.00688905,
    0.00684078
  ],
  "EURC": [
    1.16,
    1.16
  ],
  "DCR": [
    24.34,
    24.39
  ],
  "JAAA": [
    1.027,
    1.027
  ],
  "XTZ": [
    0.390566,
    0.389856
  ],
  "SEI": [
    0.061825,
    0.06136
  ],
  "DASH": [
    31.51,
    31.28
  ],
  "KITE": [
    0.214339,
    0.217957
  ],
  "FDUSD": [
    0.999297,
    0.99964
  ],
  "KAU": [
    140.2,
    154.97
  ],
  "CHZ": [
    0.0355131,
    0.0352836
  ],
  "USX": [
    0.999593,
    0.99971
  ],
  "PRIME": [
    1.028,
    1.029
  ],
  "SUN": [
    0.01776706,
    0.01794479
  ],
  "CRV": [
    0.22705,
    0.226193
  ],
  "GNO": [
    127.67,
    126.97
  ],
  "USDAI": [
    0.999504,
    0.999491
  ],
  "NFT": [
    3.33176e-7,
    3.33305e-7
  ],
  "BTT": [
    3.32948e-7,
    3.32611e-7
  ],
  "CFX": [
    0.062516,
    0.062599
  ],
  "ADI": [
    3.24,
    3.23
  ],
  "DEXE": [
    6.41,
    6.53
  ],
  "INJ": [
    3.03,
    3.01
  ],
  "KAIA": [
    0.051181,
    0.050931
  ],
  "AERO": [
    0.310509,
    0.310926
  ],
  "TIA": [
    0.322567,
    0.320652
  ],
  "BSV": [
    14.21,
    14.26
  ],
  "FLOKI": [
    0.00002903,
    0.00002892
  ],
  "SPX": [
    0.296931,
    0.295289
  ],
  "FRAX": [
    0.992427,
    0.992269
  ],
  "GRT": [
    0.02532926,
    0.02521828
  ],
  "SYRUP": [
    0.234451,
    0.234193
  ],
  "JASMY": [
    0.00545766,
    0.00547106
  ],
  "APEPE": [
    0.00000129,
    0.00000129
  ],
  "VVV": [
    5.96,
    6.01
  ],
  "FO": [
    0.264226,
    0.263989
  ],
  "CRVUSD": [
    0.999842,
    1
  ],
  "2Z": [
    0.074439,
    0.074647
  ],
  "LIT": [
    1.029,
    1.027
  ],
  "IOTA": [
    0.058819,
    0.058732
  ],
  "OP": [
    0.119393,
    0.118463
  ],
  "IP": [
    0.725406,
    0.7147
  ],
  "OHM": [
    16.07,
    15.92
  ],
  "LDO": [
    0.290633,
    0.289256
  ],
  "PYTH": [
    0.04231826,
    0.04203914
  ],
  "BTSE": [
    1.48,
    1.47
  ],
  "ZBCN": [
    0.00239881,
    0.00240126
  ],
  "ENS": [
    6.08,
    6.04
  ],
  "MON": [
    0.02154183,
    0.02132509
  ],
  "TEL": [
    0.00239262,
    0.00237941
  ],
  "HNT": [
    1.2,
    1.18
  ],
  "USDA": [
    0.984014,
    0.984014
  ],
  "AUSD": [
    0.99991,
    0.999712
  ],
  "B": [
    0.214973,
    0.215632
  ],
  "XPL": [
    0.095294,
    0.094296
  ],
  "STRK": [
    0.0373968,
    0.0373053
  ],
  "SAND": [
    0.079437,
    0.079045
  ],
  "LUNC": [
    0.00003864,
    0.00003856
  ],
  "BCAP": [
    22.99,
    22.99
  ],
  "TWT": [
    0.496168,
    0.501392
  ],
  "GRASS": [
    0.375193,
    0.381002
  ],
  "AB": [
    0.00205002,
    0.0020486
  ],
  "NUSD": [
    0.999009,
    0.999186
  ],
  "PENDLE": [
    1.21,
    1.21
  ],
  "9BIT": [
    0.02416191,
    0.02417413
  ],
  "REUSD": [
    1.067,
    1.067
  ],
  "BORG": [
    0.199525,
    0.198133
  ],
  "USTBL": [
    1.078,
    1.078
  ],
  "XCN": [
    0.00521048,
    0.00517906
  ],
  "AXS": [
    1.14,
    1.14
  ],
  "UDS": [
    1.52,
    1.52
  ],
  "VSN": [
    0.052703,
    0.05269
  ],
  "PC0000031": [
    1,
    1
  ],
  "FARTCOIN": [
    0.190293,
    0.188117
  ],
  "NEO": [
    2.64,
    2.64
  ],
  "REAL": [
    0.058548,
    0.058475
  ],
  "COMP": [
    18.99,
    18.95
  ],
  "WAL": [
    0.079079,
    0.078893
  ],
  "FDIT": [
    1,
    1
  ],
  "WFI": [
    2.15,
    2.15
  ],
  "H": [
    0.097349,
    0.094963
  ],
  "WIF": [
    0.174754,
    0.17327
  ],
  "IUSD": [
    1,
    1
  ],
  "FLUID": [
    2.25,
    2.19
  ],
  "ZK": [
    0.01812335,
    0.01807295
  ],
  "CVX": [
    1.81,
    1.81
  ],
  "FF": [
    0.070629,
    0.070622
  ],
  "MANA": [
    0.085654,
    0.085212
  ],
  "THETA": [
    0.164752,
    0.164546
  ],
  "MX": [
    1.79,
    1.79
  ],
  "S": [
    0.04305158,
    0.04301926
  ],
  "KOGE": [
    47.98,
    47.99
  ],
  "FT": [
    0.098497
  ]
}