{
  "FET": [
    0.211968
  ],
  "FTN": [
    1.089,
    1.089
  ],
  "CAKE": [
    1.42,
    1.42
  ],
  "VIRTUAL": [
    0.69559,
    0.705756
  ],
  "DCR": [
    26.47,
    26.3
  ],
  "A7A5": [
    0.01173331,
    0.01160017
  ],
  "STX": [
    0.24458,
    0.244626
  ],
  "PENGU": [
    0.00707178,
    0.00713069
  ],
  "SEI": [
    0.063338,
    0.063739
  ],
  "EURC": [
    1.16,
    1.16
  ],
  "ETHFI": [
    0.534774,
    0.543228
  ],
  "JAAA": [
    1.027,
    1.027
  ],
  "XTZ": [
    0.38851,
    0.389408
  ],
  "DASH": [
    31.53,
    31.73
  ],
  "FDUSD": [
    0.999134,
    0.999812
  ],
  "CHZ": [
    0.03574216,
    0.03602209
  ],
  "USX": [
    0.999723,
    0.999697
  ],
  "KITE": [
    0.204679,
    0.199482
  ],
  "CRV": [
    0.234909,
    0.23864
  ],
  "KAU": [
    149.35,
    148.67
  ],
  "GNO": [
    131.79,
    131.65
  ],
  "SUN": [
    0.01772304,
    0.01786624
  ],
  "PRIME": [
    1.026,
    1.028
  ],
  "BTT": [
    3.34609e-7,
    3.34897e-7
  ],
  "NFT": [
    3.32056e-7,
    3.3209e-7
  ],
  "CFX": [
    0.061862,
    0.062487
  ],
  "USDAI": [
    0.999567,
    0.999728
  ],
  "ADI": [
    3.26,
    3.29
  ],
  "KAIA": [
    0.051589,
    0.051807
  ],
  "INJ": [
    3.01,
    3.03
  ],
  "TIA": [
    0.336254,
    0.335696
  ],
  "LIT": [
    1.2,
    1.2
  ],
  "AERO": [
    0.320742,
    0.32218
  ],
  "BSV": [
    14.46,
    14.5
  ],
  "FLOKI": [
    0.0000294,
    0.00002978
  ],
  "DEXE": [
    6.02,
    6.1
  ],
  "SPX": [
    0.303766,
    0.305062
  ],
  "JASMY": [
    0.00564126,
    0.00569421
  ],
  "SYRUP": [
    0.241054,
    0.24168
  ],
  "GRT": [
    0.02596551,
    0.02589054
  ],
  "IP": [
    0.775356,
    0.781728
  ],
  "FRAX": [
    0.991798,
    0.992047
  ],
  "2Z": [
    0.078754,
    0.078684
  ],
  "IOTA": [
    0.062235,
    0.062143
  ],
  "APEPE": [
    0.00000128,
    0.00000128
  ],
  "FO": [
    0.263096,
    0.263082
  ],
  "BTSE": [
    1.61,
    1.61
  ],
  "OHM": [
    16.45,
    16.6
  ],
  "CRVUSD": [
    0.999247,
    0.999167
  ],
  "PYTH": [
    0.04450109,
    0.04486899
  ],
  "OP": [
    0.120651,
    0.121026
  ],
  "LDO": [
    0.29697,
    0.297515
  ],
  "VVV": [
    5.42,
    5.55
  ],
  "B": [
    0.242546,
    0.244945
  ],
  "MON": [
    0.02231328,
    0.02227597
  ],
  "ENS": [
    6.25,
    6.27
  ],
  "HNT": [
    1.28,
    1.3
  ],
  "TEL": [
    0.00247811,
    0.00247916
  ],
  "XPL": [
    0.099825,
    0.100551
  ],
  "ZBCN": [
    0.00227321,
    0.00229242
  ],
  "UDS": [
    1.78,
    1.76
  ],
  "LUNC": [
    0.00004015,
    0.00004007
  ],
  "SAND": [
    0.081242,
    0.081526
  ],
  "USDA": [
    0.984014,
    0.984014
  ],
  "AUSD": [
    0.999764,
    0.999949
  ],
  "TWT": [
    0.514438,
    0.515635
  ],
  "GRASS": [
    0.396825,
    0.393917
  ],
  "BCAP": [
    22.99,
    22.99
  ],
  "AB": [
    0.00210278,
    0.00211038
  ],
  "PENDLE": [
    1.24,
    1.25
  ],
  "STRK": [
    0.03646348,
    0.03643171
  ],
  "NUSD": [
    0.99876,
    0.999699
  ],
  "AXS": [
    1.19,
    1.2
  ],
  "BORG": [
    0.208558,
    0.208012
  ],
  "FARTCOIN": [
    0.198061,
    0.202017
  ],
  "USTBL": [
    1.078,
    1.078
  ],
  "9BIT": [
    0.02435761,
    0.02433127
  ],
  "XCN": [
    0.00526503,
    0.00529694
  ],
  "REUSD": [
    1.067,
    1.068
  ],
  "NEO": [
    2.7,
    2.72
  ],
  "PC0000031": [
    1,
    1
  ],
  "VSN": [
    0.052513,
    0.052507
  ],
  "REAL": [
    0.058956,
    0.059164
  ],
  "COMP": [
    18.92,
    19.06
  ],
  "WFI": [
    2.22,
    2.23
  ],
  "FLUID": [
    2.26,
    2.28
  ],
  "FDIT": [
    1,
    1
  ],
  "WAL": [
    0.078786,
    0.079124
  ],
  "ZK": [
    0.01903043,
    0.01900791
  ],
  "IUSD": [
    0.999996,
    1
  ],
  "MANA": [
    0.089562,
    0.089911
  ],
  "THETA": [
    0.173541,
    0.173798
  ],
  "H": [
    0.091921,
    0.094643
  ],
  "WIF": [
    0.172127,
    0.172486
  ],
  "S": [
    0.0440372,
    0.04414775
  ],
  "FF": [
    0.070594,
    0.070659
  ],
  "RAY": [
    0.611988,
    0.614563
  ],
  "MX": [
    1.79,
    1.79
  ],
  "CVX": [
    1.77,
    1.78
  ],
  "KOGE": [
    48,
    48
  ]
}