{
  "TUSD": [
    0.999296,
    0.999069
  ],
  "A7A5": [
    0.01210706,
    0.01210678
  ],
  "FTN": [
    1.089,
    1.088
  ],
  "ETHFI": [
    0.57603,
    0.571708
  ],
  "CAKE": [
    1.37,
    1.37
  ],
  "STX": [
    0.239642,
    0.238747
  ],
  "VIRTUAL": [
    0.67393,
    0.667439
  ],
  "PENGU": [
    0.00684078,
    0.00680864
  ],
  "EURC": [
    1.16,
    1.16
  ],
  "DCR": [
    24.39,
    24.3
  ],
  "JAAA": [
    1.027,
    1.027
  ],
  "XTZ": [
    0.389856,
    0.38761
  ],
  "SEI": [
    0.06136,
    0.061037
  ],
  "DASH": [
    31.28,
    31.17
  ],
  "KITE": [
    0.217957,
    0.218164
  ],
  "FDUSD": [
    0.99964,
    0.999219
  ],
  "KAU": [
    154.97,
    154.97
  ],
  "CHZ": [
    0.0352836,
    0.0350623
  ],
  "USX": [
    0.99971,
    0.99964
  ],
  "PRIME": [
    1.029,
    1.027
  ],
  "SUN": [
    0.01794479,
    0.01783857
  ],
  "CRV": [
    0.226193,
    0.22535
  ],
  "GNO": [
    126.97,
    126.23
  ],
  "USDAI": [
    0.999491,
    0.999363
  ],
  "NFT": [
    3.33305e-7,
    3.33552e-7
  ],
  "BTT": [
    3.32611e-7,
    3.32796e-7
  ],
  "CFX": [
    0.062599,
    0.062143
  ],
  "ADI": [
    3.23,
    3.23
  ],
  "INJ": [
    3.01,
    2.99
  ],
  "DEXE": [
    6.53,
    6.39
  ],
  "KAIA": [
    0.050931,
    0.05079
  ],
  "TIA": [
    0.320652,
    0.319825
  ],
  "AERO": [
    0.310926,
    0.309512
  ],
  "BSV": [
    14.26,
    14.21
  ],
  "FLOKI": [
    0.00002892,
    0.00002877
  ],
  "SPX": [
    0.295289,
    0.293613
  ],
  "FRAX": [
    0.992269,
    0.991747
  ],
  "GRT": [
    0.02521828,
    0.02507247
  ],
  "APEPE": [
    0.00000129,
    0.00000128
  ],
  "JASMY": [
    0.00547106,
    0.00544482
  ],
  "SYRUP": [
    0.234193,
    0.232245
  ],
  "FO": [
    0.263989,
    0.264009
  ],
  "VVV": [
    6.01,
    5.81
  ],
  "CRVUSD": [
    1,
    1.001
  ],
  "2Z": [
    0.074647,
    0.074305
  ],
  "LIT": [
    1.027,
    1.029
  ],
  "IOTA": [
    0.058732,
    0.058429
  ],
  "IP": [
    0.7147,
    0.707307
  ],
  "OP": [
    0.118463,
    0.117181
  ],
  "OHM": [
    15.92,
    15.82
  ],
  "LDO": [
    0.289256,
    0.28814
  ],
  "PYTH": [
    0.04203914,
    0.04187546
  ],
  "BTSE": [
    1.47,
    1.48
  ],
  "ZBCN": [
    0.00240126,
    0.00238855
  ],
  "ENS": [
    6.04,
    6.01
  ],
  "MON": [
    0.02132509,
    0.02124567
  ],
  "TEL": [
    0.00237941,
    0.00237424
  ],
  "USDA": [
    0.984014,
    0.984014
  ],
  "AUSD": [
    0.999712,
    0.999856
  ],
  "HNT": [
    1.18,
    1.17
  ],
  "B": [
    0.215632,
    0.215585
  ],
  "STRK": [
    0.0373053,
    0.03724912
  ],
  "SAND": [
    0.079045,
    0.078747
  ],
  "XPL": [
    0.094296,
    0.093655
  ],
  "BCAP": [
    22.99,
    22.99
  ],
  "LUNC": [
    0.00003856,
    0.00003827
  ],
  "TWT": [
    0.501392,
    0.499275
  ],
  "GRASS": [
    0.381002,
    0.382314
  ],
  "AB": [
    0.0020486,
    0.00204976
  ],
  "NUSD": [
    0.999186,
    0.998744
  ],
  "PENDLE": [
    1.21,
    1.2
  ],
  "9BIT": [
    0.02417413,
    0.02416532
  ],
  "REUSD": [
    1.067,
    1.067
  ],
  "USTBL": [
    1.078,
    1.078
  ],
  "BORG": [
    0.198133,
    0.197539
  ],
  "XCN": [
    0.00517906,
    0.00510538
  ],
  "AXS": [
    1.14,
    1.12
  ],
  "UDS": [
    1.52,
    1.52
  ],
  "VSN": [
    0.05269,
    0.052685
  ],
  "PC0000031": [
    1,
    1
  ],
  "FARTCOIN": [
    0.188117,
    0.186661
  ],
  "NEO": [
    2.64,
    2.63
  ],
  "REAL": [
    0.058475,
    0.058176
  ],
  "COMP": [
    18.95,
    18.83
  ],
  "FDIT": [
    1,
    1
  ],
  "WAL": [
    0.078893,
    0.078349
  ],
  "WFI": [
    2.15,
    2.14
  ],
  "H": [
    0.094963,
    0.094898
  ],
  "WIF": [
    0.17327,
    0.172226
  ],
  "FLUID": [
    2.19,
    2.19
  ],
  "IUSD": [
    1,
    0.999415
  ],
  "ZK": [
    0.01807295,
    0.01801126
  ],
  "FF": [
    0.070622,
    0.070598
  ],
  "CVX": [
    1.81,
    1.79
  ],
  "MANA": [
    0.085212,
    0.084914
  ],
  "MX": [
    1.79,
    1.79
  ],
  "THETA": [
    0.164546,
    0.163617
  ],
  "KOGE": [
    47.99,
    47.99
  ],
  "S": [
    0.04301926,
    0.04278892
  ],
  "FT": [
    0.098497,
    0.098467
  ]
}