{
  "TUSD": [
    0.999262,
    0.999496
  ],
  "FTN": [
    1.089,
    1.088
  ],
  "A7A5": [
    0.01200127,
    0.01200794
  ],
  "ETHFI": [
    0.601229,
    0.593802
  ],
  "VIRTUAL": [
    0.69687,
    0.688924
  ],
  "CAKE": [
    1.37,
    1.37
  ],
  "STX": [
    0.244985,
    0.244567
  ],
  "PENGU": [
    0.0070787,
    0.00700919
  ],
  "DCR": [
    24.98,
    24.69
  ],
  "EURC": [
    1.16,
    1.16
  ],
  "XTZ": [
    0.39779,
    0.395218
  ],
  "SEI": [
    0.062891,
    0.062652
  ],
  "JAAA": [
    1.027,
    1.027
  ],
  "DASH": [
    32.46,
    32.22
  ],
  "FDUSD": [
    0.9999,
    0.999202
  ],
  "KITE": [
    0.216067,
    0.213812
  ],
  "CHZ": [
    0.03596236,
    0.03589685
  ],
  "USX": [
    0.999773,
    0.999772
  ],
  "KAU": [
    149.23,
    148.77
  ],
  "PRIME": [
    1.029,
    1.026
  ],
  "CRV": [
    0.233646,
    0.232252
  ],
  "SUN": [
    0.01781276,
    0.01785338
  ],
  "GNO": [
    129.5,
    129.24
  ],
  "USDAI": [
    0.999992,
    1
  ],
  "BTT": [
    3.36342e-7,
    3.36025e-7
  ],
  "NFT": [
    3.33811e-7,
    3.33409e-7
  ],
  "CFX": [
    0.063575,
    0.062806
  ],
  "ADI": [
    3.23,
    3.24
  ],
  "INJ": [
    3.11,
    3.11
  ],
  "DEXE": [
    6.74,
    6.55
  ],
  "KAIA": [
    0.051215,
    0.051235
  ],
  "TIA": [
    0.331443,
    0.329734
  ],
  "AERO": [
    0.320638,
    0.317348
  ],
  "BSV": [
    14.55,
    14.47
  ],
  "FLOKI": [
    0.00002991,
    0.00002971
  ],
  "SPX": [
    0.303756,
    0.300466
  ],
  "GRT": [
    0.02594571,
    0.02586024
  ],
  "JASMY": [
    0.00562378,
    0.00557826
  ],
  "SYRUP": [
    0.239158,
    0.238199
  ],
  "FRAX": [
    0.990964,
    0.989088
  ],
  "VVV": [
    6.09,
    6.04
  ],
  "APEPE": [
    0.00000129,
    0.00000129
  ],
  "IOTA": [
    0.061216,
    0.06101
  ],
  "LIT": [
    1.07,
    1.061
  ],
  "FO": [
    0.264197,
    0.264193
  ],
  "IP": [
    0.753642,
    0.745718
  ],
  "2Z": [
    0.075257,
    0.074787
  ],
  "CRVUSD": [
    0.998324,
    0.99642
  ],
  "OP": [
    0.121754,
    0.120876
  ],
  "ZBCN": [
    0.00262282,
    0.0025679
  ],
  "LDO": [
    0.297078,
    0.295424
  ],
  "OHM": [
    15.81,
    15.81
  ],
  "PYTH": [
    0.04303018,
    0.04273414
  ],
  "BTSE": [
    1.48,
    1.48
  ],
  "ENS": [
    6.18,
    6.14
  ],
  "MON": [
    0.02186118,
    0.02163648
  ],
  "TEL": [
    0.00244413,
    0.00243421
  ],
  "HNT": [
    1.24,
    1.23
  ],
  "B": [
    0.216894,
    0.217169
  ],
  "USDA": [
    0.984014,
    0.984014
  ],
  "LUNC": [
    0.00003966,
    0.00003959
  ],
  "AUSD": [
    0.999967,
    0.999933
  ],
  "SAND": [
    0.080887,
    0.08041
  ],
  "XPL": [
    0.096721,
    0.095403
  ],
  "STRK": [
    0.03799107,
    0.03777493
  ],
  "BCAP": [
    22.99,
    22.99
  ],
  "TWT": [
    0.501927,
    0.500453
  ],
  "PENDLE": [
    1.25,
    1.24
  ],
  "AB": [
    0.00205496,
    0.00205177
  ],
  "GRASS": [
    0.375119,
    0.372465
  ],
  "NUSD": [
    0.999721,
    0.993686
  ],
  "AXS": [
    1.19,
    1.18
  ],
  "9BIT": [
    0.02417218,
    0.02415948
  ],
  "XCN": [
    0.00529835,
    0.00526689
  ],
  "BORG": [
    0.2007,
    0.199908
  ],
  "REUSD": [
    1.068,
    1.067
  ],
  "USTBL": [
    1.078,
    1.078
  ],
  "FARTCOIN": [
    0.194655,
    0.192206
  ],
  "UDS": [
    1.53,
    1.53
  ],
  "PC0000031": [
    1,
    1
  ],
  "VSN": [
    0.052605,
    0.052586
  ],
  "NEO": [
    2.68,
    2.68
  ],
  "REAL": [
    0.059679,
    0.059138
  ],
  "COMP": [
    19.27,
    19.15
  ],
  "FLUID": [
    2.35,
    2.31
  ],
  "WIF": [
    0.181298,
    0.17964
  ],
  "WAL": [
    0.07994,
    0.079551
  ],
  "IUSD": [
    0.999095,
    0.998303
  ],
  "FDIT": [
    1,
    1
  ],
  "WFI": [
    2.16,
    2.16
  ],
  "H": [
    0.09456,
    0.094964
  ],
  "ZK": [
    0.01860646,
    0.01858274
  ],
  "S": [
    0.04464019,
    0.04431412
  ],
  "MANA": [
    0.087217,
    0.086781
  ],
  "CVX": [
    1.84,
    1.83
  ],
  "THETA": [
    0.16735,
    0.167041
  ],
  "RAY": [
    0.620838,
    0.616548
  ],
  "FF": [
    0.07069,
    0.070628
  ],
  "MX": [
    1.79,
    1.79
  ],
  "KOGE": [
    47.99,
    47.99
  ]
}