{
  "FTN": [
    1.089,
    1.089
  ],
  "FET": [
    0.208665,
    0.208598
  ],
  "A7A5": [
    0.01181895,
    0.01181898
  ],
  "CAKE": [
    1.37,
    1.38
  ],
  "ETHFI": [
    0.552569,
    0.54915
  ],
  "STX": [
    0.233106,
    0.233367
  ],
  "VIRTUAL": [
    0.654385,
    0.652237
  ],
  "EURC": [
    1.15,
    1.15
  ],
  "PENGU": [
    0.00672939,
    0.00671861
  ],
  "JAAA": [
    1.027,
    1.027
  ],
  "XTZ": [
    0.378385,
    0.37797
  ],
  "DCR": [
    23.33,
    23.25
  ],
  "SEI": [
    0.05947,
    0.05961
  ],
  "DASH": [
    31.7,
    31.78
  ],
  "KITE": [
    0.217328,
    0.215958
  ],
  "FDUSD": [
    0.999141,
    0.99907
  ],
  "CHZ": [
    0.03494904,
    0.03484294
  ],
  "USX": [
    0.999693,
    0.999696
  ],
  "SUN": [
    0.01863696,
    0.01874143
  ],
  "PRIME": [
    1.029,
    1.028
  ],
  "GNO": [
    125.41,
    125.26
  ],
  "NFT": [
    3.33484e-7,
    3.33218e-7
  ],
  "USDAI": [
    0.999922,
    0.999928
  ],
  "DEXE": [
    7.07,
    7.04
  ],
  "BTT": [
    3.3254e-7,
    3.32858e-7
  ],
  "KAU": [
    130.78,
    137.01
  ],
  "CRV": [
    0.216351,
    0.217041
  ],
  "ADI": [
    3.28,
    3.28
  ],
  "CFX": [
    0.0612,
    0.060625
  ],
  "KAIA": [
    0.05047,
    0.050381
  ],
  "INJ": [
    2.94,
    2.95
  ],
  "AERO": [
    0.305566,
    0.30523
  ],
  "BSV": [
    14.1,
    14.08
  ],
  "TIA": [
    0.312075,
    0.311996
  ],
  "FLOKI": [
    0.00002841,
    0.00002839
  ],
  "FRAX": [
    0.991472,
    0.990999
  ],
  "SPX": [
    0.289553,
    0.28892
  ],
  "VVV": [
    5.92,
    5.94
  ],
  "SYRUP": [
    0.230166,
    0.229342
  ],
  "JASMY": [
    0.00536663,
    0.00535807
  ],
  "GRT": [
    0.02468558,
    0.02455722
  ],
  "APEPE": [
    0.00000126,
    0.00000126
  ],
  "FO": [
    0.264562,
    0.264531
  ],
  "CRVUSD": [
    0.999296,
    1
  ],
  "2Z": [
    0.072681,
    0.072322
  ],
  "IOTA": [
    0.057821,
    0.057538
  ],
  "OHM": [
    15.76,
    15.78
  ],
  "OP": [
    0.114506,
    0.114555
  ],
  "LIT": [
    0.971334,
    0.967655
  ],
  "LDO": [
    0.28342,
    0.283644
  ],
  "IP": [
    0.674657,
    0.671945
  ],
  "BTSE": [
    1.45,
    1.44
  ],
  "MON": [
    0.02116644,
    0.02109892
  ],
  "ZBCN": [
    0.00232049,
    0.00231235
  ],
  "ENS": [
    5.9,
    5.89
  ],
  "PYTH": [
    0.0386361,
    0.0386919
  ],
  "TEL": [
    0.00230827,
    0.00230466
  ],
  "USDA": [
    0.984014,
    0.984014
  ],
  "B": [
    0.216572,
    0.216782
  ],
  "AUSD": [
    0.999827,
    0.99987
  ],
  "HNT": [
    1.15,
    1.15
  ],
  "BCAP": [
    22.99,
    22.99
  ],
  "SAND": [
    0.077422,
    0.077318
  ],
  "LUNC": [
    0.00003755,
    0.00003763
  ],
  "XPL": [
    0.091624,
    0.091556
  ],
  "TWT": [
    0.495255,
    0.489998
  ],
  "STRK": [
    0.0357434,
    0.03558596
  ],
  "AB": [
    0.00202977,
    0.00202779
  ],
  "NUSD": [
    0.99906,
    0.996977
  ],
  "9BIT": [
    0.02420796,
    0.0242034
  ],
  "PENDLE": [
    1.18,
    1.18
  ],
  "USTBL": [
    1.078,
    1.078
  ],
  "BORG": [
    0.197566,
    0.195566
  ],
  "PC0000031": [
    1,
    1
  ],
  "XCN": [
    0.00502904,
    0.00500858
  ],
  "REUSD": [
    1.066,
    1.066
  ],
  "UDS": [
    1.51,
    1.51
  ],
  "AXS": [
    1.1,
    1.1
  ],
  "VSN": [
    0.052011,
    0.051968
  ],
  "FARTCOIN": [
    0.186251,
    0.185778
  ],
  "GRASS": [
    0.346479,
    0.342977
  ],
  "REAL": [
    0.058046,
    0.057823
  ],
  "NEO": [
    2.58,
    2.58
  ],
  "COMP": [
    18.62,
    18.59
  ],
  "FDIT": [
    1,
    1
  ],
  "WAL": [
    0.077286,
    0.07743
  ],
  "WFI": [
    2.12,
    2.11
  ],
  "WIF": [
    0.171736,
    0.171403
  ],
  "H": [
    0.094497,
    0.093332
  ],
  "FF": [
    0.072914,
    0.071408
  ],
  "MX": [
    1.79,
    1.79
  ],
  "ZK": [
    0.01773795,
    0.01765241
  ],
  "KOGE": [
    48,
    48
  ],
  "MANA": [
    0.083581,
    0.083482
  ],
  "THETA": [
    0.16044,
    0.159925
  ],
  "FT": [
    0.097999,
    0.097953
  ],
  "CVX": [
    1.74,
    1.74
  ],
  "S": [
    0.04214244,
    0.0420777
  ],
  "SATUSD": [
    0.995437,
    0.994978
  ],
  "RAY": [
    0.583056,
    0.581826
  ]
}