{
  "RIVER": [
    25.04,
    24.56
  ],
  "FTN": [
    1.088,
    1.088
  ],
  "CAKE": [
    1.4,
    1.4
  ],
  "VIRTUAL": [
    0.696444,
    0.698153
  ],
  "KITE": [
    0.235412,
    0.247099
  ],
  "A7A5": [
    0.0122073,
    0.01122239
  ],
  "STX": [
    0.238446,
    0.238987
  ],
  "PENGU": [
    0.00688707,
    0.00686279
  ],
  "DASH": [
    33.82,
    33.94
  ],
  "XTZ": [
    0.394681,
    0.393733
  ],
  "EURC": [
    1.16,
    1.16
  ],
  "ETHFI": [
    0.530829,
    0.522881
  ],
  "SEI": [
    0.060016,
    0.059304
  ],
  "JAAA": [
    1.027,
    1.027
  ],
  "FDUSD": [
    0.999476,
    0.999455
  ],
  "CHZ": [
    0.03554522,
    0.03561743
  ],
  "USX": [
    0.999592,
    0.999583
  ],
  "SUN": [
    0.01855057,
    0.01828501
  ],
  "PRIME": [
    1.036,
    1.027
  ],
  "DCR": [
    22.08,
    20.16
  ],
  "ADI": [
    3.52,
    3.51
  ],
  "KAU": [
    141.32,
    141.88
  ],
  "DEXE": [
    7.13,
    7.18
  ],
  "GNO": [
    127.93,
    126.75
  ],
  "NFT": [
    3.32377e-7,
    3.32388e-7
  ],
  "CRV": [
    0.221709,
    0.220129
  ],
  "BTT": [
    3.31096e-7,
    3.31023e-7
  ],
  "CFX": [
    0.060729,
    0.061143
  ],
  "USDAI": [
    0.999877,
    0.999884
  ],
  "INJ": [
    3.04,
    3
  ],
  "KAIA": [
    0.050289,
    0.050336
  ],
  "AERO": [
    0.325704,
    0.317193
  ],
  "TIA": [
    0.32399,
    0.321521
  ],
  "FLOKI": [
    0.00002929,
    0.00002914
  ],
  "BSV": [
    14.11,
    14.03
  ],
  "FRAX": [
    0.990886,
    0.990773
  ],
  "JASMY": [
    0.00551488,
    0.00551338
  ],
  "APEPE": [
    0.00000127,
    0.00000127
  ],
  "SPX": [
    0.289316,
    0.287144
  ],
  "SYRUP": [
    0.231073,
    0.230464
  ],
  "GRT": [
    0.02490146,
    0.02476358
  ],
  "FO": [
    0.263491,
    0.263794
  ],
  "2Z": [
    0.075237,
    0.075285
  ],
  "CRVUSD": [
    0.99937,
    0.999655
  ],
  "VVV": [
    5.63,
    5.69
  ],
  "IOTA": [
    0.058625,
    0.058017
  ],
  "LDO": [
    0.289689,
    0.288226
  ],
  "OHM": [
    15.69,
    15.62
  ],
  "MON": [
    0.02226673,
    0.02250946
  ],
  "LIT": [
    0.95325,
    0.967455
  ],
  "BTSE": [
    1.45,
    1.44
  ],
  "OP": [
    0.112186,
    0.109989
  ],
  "HNT": [
    1.25,
    1.25
  ],
  "ENS": [
    6.04,
    5.99
  ],
  "ZBCN": [
    0.00235859,
    0.00233324
  ],
  "PYTH": [
    0.03938159,
    0.0392466
  ],
  "UDS": [
    1.79,
    1.79
  ],
  "IP": [
    0.638715,
    0.633554
  ],
  "B": [
    0.215816,
    0.218105
  ],
  "USDA": [
    0.98468,
    0.984609
  ],
  "AUSD": [
    0.999885,
    0.999945
  ],
  "SAND": [
    0.079618,
    0.079558
  ],
  "TEL": [
    0.00226276,
    0.00222831
  ],
  "XPL": [
    0.094552,
    0.094174
  ],
  "LUNC": [
    0.00003868,
    0.00003849
  ],
  "BCAP": [
    22.89,
    22.89
  ],
  "STRK": [
    0.03650786,
    0.03629373
  ],
  "TWT": [
    0.491663,
    0.49062
  ],
  "PENDLE": [
    1.22,
    1.21
  ],
  "AB": [
    0.00202306,
    0.00201901
  ],
  "9BIT": [
    0.02410451,
    0.02409673
  ],
  "USTBL": [
    1.078,
    1.078
  ],
  "NEO": [
    2.79,
    2.75
  ],
  "XCN": [
    0.00514954,
    0.00511291
  ],
  "PC0000031": [
    1,
    1
  ],
  "REAL": [
    0.059997,
    0.059453
  ],
  "NUSD": [
    1,
    1
  ],
  "AXS": [
    1.11,
    1.1
  ],
  "WIF": [
    0.187876,
    0.187302
  ],
  "BORG": [
    0.190933,
    0.18973
  ],
  "VSN": [
    0.051654,
    0.051617
  ],
  "COMP": [
    18.99,
    19.15
  ],
  "WFI": [
    2.24,
    2.25
  ],
  "GRASS": [
    0.334488,
    0.332517
  ],
  "REUSD": [
    1.067,
    1.067
  ],
  "WAL": [
    0.078993,
    0.078459
  ],
  "FARTCOIN": [
    0.175454,
    0.175062
  ],
  "ZK": [
    0.01811745,
    0.01808286
  ],
  "H": [
    0.093907,
    0.093348
  ],
  "FF": [
    0.072427,
    0.072061
  ],
  "MANA": [
    0.08757,
    0.087042
  ],
  "FDIT": [
    1,
    1
  ],
  "MX": [
    1.79,
    1.79
  ],
  "BAT": [
    0.108282
  ],
  "KOGE": [
    47.98,
    47.98
  ],
  "S": [
    0.04340518,
    0.04289048
  ],
  "RAY": [
    0.598288,
    0.596023
  ],
  "THETA": [
    0.160904,
    0.159251
  ],
  "CVX": [
    1.79,
    1.73
  ],
  "SATUSD": [
    0.995323,
    0.994811
  ]
}