{
  "FTN": [
    1.089,
    1.088
  ],
  "A7A5": [
    0.01195892,
    0.01195753
  ],
  "FET": [
    0.208053,
    0.20568
  ],
  "CAKE": [
    1.38,
    1.37
  ],
  "VIRTUAL": [
    0.659366,
    0.657851
  ],
  "ETHFI": [
    0.545473,
    0.539841
  ],
  "EURC": [
    1.15,
    1.16
  ],
  "STX": [
    0.231823,
    0.231439
  ],
  "JAAA": [
    1.027,
    1.027
  ],
  "PENGU": [
    0.00670907,
    0.0066854
  ],
  "XTZ": [
    0.379872,
    0.378729
  ],
  "DASH": [
    32.38,
    32.23
  ],
  "DCR": [
    23.17,
    23.05
  ],
  "SEI": [
    0.05956,
    0.059226
  ],
  "KITE": [
    0.220188,
    0.219878
  ],
  "FDUSD": [
    0.999064,
    0.999306
  ],
  "USX": [
    0.999696,
    0.99977
  ],
  "CHZ": [
    0.03472267,
    0.03466088
  ],
  "PRIME": [
    1.027,
    1.028
  ],
  "SUN": [
    0.01837404,
    0.01826509
  ],
  "KAU": [
    141.24,
    141.48
  ],
  "DEXE": [
    7.23,
    7.14
  ],
  "USDAI": [
    0.999827,
    0.999923
  ],
  "NFT": [
    3.33585e-7,
    3.32516e-7
  ],
  "BTT": [
    3.32009e-7,
    3.31971e-7
  ],
  "GNO": [
    124.62,
    123.85
  ],
  "CRV": [
    0.217568,
    0.216381
  ],
  "ADI": [
    3.28,
    3.28
  ],
  "CFX": [
    0.06027,
    0.060202
  ],
  "INJ": [
    2.96,
    2.95
  ],
  "KAIA": [
    0.050315,
    0.050239
  ],
  "AERO": [
    0.306702,
    0.306916
  ],
  "BSV": [
    14.04,
    14.03
  ],
  "TIA": [
    0.313418,
    0.311911
  ],
  "FLOKI": [
    0.00002835,
    0.00002828
  ],
  "FRAX": [
    0.990154,
    0.990131
  ],
  "SPX": [
    0.289767,
    0.287529
  ],
  "VVV": [
    5.98,
    5.92
  ],
  "SYRUP": [
    0.230347,
    0.228506
  ],
  "FO": [
    0.264327,
    0.264344
  ],
  "JASMY": [
    0.00534276,
    0.00532283
  ],
  "APEPE": [
    0.00000125,
    0.00000125
  ],
  "GRT": [
    0.02451021,
    0.0244101
  ],
  "CRVUSD": [
    0.999897,
    0.998351
  ],
  "2Z": [
    0.072025,
    0.072023
  ],
  "IOTA": [
    0.057433,
    0.05727
  ],
  "OHM": [
    15.95,
    15.78
  ],
  "OP": [
    0.114823,
    0.114498
  ],
  "LDO": [
    0.283722,
    0.282463
  ],
  "LIT": [
    0.951192,
    0.939594
  ],
  "BTSE": [
    1.45,
    1.45
  ],
  "IP": [
    0.667929,
    0.660062
  ],
  "ENS": [
    5.88,
    5.86
  ],
  "MON": [
    0.02093477,
    0.02061741
  ],
  "ZBCN": [
    0.00227416,
    0.00226355
  ],
  "PYTH": [
    0.03898713,
    0.03837342
  ],
  "TEL": [
    0.00229573,
    0.00229706
  ],
  "USDA": [
    0.984014,
    0.984014
  ],
  "B": [
    0.218063,
    0.216827
  ],
  "AUSD": [
    0.999681,
    0.999887
  ],
  "HNT": [
    1.16,
    1.16
  ],
  "BCAP": [
    22.99,
    22.99
  ],
  "SAND": [
    0.077122,
    0.07688
  ],
  "XPL": [
    0.091366,
    0.090976
  ],
  "TWT": [
    0.486272,
    0.485769
  ],
  "LUNC": [
    0.00003701,
    0.00003705
  ],
  "STRK": [
    0.03577923,
    0.03575792
  ],
  "AB": [
    0.00203085,
    0.00202737
  ],
  "NUSD": [
    0.998915,
    0.998957
  ],
  "9BIT": [
    0.02419553,
    0.02419812
  ],
  "USTBL": [
    1.078,
    1.078
  ],
  "PENDLE": [
    1.17,
    1.17
  ],
  "BORG": [
    0.193229,
    0.193073
  ],
  "PC0000031": [
    1,
    1
  ],
  "GRASS": [
    0.348153,
    0.344334
  ],
  "UDS": [
    1.5,
    1.5
  ],
  "VSN": [
    0.051627,
    0.051654
  ],
  "REUSD": [
    1.066,
    1.066
  ],
  "FARTCOIN": [
    0.18571,
    0.184822
  ],
  "XCN": [
    0.00495522,
    0.00492286
  ],
  "AXS": [
    1.09,
    1.087
  ],
  "NEO": [
    2.59,
    2.6
  ],
  "REAL": [
    0.058007,
    0.057606
  ],
  "COMP": [
    18.49,
    18.41
  ],
  "FDIT": [
    1,
    1
  ],
  "WAL": [
    0.077848,
    0.077664
  ],
  "WFI": [
    2.11,
    2.11
  ],
  "WIF": [
    0.171731,
    0.171662
  ],
  "FF": [
    0.072093,
    0.071772
  ],
  "H": [
    0.092906,
    0.092021
  ],
  "MX": [
    1.79,
    1.79
  ],
  "KOGE": [
    47.99,
    47.99
  ],
  "MANA": [
    0.083646,
    0.083578
  ],
  "ZK": [
    0.01753591,
    0.01748467
  ],
  "CVX": [
    1.74,
    1.74
  ],
  "THETA": [
    0.159623,
    0.159276
  ],
  "FT": [
    0.09764,
    0.097485
  ],
  "S": [
    0.04213658,
    0.04205653
  ],
  "SATUSD": [
    0.99183,
    0.994285
  ],
  "RAY": [
    0.583646,
    0.582629
  ]
}