{
  "FTN": [
    1.089,
    1.089
  ],
  "CAKE": [
    1.42,
    1.42
  ],
  "VIRTUAL": [
    0.713893,
    0.707983
  ],
  "RIVER": [
    22.44,
    23.39
  ],
  "A7A5": [
    0.0117646,
    0.01169821
  ],
  "DCR": [
    26.22,
    26.2
  ],
  "PENGU": [
    0.00725497,
    0.00722354
  ],
  "STX": [
    0.24767,
    0.245463
  ],
  "ETHFI": [
    0.547335,
    0.547448
  ],
  "XTZ": [
    0.399837,
    0.397156
  ],
  "EURC": [
    1.16,
    1.16
  ],
  "SEI": [
    0.063993,
    0.063404
  ],
  "JAAA": [
    1.027,
    1.027
  ],
  "DASH": [
    31.84,
    31.69
  ],
  "FDUSD": [
    0.999096,
    1
  ],
  "KITE": [
    0.217481,
    0.212406
  ],
  "CHZ": [
    0.0359478,
    0.03580659
  ],
  "USX": [
    0.999674,
    0.999662
  ],
  "KAU": [
    149.12,
    146.84
  ],
  "CRV": [
    0.235132,
    0.234035
  ],
  "GNO": [
    130.87,
    130.24
  ],
  "PRIME": [
    1.026,
    1.027
  ],
  "SUN": [
    0.01768765,
    0.01762019
  ],
  "CFX": [
    0.063734,
    0.063527
  ],
  "BTT": [
    3.34626e-7,
    3.34129e-7
  ],
  "NFT": [
    3.32488e-7,
    3.31156e-7
  ],
  "USDAI": [
    0.9998,
    0.999884
  ],
  "ADI": [
    3.33,
    3.29
  ],
  "INJ": [
    3.1,
    3.09
  ],
  "KAIA": [
    0.051756,
    0.051369
  ],
  "AERO": [
    0.324306,
    0.322266
  ],
  "TIA": [
    0.336402,
    0.332695
  ],
  "LIT": [
    1.17,
    1.15
  ],
  "BSV": [
    14.53,
    14.37
  ],
  "DEXE": [
    6.15,
    6.14
  ],
  "FLOKI": [
    0.00002991,
    0.00002967
  ],
  "SPX": [
    0.3064,
    0.304296
  ],
  "GRT": [
    0.02613956,
    0.02590614
  ],
  "JASMY": [
    0.00565326,
    0.00562247
  ],
  "SYRUP": [
    0.239053,
    0.238401
  ],
  "FRAX": [
    0.993274,
    0.992668
  ],
  "APEPE": [
    0.00000129,
    0.00000129
  ],
  "IOTA": [
    0.062191,
    0.062031
  ],
  "2Z": [
    0.076994,
    0.077013
  ],
  "IP": [
    0.763362,
    0.755803
  ],
  "FO": [
    0.263509,
    0.263236
  ],
  "OP": [
    0.124683,
    0.123661
  ],
  "BTSE": [
    1.6,
    1.6
  ],
  "CRVUSD": [
    1,
    1.004
  ],
  "OHM": [
    16.45,
    16.49
  ],
  "LDO": [
    0.298275,
    0.296475
  ],
  "VVV": [
    5.61,
    5.59
  ],
  "PYTH": [
    0.04325844,
    0.04333681
  ],
  "MON": [
    0.02216799,
    0.02211863
  ],
  "ENS": [
    6.21,
    6.17
  ],
  "TEL": [
    0.00247233,
    0.00247734
  ],
  "HNT": [
    1.26,
    1.25
  ],
  "ZBCN": [
    0.00245137,
    0.00233342
  ],
  "XPL": [
    0.098598,
    0.100479
  ],
  "B": [
    0.233428,
    0.21944
  ],
  "SAND": [
    0.082241,
    0.081979
  ],
  "LUNC": [
    0.00004002,
    0.00003989
  ],
  "USDA": [
    0.984014,
    0.984014
  ],
  "AUSD": [
    0.999877,
    0.999957
  ],
  "UDS": [
    1.73,
    1.72
  ],
  "BCAP": [
    22.99,
    22.99
  ],
  "TWT": [
    0.508752,
    0.502569
  ],
  "PENDLE": [
    1.27,
    1.26
  ],
  "AB": [
    0.00210505,
    0.00209662
  ],
  "AXS": [
    1.22,
    1.22
  ],
  "GRASS": [
    0.369312,
    0.379234
  ],
  "NUSD": [
    1,
    0.999255
  ],
  "STRK": [
    0.03635272,
    0.03569279
  ],
  "BORG": [
    0.207371,
    0.205204
  ],
  "USTBL": [
    1.078,
    1.078
  ],
  "XCN": [
    0.00533285,
    0.00529776
  ],
  "FARTCOIN": [
    0.1988,
    0.1978
  ],
  "REUSD": [
    1.067,
    1.068
  ],
  "NEO": [
    2.73,
    2.71
  ],
  "PC0000031": [
    1,
    1
  ],
  "VSN": [
    0.052675,
    0.052566
  ],
  "9BIT": [
    0.02291311,
    0.02292282
  ],
  "REAL": [
    0.059124,
    0.058565
  ],
  "COMP": [
    19.17,
    19.06
  ],
  "WFI": [
    2.23,
    2.23
  ],
  "WAL": [
    0.081556,
    0.08072
  ],
  "FLUID": [
    2.29,
    2.27
  ],
  "FDIT": [
    1,
    1
  ],
  "WIF": [
    0.177367,
    0.177083
  ],
  "IUSD": [
    0.999796,
    1.001
  ],
  "MANA": [
    0.090023,
    0.089528
  ],
  "ZK": [
    0.01879235,
    0.01869937
  ],
  "THETA": [
    0.173103,
    0.170606
  ],
  "H": [
    0.093585,
    0.092576
  ],
  "S": [
    0.04486796,
    0.04467125
  ],
  "FF": [
    0.071071,
    0.071006
  ],
  "CVX": [
    1.82,
    1.8
  ],
  "MX": [
    1.79,
    1.79
  ],
  "FT": [
    0.099129
  ],
  "RAY": [
    0.610535,
    0.60979
  ]
}