{
  "FTN": [
    1.089,
    1.089
  ],
  "FET": [
    0.206684,
    0.205875
  ],
  "CAKE": [
    1.41,
    1.4
  ],
  "A7A5": [
    0.01169623,
    0.01169654
  ],
  "VIRTUAL": [
    0.698575,
    0.697598
  ],
  "DCR": [
    26.45,
    26.4
  ],
  "STX": [
    0.243909,
    0.243335
  ],
  "PENGU": [
    0.00699674,
    0.0070033
  ],
  "EURC": [
    1.15,
    1.15
  ],
  "SEI": [
    0.063249,
    0.06334
  ],
  "ETHFI": [
    0.532952,
    0.531802
  ],
  "JAAA": [
    1.027,
    1.027
  ],
  "XTZ": [
    0.383496,
    0.383605
  ],
  "DASH": [
    31.39,
    31.39
  ],
  "FDUSD": [
    0.999977,
    1.004
  ],
  "CHZ": [
    0.03540886,
    0.03542598
  ],
  "USX": [
    0.999628,
    0.999718
  ],
  "KAU": [
    148.38,
    148.38
  ],
  "KITE": [
    0.193925,
    0.193838
  ],
  "CRV": [
    0.233204,
    0.232815
  ],
  "GNO": [
    131.06,
    130.78
  ],
  "PRIME": [
    1.027,
    1.025
  ],
  "SUN": [
    0.01732389,
    0.01738388
  ],
  "NFT": [
    3.31901e-7,
    3.31955e-7
  ],
  "BTT": [
    3.32793e-7,
    3.33412e-7
  ],
  "USDAI": [
    0.999629,
    0.999676
  ],
  "CFX": [
    0.061625,
    0.061262
  ],
  "ADI": [
    3.26,
    3.26
  ],
  "TIA": [
    0.335627,
    0.335796
  ],
  "KAIA": [
    0.05104,
    0.051128
  ],
  "INJ": [
    2.96,
    2.97
  ],
  "AERO": [
    0.31942,
    0.31878
  ],
  "DEXE": [
    6.22,
    6.23
  ],
  "BSV": [
    14.37,
    14.37
  ],
  "FLOKI": [
    0.00002912,
    0.0000291
  ],
  "LIT": [
    1.12,
    1.12
  ],
  "JASMY": [
    0.00564714,
    0.00564312
  ],
  "SYRUP": [
    0.241279,
    0.241014
  ],
  "SPX": [
    0.299048,
    0.299161
  ],
  "GRT": [
    0.02579026,
    0.02577055
  ],
  "FRAX": [
    0.992398,
    0.992695
  ],
  "IP": [
    0.77392,
    0.775191
  ],
  "APEPE": [
    0.00000128,
    0.00000128
  ],
  "IOTA": [
    0.061626,
    0.061669
  ],
  "2Z": [
    0.077,
    0.077104
  ],
  "FO": [
    0.263868,
    0.264121
  ],
  "BTSE": [
    1.61,
    1.62
  ],
  "OHM": [
    16.42,
    16.54
  ],
  "CRVUSD": [
    1.002,
    1.002
  ],
  "PYTH": [
    0.04470254,
    0.044653
  ],
  "OP": [
    0.120212,
    0.120189
  ],
  "LDO": [
    0.294898,
    0.294626
  ],
  "B": [
    0.238366,
    0.238587
  ],
  "VVV": [
    5.31,
    5.31
  ],
  "HNT": [
    1.28,
    1.29
  ],
  "MON": [
    0.0218886,
    0.02195279
  ],
  "ENS": [
    6.19,
    6.18
  ],
  "TEL": [
    0.00246457,
    0.00246365
  ],
  "UDS": [
    1.81,
    1.81
  ],
  "XPL": [
    0.099675,
    0.100013
  ],
  "LUNC": [
    0.00003979,
    0.00003982
  ],
  "USDA": [
    0.984014,
    0.984014
  ],
  "SAND": [
    0.081205,
    0.081186
  ],
  "AUSD": [
    0.99991,
    1
  ],
  "TWT": [
    0.513645,
    0.51356
  ],
  "BCAP": [
    22.99,
    22.99
  ],
  "AB": [
    0.00209782,
    0.00210037
  ],
  "STRK": [
    0.03642028,
    0.03640139
  ],
  "NUSD": [
    1.001,
    1.002
  ],
  "PENDLE": [
    1.23,
    1.23
  ],
  "GRASS": [
    0.371787,
    0.37473
  ],
  "9BIT": [
    0.0246966,
    0.0247145
  ],
  "ZBCN": [
    0.00205407,
    0.00205955
  ],
  "XCN": [
    0.00534791,
    0.00535028
  ],
  "BORG": [
    0.20262,
    0.20226
  ],
  "AXS": [
    1.16,
    1.17
  ],
  "USTBL": [
    1.077,
    1.077
  ],
  "REUSD": [
    1.067,
    1.067
  ],
  "NEO": [
    2.7,
    2.7
  ],
  "VSN": [
    0.053005,
    0.052969
  ],
  "FARTCOIN": [
    0.189909,
    0.189453
  ],
  "PC0000031": [
    1,
    1
  ],
  "REAL": [
    0.057728,
    0.057838
  ],
  "WFI": [
    2.22,
    2.22
  ],
  "H": [
    0.097951,
    0.098017
  ],
  "COMP": [
    18.42,
    18.41
  ],
  "FDIT": [
    1,
    1
  ],
  "WAL": [
    0.078514,
    0.07857
  ],
  "IUSD": [
    1.001,
    1
  ],
  "ZK": [
    0.01890545,
    0.01891049
  ],
  "WIF": [
    0.17305,
    0.172936
  ],
  "MANA": [
    0.089136,
    0.089136
  ],
  "THETA": [
    0.172581,
    0.172436
  ],
  "FLUID": [
    2.18,
    2.18
  ],
  "S": [
    0.04355043,
    0.04360753
  ],
  "FF": [
    0.070406,
    0.070348
  ],
  "MX": [
    1.79,
    1.79
  ],
  "RAY": [
    0.607115,
    0.607777
  ],
  "KOGE": [
    48,
    48
  ],
  "CVX": [
    1.77,
    1.75
  ]
}