{
  "FTN": [
    1.088,
    1.089
  ],
  "CAKE": [
    1.42,
    1.42
  ],
  "A7A5": [
    0.01186167,
    0.01186258
  ],
  "VIRTUAL": [
    0.706938,
    0.70547
  ],
  "ETHFI": [
    0.565063,
    0.575046
  ],
  "PENGU": [
    0.00722021,
    0.00720859
  ],
  "DCR": [
    26.13,
    26.15
  ],
  "STX": [
    0.246176,
    0.245474
  ],
  "RIVER": [
    22.49,
    22.16
  ],
  "XTZ": [
    0.398085,
    0.398747
  ],
  "EURC": [
    1.16,
    1.15
  ],
  "SEI": [
    0.063402,
    0.06347
  ],
  "JAAA": [
    1.027,
    1.027
  ],
  "DASH": [
    31.85,
    31.85
  ],
  "KITE": [
    0.21234,
    0.216304
  ],
  "FDUSD": [
    0.998977,
    0.999553
  ],
  "CHZ": [
    0.03583071,
    0.035896
  ],
  "USX": [
    0.999609,
    0.999747
  ],
  "PRIME": [
    1.012,
    1.028
  ],
  "KAU": [
    147.5,
    147.12
  ],
  "CRV": [
    0.234645,
    0.233969
  ],
  "GNO": [
    130.58,
    130.2
  ],
  "SUN": [
    0.0176293,
    0.01763224
  ],
  "CFX": [
    0.063492,
    0.064331
  ],
  "BTT": [
    3.35344e-7,
    3.35506e-7
  ],
  "NFT": [
    3.32724e-7,
    3.32455e-7
  ],
  "USDAI": [
    0.999775,
    0.999879
  ],
  "ADI": [
    3.26,
    3.2
  ],
  "INJ": [
    3.09,
    3.1
  ],
  "KAIA": [
    0.0513,
    0.051177
  ],
  "TIA": [
    0.33282,
    0.33416
  ],
  "AERO": [
    0.321632,
    0.320923
  ],
  "BSV": [
    14.65,
    14.61
  ],
  "FLOKI": [
    0.00002989,
    0.00002994
  ],
  "LIT": [
    1.17,
    1.16
  ],
  "SPX": [
    0.305452,
    0.303042
  ],
  "DEXE": [
    6.21,
    6
  ],
  "GRT": [
    0.02592793,
    0.02602664
  ],
  "JASMY": [
    0.00559486,
    0.00561243
  ],
  "SYRUP": [
    0.239508,
    0.238742
  ],
  "FRAX": [
    0.992198,
    0.992335
  ],
  "IOTA": [
    0.062199,
    0.062216
  ],
  "APEPE": [
    0.00000129,
    0.00000129
  ],
  "IP": [
    0.754227,
    0.754683
  ],
  "2Z": [
    0.076487,
    0.076269
  ],
  "FO": [
    0.263822,
    0.26361
  ],
  "OP": [
    0.123112,
    0.124247
  ],
  "CRVUSD": [
    1.003,
    0.999199
  ],
  "OHM": [
    16.33,
    16.35
  ],
  "VVV": [
    5.73,
    5.71
  ],
  "LDO": [
    0.297371,
    0.297717
  ],
  "BTSE": [
    1.57,
    1.54
  ],
  "PYTH": [
    0.04380439,
    0.04339696
  ],
  "ZBCN": [
    0.00242055,
    0.00250253
  ],
  "MON": [
    0.02204667,
    0.02208075
  ],
  "ENS": [
    6.19,
    6.21
  ],
  "TEL": [
    0.00247668,
    0.00245702
  ],
  "HNT": [
    1.25,
    1.25
  ],
  "B": [
    0.219982,
    0.222747
  ],
  "SAND": [
    0.082238,
    0.082274
  ],
  "USDA": [
    0.984014,
    0.984014
  ],
  "LUNC": [
    0.00004012,
    0.00003976
  ],
  "AUSD": [
    0.999838,
    0.999839
  ],
  "XPL": [
    0.095659,
    0.095561
  ],
  "UDS": [
    1.73,
    1.71
  ],
  "BCAP": [
    22.99,
    22.99
  ],
  "PENDLE": [
    1.27,
    1.26
  ],
  "TWT": [
    0.502492,
    0.502133
  ],
  "AXS": [
    1.23,
    1.23
  ],
  "AB": [
    0.00208808,
    0.00208052
  ],
  "NUSD": [
    1,
    0.998577
  ],
  "GRASS": [
    0.378885,
    0.374897
  ],
  "STRK": [
    0.03567155,
    0.03586704
  ],
  "USTBL": [
    1.078,
    1.078
  ],
  "BORG": [
    0.204577,
    0.203737
  ],
  "XCN": [
    0.00526445,
    0.00522395
  ],
  "FARTCOIN": [
    0.199614,
    0.195295
  ],
  "REUSD": [
    1.067,
    1.068
  ],
  "NEO": [
    2.72,
    2.74
  ],
  "PC0000031": [
    1,
    1
  ],
  "VSN": [
    0.05243,
    0.052428
  ],
  "9BIT": [
    0.0228669,
    0.0228994
  ],
  "REAL": [
    0.058629,
    0.058734
  ],
  "COMP": [
    19.06,
    19.01
  ],
  "WFI": [
    2.23,
    2.2
  ],
  "WAL": [
    0.080787,
    0.080251
  ],
  "WIF": [
    0.179354,
    0.179181
  ],
  "FLUID": [
    2.28,
    2.27
  ],
  "FDIT": [
    1,
    1
  ],
  "IUSD": [
    0.999967,
    0.999847
  ],
  "H": [
    0.096016,
    0.095903
  ],
  "MANA": [
    0.089739,
    0.089723
  ],
  "ZK": [
    0.01870238,
    0.01872963
  ],
  "THETA": [
    0.171528,
    0.171306
  ],
  "S": [
    0.04466554,
    0.04453605
  ],
  "FF": [
    0.070968,
    0.070946
  ],
  "CVX": [
    1.81,
    1.8
  ],
  "MX": [
    1.79,
    1.79
  ],
  "RAY": [
    0.611834,
    0.610328
  ],
  "KOGE": [
    47.99,
    47.99
  ]
}