{
  "TUSD": [
    0.998404
  ],
  "A7A5": [
    0.01220674,
    0.01225878
  ],
  "FTN": [
    1.089,
    1.088
  ],
  "VIRTUAL": [
    0.710619,
    0.710873
  ],
  "CAKE": [
    1.42,
    1.42
  ],
  "STX": [
    0.243493,
    0.241395
  ],
  "PENGU": [
    0.00704835,
    0.0069836
  ],
  "DASH": [
    34.12,
    34.35
  ],
  "XTZ": [
    0.397169,
    0.397953
  ],
  "EURC": [
    1.16,
    1.16
  ],
  "KITE": [
    0.235813,
    0.238495
  ],
  "JAAA": [
    1.027,
    1.027
  ],
  "ETHFI": [
    0.536129,
    0.531916
  ],
  "SEI": [
    0.060965,
    0.060851
  ],
  "DCR": [
    22.51,
    22.48
  ],
  "FDUSD": [
    0.999649,
    0.998621
  ],
  "CHZ": [
    0.03590848,
    0.03614437
  ],
  "SUN": [
    0.01903299,
    0.01909633
  ],
  "USX": [
    0.999533,
    0.999595
  ],
  "PRIME": [
    1.029,
    1.028
  ],
  "ADI": [
    3.44,
    3.48
  ],
  "GNO": [
    129.24,
    128.87
  ],
  "KAU": [
    141.72,
    142.77
  ],
  "CRV": [
    0.223974,
    0.225422
  ],
  "DEXE": [
    7.29,
    7.16
  ],
  "NFT": [
    3.33136e-7,
    3.33819e-7
  ],
  "BTT": [
    3.32967e-7,
    3.32669e-7
  ],
  "CFX": [
    0.06163,
    0.060797
  ],
  "AERO": [
    0.344477,
    0.338096
  ],
  "USDAI": [
    0.999694,
    0.99951
  ],
  "INJ": [
    3.07,
    3.06
  ],
  "KAIA": [
    0.051029,
    0.050663
  ],
  "TIA": [
    0.331102,
    0.327585
  ],
  "BSV": [
    14.24,
    14.35
  ],
  "FLOKI": [
    0.00002956,
    0.00002953
  ],
  "JASMY": [
    0.00564496,
    0.00560674
  ],
  "SPX": [
    0.299012,
    0.29627
  ],
  "FRAX": [
    0.991701,
    0.991765
  ],
  "SYRUP": [
    0.231915,
    0.234135
  ],
  "GRT": [
    0.02537637,
    0.02512962
  ],
  "APEPE": [
    0.00000126,
    0.00000128
  ],
  "2Z": [
    0.076151,
    0.076391
  ],
  "FO": [
    0.263039,
    0.262997
  ],
  "CRVUSD": [
    0.999641,
    1.001
  ],
  "VVV": [
    5.74,
    5.7
  ],
  "IOTA": [
    0.058504,
    0.058758
  ],
  "LDO": [
    0.295069,
    0.292527
  ],
  "OHM": [
    15.89,
    15.8
  ],
  "OP": [
    0.11429,
    0.114593
  ],
  "ZBCN": [
    0.00244359,
    0.00246358
  ],
  "MON": [
    0.02192271,
    0.02239241
  ],
  "LIT": [
    0.953832,
    0.951344
  ],
  "ENS": [
    6.16,
    6.12
  ],
  "HNT": [
    1.29,
    1.27
  ],
  "BTSE": [
    1.46,
    1.44
  ],
  "PYTH": [
    0.04056971,
    0.03996404
  ],
  "IP": [
    0.658031,
    0.644482
  ],
  "UDS": [
    1.8,
    1.79
  ],
  "USDA": [
    0.984821,
    0.984699
  ],
  "XPL": [
    0.096728,
    0.096801
  ],
  "B": [
    0.212679,
    0.216841
  ],
  "TEL": [
    0.00229117,
    0.00228055
  ],
  "AUSD": [
    1,
    0.9996
  ],
  "SAND": [
    0.080854,
    0.080604
  ],
  "LUNC": [
    0.00003914,
    0.00003917
  ],
  "TWT": [
    0.500493,
    0.500973
  ],
  "BCAP": [
    22.89,
    22.89
  ],
  "STRK": [
    0.0369599,
    0.03673255
  ],
  "PENDLE": [
    1.26,
    1.24
  ],
  "AB": [
    0.00201948,
    0.0020279
  ],
  "9BIT": [
    0.02412977,
    0.02413903
  ],
  "NEO": [
    2.7,
    2.79
  ],
  "XCN": [
    0.00527648,
    0.005229
  ],
  "REAL": [
    0.061576,
    0.061678
  ],
  "USTBL": [
    1.078,
    1.078
  ],
  "BORG": [
    0.197357,
    0.196437
  ],
  "AXS": [
    1.12,
    1.13
  ],
  "PC0000031": [
    1,
    1
  ],
  "WIF": [
    0.189227,
    0.188474
  ],
  "NUSD": [
    0.999273,
    1.001
  ],
  "VSN": [
    0.052369,
    0.05225
  ],
  "WFI": [
    2.21,
    2.26
  ],
  "COMP": [
    19.18,
    19.03
  ],
  "GRASS": [
    0.340419,
    0.336523
  ],
  "REUSD": [
    1.067,
    1.067
  ],
  "FARTCOIN": [
    0.179871,
    0.181151
  ],
  "WAL": [
    0.080484,
    0.080131
  ],
  "ZK": [
    0.01859638,
    0.01817769
  ],
  "H": [
    0.095267,
    0.094531
  ],
  "MANA": [
    0.08835,
    0.087867
  ],
  "FDIT": [
    1,
    1
  ],
  "FF": [
    0.07083,
    0.071456
  ],
  "CVX": [
    1.83,
    1.82
  ],
  "S": [
    0.04500852,
    0.04383195
  ],
  "MX": [
    1.79,
    1.79
  ],
  "RAY": [
    0.611283,
    0.610253
  ],
  "KOGE": [
    47.99,
    47.98
  ],
  "THETA": [
    0.163414,
    0.161936
  ],
  "SATUSD": [
    0.99599,
    0.995353
  ],
  "FT": [
    0.096684,
    0.096731
  ]
}