{
  "FTN": [
    1.089
  ],
  "FET": [
    0.206835
  ],
  "CAKE": [
    1.41
  ],
  "VIRTUAL": [
    0.699224
  ],
  "A7A5": [
    0.01169623
  ],
  "DCR": [
    26.47
  ],
  "STX": [
    0.243896
  ],
  "PENGU": [
    0.00700062
  ],
  "EURC": [
    1.15
  ],
  "SEI": [
    0.063269
  ],
  "ETHFI": [
    0.533274
  ],
  "JAAA": [
    1.027
  ],
  "XTZ": [
    0.38378
  ],
  "DASH": [
    31.42
  ],
  "FDUSD": [
    1
  ],
  "CHZ": [
    0.03540919
  ],
  "USX": [
    0.999717
  ],
  "KAU": [
    148.38
  ],
  "KITE": [
    0.193836
  ],
  "CRV": [
    0.233298
  ],
  "GNO": [
    131.12
  ],
  "PRIME": [
    1.027
  ],
  "SUN": [
    0.01732178
  ],
  "NFT": [
    3.31969e-7
  ],
  "BTT": [
    3.32994e-7
  ],
  "USDAI": [
    0.999678
  ],
  "CFX": [
    0.061668
  ],
  "ADI": [
    3.25
  ],
  "TIA": [
    0.335613
  ],
  "KAIA": [
    0.051074
  ],
  "INJ": [
    2.96
  ],
  "AERO": [
    0.319743
  ],
  "DEXE": [
    6.22
  ],
  "BSV": [
    14.4
  ],
  "FLOKI": [
    0.00002913
  ],
  "SYRUP": [
    0.241308
  ],
  "JASMY": [
    0.00564775
  ],
  "SPX": [
    0.299375
  ],
  "LIT": [
    1.12
  ],
  "GRT": [
    0.0257965
  ],
  "FRAX": [
    0.992394
  ],
  "IP": [
    0.774737
  ],
  "APEPE": [
    0.00000128
  ],
  "IOTA": [
    0.061632
  ],
  "2Z": [
    0.077033
  ],
  "FO": [
    0.263884
  ],
  "BTSE": [
    1.61
  ],
  "CRVUSD": [
    1.002
  ],
  "OHM": [
    16.45
  ],
  "PYTH": [
    0.04472544
  ],
  "OP": [
    0.120215
  ],
  "LDO": [
    0.294994
  ],
  "VVV": [
    5.32
  ],
  "B": [
    0.238364
  ],
  "ENS": [
    6.2
  ],
  "HNT": [
    1.29
  ],
  "MON": [
    0.02190249
  ],
  "TEL": [
    0.00246535
  ],
  "UDS": [
    1.81
  ],
  "XPL": [
    0.099745
  ],
  "LUNC": [
    0.00003979
  ],
  "USDA": [
    0.984014
  ],
  "SAND": [
    0.081259
  ],
  "AUSD": [
    0.999901
  ],
  "TWT": [
    0.513864
  ],
  "BCAP": [
    22.99
  ],
  "AB": [
    0.0020995
  ],
  "STRK": [
    0.03643306
  ],
  "NUSD": [
    1.001
  ],
  "PENDLE": [
    1.23
  ],
  "9BIT": [
    0.02469968
  ],
  "GRASS": [
    0.371514
  ],
  "ZBCN": [
    0.00205476
  ],
  "XCN": [
    0.0053513
  ],
  "BORG": [
    0.202682
  ],
  "AXS": [
    1.16
  ],
  "USTBL": [
    1.077
  ],
  "REUSD": [
    1.067
  ],
  "VSN": [
    0.053005
  ],
  "NEO": [
    2.7
  ],
  "FARTCOIN": [
    0.190131
  ],
  "PC0000031": [
    1
  ],
  "REAL": [
    0.057728
  ],
  "WFI": [
    2.22
  ],
  "H": [
    0.098167
  ],
  "COMP": [
    18.43
  ],
  "FDIT": [
    1
  ],
  "WAL": [
    0.07864
  ],
  "IUSD": [
    1.001
  ],
  "ZK": [
    0.01890953
  ],
  "WIF": [
    0.173148
  ],
  "THETA": [
    0.172643
  ],
  "MANA": [
    0.089152
  ],
  "FLUID": [
    2.19
  ],
  "S": [
    0.04356003
  ],
  "FF": [
    0.070414
  ],
  "MX": [
    1.79
  ],
  "RAY": [
    0.60753
  ],
  "CVX": [
    1.77
  ],
  "KOGE": [
    48
  ]
}