{
  "TUSD": [
    0.999407,
    0.999284
  ],
  "FTN": [
    1.09,
    1.088
  ],
  "A7A5": [
    0.01180295,
    0.01189879
  ],
  "ETHFI": [
    0.601515,
    0.584865
  ],
  "VIRTUAL": [
    0.693216,
    0.693957
  ],
  "CAKE": [
    1.38,
    1.38
  ],
  "STX": [
    0.245142,
    0.244874
  ],
  "PENGU": [
    0.00705476,
    0.0070224
  ],
  "XTZ": [
    0.397688,
    0.397319
  ],
  "EURC": [
    1.16,
    1.16
  ],
  "DCR": [
    24.27,
    24.54
  ],
  "SEI": [
    0.0631,
    0.063031
  ],
  "JAAA": [
    1.027,
    1.027
  ],
  "DASH": [
    32.68,
    32.87
  ],
  "KITE": [
    0.217717,
    0.216696
  ],
  "FDUSD": [
    0.999594,
    0.999527
  ],
  "CHZ": [
    0.03622143,
    0.03604493
  ],
  "USX": [
    0.999772,
    0.999813
  ],
  "PRIME": [
    1.028,
    1.029
  ],
  "CRV": [
    0.233318,
    0.234445
  ],
  "GNO": [
    130.82,
    130.77
  ],
  "SUN": [
    0.01785691,
    0.01784127
  ],
  "KAU": [
    146.91,
    142.02
  ],
  "CFX": [
    0.06462,
    0.064643
  ],
  "BTT": [
    3.36957e-7,
    3.36815e-7
  ],
  "NFT": [
    3.35304e-7,
    3.34828e-7
  ],
  "USDAI": [
    0.999608,
    0.999575
  ],
  "ADI": [
    3.23,
    3.24
  ],
  "INJ": [
    3.08,
    3.09
  ],
  "KAIA": [
    0.051592,
    0.051719
  ],
  "AERO": [
    0.319539,
    0.320678
  ],
  "TIA": [
    0.331776,
    0.331235
  ],
  "BSV": [
    14.65,
    14.61
  ],
  "FLOKI": [
    0.00002967,
    0.00002963
  ],
  "DEXE": [
    6.05,
    6.06
  ],
  "SPX": [
    0.30377,
    0.303302
  ],
  "GRT": [
    0.02593344,
    0.02585529
  ],
  "JASMY": [
    0.00560532,
    0.00558167
  ],
  "FRAX": [
    0.992795,
    0.992991
  ],
  "SYRUP": [
    0.23626,
    0.2359
  ],
  "APEPE": [
    0.00000128,
    0.00000128
  ],
  "IOTA": [
    0.061443,
    0.061455
  ],
  "2Z": [
    0.07587,
    0.076005
  ],
  "FO": [
    0.264786,
    0.264436
  ],
  "LIT": [
    1.055,
    1.049
  ],
  "VVV": [
    5.83,
    5.88
  ],
  "IP": [
    0.742689,
    0.740069
  ],
  "CRVUSD": [
    0.999957,
    0.999191
  ],
  "OP": [
    0.121629,
    0.121778
  ],
  "LDO": [
    0.298101,
    0.297125
  ],
  "OHM": [
    15.89,
    15.9
  ],
  "PYTH": [
    0.04289625,
    0.04290635
  ],
  "ZBCN": [
    0.00245261,
    0.00244681
  ],
  "ENS": [
    6.2,
    6.2
  ],
  "MON": [
    0.02178864,
    0.021889
  ],
  "BTSE": [
    1.47,
    1.46
  ],
  "TEL": [
    0.00245158,
    0.00244359
  ],
  "HNT": [
    1.24,
    1.24
  ],
  "B": [
    0.224588,
    0.222122
  ],
  "USDA": [
    0.984014,
    0.984014
  ],
  "AUSD": [
    0.999983,
    0.999947
  ],
  "SAND": [
    0.080789,
    0.08066
  ],
  "LUNC": [
    0.00003933,
    0.00003927
  ],
  "XPL": [
    0.094406,
    0.095281
  ],
  "TWT": [
    0.508633,
    0.505222
  ],
  "STRK": [
    0.03749417,
    0.03711808
  ],
  "BCAP": [
    22.99,
    22.99
  ],
  "PENDLE": [
    1.26,
    1.25
  ],
  "GRASS": [
    0.379699,
    0.381684
  ],
  "BORG": [
    0.207035,
    0.206249
  ],
  "AB": [
    0.0020639,
    0.00205155
  ],
  "NUSD": [
    0.99973,
    0.999737
  ],
  "AXS": [
    1.18,
    1.19
  ],
  "UDS": [
    1.64,
    1.61
  ],
  "XCN": [
    0.0052069,
    0.00529515
  ],
  "9BIT": [
    0.02408077,
    0.02404793
  ],
  "FARTCOIN": [
    0.196233,
    0.197441
  ],
  "REUSD": [
    1.068,
    1.068
  ],
  "USTBL": [
    1.078,
    1.078
  ],
  "REAL": [
    0.05972,
    0.059937
  ],
  "PC0000031": [
    1,
    1
  ],
  "VSN": [
    0.0524,
    0.052421
  ],
  "NEO": [
    2.69,
    2.67
  ],
  "COMP": [
    19.18,
    19.24
  ],
  "FLUID": [
    2.34,
    2.34
  ],
  "WIF": [
    0.179427,
    0.178839
  ],
  "WAL": [
    0.080192,
    0.079646
  ],
  "FDIT": [
    1,
    1
  ],
  "IUSD": [
    1,
    0.999897
  ],
  "WFI": [
    2.17,
    2.16
  ],
  "H": [
    0.095134,
    0.094772
  ],
  "ZK": [
    0.01859135,
    0.01855784
  ],
  "THETA": [
    0.169554,
    0.169657
  ],
  "MANA": [
    0.087394,
    0.087409
  ],
  "CVX": [
    1.84,
    1.84
  ],
  "S": [
    0.04426765,
    0.04417942
  ],
  "FF": [
    0.070831,
    0.070781
  ],
  "RAY": [
    0.617374,
    0.616377
  ],
  "MX": [
    1.79,
    1.79
  ],
  "KOGE": [
    47.99,
    47.99
  ]
}