{
  "A7A5": [
    0.01122239,
    0.01249831
  ],
  "FTN": [
    1.088,
    1.089
  ],
  "CAKE": [
    1.4,
    1.4
  ],
  "RIVER": [
    24.56,
    23.53
  ],
  "VIRTUAL": [
    0.698153,
    0.710173
  ],
  "KITE": [
    0.247099,
    0.245884
  ],
  "STX": [
    0.238987,
    0.239724
  ],
  "PENGU": [
    0.00686279,
    0.00693446
  ],
  "DASH": [
    33.94,
    33.92
  ],
  "XTZ": [
    0.393733,
    0.395634
  ],
  "EURC": [
    1.16,
    1.16
  ],
  "ETHFI": [
    0.522881,
    0.521614
  ],
  "SEI": [
    0.059304,
    0.059269
  ],
  "JAAA": [
    1.027,
    1.027
  ],
  "FDUSD": [
    0.999455,
    0.999074
  ],
  "CHZ": [
    0.03561743,
    0.03565033
  ],
  "USX": [
    0.999583,
    0.999576
  ],
  "PRIME": [
    1.027,
    1.044
  ],
  "DCR": [
    20.16,
    20.32
  ],
  "SUN": [
    0.01828501,
    0.01827299
  ],
  "DEXE": [
    7.18,
    7.32
  ],
  "ADI": [
    3.51,
    3.51
  ],
  "KAU": [
    141.88,
    141.25
  ],
  "GNO": [
    126.75,
    126.87
  ],
  "NFT": [
    3.32388e-7,
    3.31667e-7
  ],
  "CRV": [
    0.220129,
    0.219718
  ],
  "BTT": [
    3.31023e-7,
    3.31674e-7
  ],
  "CFX": [
    0.061143,
    0.061446
  ],
  "USDAI": [
    0.999884,
    0.999826
  ],
  "INJ": [
    3,
    3.02
  ],
  "KAIA": [
    0.050336,
    0.050517
  ],
  "AERO": [
    0.317193,
    0.319849
  ],
  "TIA": [
    0.321521,
    0.323827
  ],
  "FLOKI": [
    0.00002914,
    0.00002937
  ],
  "BSV": [
    14.03,
    14.1
  ],
  "FRAX": [
    0.990773,
    0.99106
  ],
  "JASMY": [
    0.00551338,
    0.00550669
  ],
  "SPX": [
    0.287144,
    0.290192
  ],
  "GRT": [
    0.02476358,
    0.02493195
  ],
  "APEPE": [
    0.00000127,
    0.00000127
  ],
  "SYRUP": [
    0.230464,
    0.230373
  ],
  "VVV": [
    5.69,
    5.87
  ],
  "FO": [
    0.263794,
    0.263652
  ],
  "CRVUSD": [
    0.999655,
    1
  ],
  "2Z": [
    0.075285,
    0.075003
  ],
  "IOTA": [
    0.058017,
    0.058059
  ],
  "MON": [
    0.02250946,
    0.02285135
  ],
  "OHM": [
    15.62,
    15.8
  ],
  "LDO": [
    0.288226,
    0.289899
  ],
  "LIT": [
    0.967455,
    0.97173
  ],
  "OP": [
    0.109989,
    0.111494
  ],
  "BTSE": [
    1.44,
    1.45
  ],
  "HNT": [
    1.25,
    1.26
  ],
  "ENS": [
    5.99,
    5.98
  ],
  "PYTH": [
    0.0392466,
    0.03953599
  ],
  "ZBCN": [
    0.00233324,
    0.00231409
  ],
  "IP": [
    0.633554,
    0.637579
  ],
  "UDS": [
    1.79,
    1.79
  ],
  "B": [
    0.218105,
    0.218765
  ],
  "USDA": [
    0.984609,
    0.979872
  ],
  "AUSD": [
    0.999945,
    0.999874
  ],
  "SAND": [
    0.079558,
    0.080504
  ],
  "XPL": [
    0.094174,
    0.095099
  ],
  "TEL": [
    0.00222831,
    0.00222613
  ],
  "LUNC": [
    0.00003849,
    0.00003826
  ],
  "BCAP": [
    22.89,
    22.89
  ],
  "STRK": [
    0.03629373,
    0.03652901
  ],
  "TWT": [
    0.49062,
    0.490561
  ],
  "PENDLE": [
    1.21,
    1.22
  ],
  "AB": [
    0.00201901,
    0.00201762
  ],
  "9BIT": [
    0.02409673,
    0.02410364
  ],
  "XCN": [
    0.00511291,
    0.00524549
  ],
  "NEO": [
    2.75,
    2.76
  ],
  "USTBL": [
    1.078,
    1.078
  ],
  "WIF": [
    0.187302,
    0.190277
  ],
  "PC0000031": [
    1,
    1
  ],
  "REAL": [
    0.059453,
    0.059565
  ],
  "NUSD": [
    1,
    1.001
  ],
  "AXS": [
    1.1,
    1.11
  ],
  "BORG": [
    0.18973,
    0.190676
  ],
  "COMP": [
    19.15,
    19.25
  ],
  "VSN": [
    0.051617,
    0.051388
  ],
  "WFI": [
    2.25,
    2.24
  ],
  "REUSD": [
    1.067,
    1.068
  ],
  "GRASS": [
    0.332517,
    0.332746
  ],
  "WAL": [
    0.078459,
    0.07884
  ],
  "FARTCOIN": [
    0.175062,
    0.176781
  ],
  "ZK": [
    0.01808286,
    0.01812022
  ],
  "H": [
    0.093348,
    0.0938
  ],
  "MANA": [
    0.087042,
    0.088015
  ],
  "FF": [
    0.072061,
    0.07223
  ],
  "FDIT": [
    1,
    1
  ],
  "BAT": [
    0.108282,
    0.11179
  ],
  "MX": [
    1.79,
    1.79
  ],
  "S": [
    0.04289048,
    0.04330211
  ],
  "KOGE": [
    47.98,
    47.98
  ],
  "CVX": [
    1.73,
    1.75
  ],
  "RAY": [
    0.596023,
    0.597707
  ],
  "THETA": [
    0.159251,
    0.160502
  ],
  "SATUSD": [
    0.994811,
    0.990865
  ]
}