{
  "A7A5": [
    0.01226051,
    0.01226
  ],
  "FTN": [
    1.087,
    1.087
  ],
  "CAKE": [
    1.41,
    1.41
  ],
  "VIRTUAL": [
    0.690268,
    0.685638
  ],
  "STX": [
    0.234759,
    0.234499
  ],
  "PENGU": [
    0.00688576,
    0.00684147
  ],
  "EURC": [
    1.15,
    1.15
  ],
  "ETHFI": [
    0.523471,
    0.520917
  ],
  "DASH": [
    32.63,
    32.42
  ],
  "XTZ": [
    0.372752,
    0.3711
  ],
  "JAAA": [
    1.028,
    1.028
  ],
  "SEI": [
    0.058935,
    0.05878
  ],
  "FDUSD": [
    0.998857,
    0.999245
  ],
  "DCR": [
    22.36,
    22.11
  ],
  "KITE": [
    0.21134,
    0.210348
  ],
  "CHZ": [
    0.03524968,
    0.03517692
  ],
  "PRIME": [
    1.027,
    1.027
  ],
  "USX": [
    0.999418,
    0.999431
  ],
  "KAU": [
    142.43,
    142.78
  ],
  "DEXE": [
    7.31,
    7.2
  ],
  "SUN": [
    0.01731418,
    0.01747074
  ],
  "NFT": [
    3.32635e-7,
    3.31991e-7
  ],
  "CRV": [
    0.220212,
    0.219467
  ],
  "ADI": [
    4.09,
    4.09
  ],
  "GNO": [
    123.78,
    123.18
  ],
  "BTT": [
    3.25989e-7,
    3.24617e-7
  ],
  "RIVER": [
    15.68,
    16.01
  ],
  "USDAI": [
    0.999667,
    0.999658
  ],
  "CFX": [
    0.05966,
    0.059372
  ],
  "AERO": [
    0.330643,
    0.330115
  ],
  "INJ": [
    2.96,
    2.95
  ],
  "KAIA": [
    0.04886305,
    0.04888835
  ],
  "TIA": [
    0.31689,
    0.315074
  ],
  "VVV": [
    6.41,
    6.23
  ],
  "FLOKI": [
    0.00002905,
    0.00002893
  ],
  "BSV": [
    13.91,
    13.81
  ],
  "FRAX": [
    0.99123,
    0.991394
  ],
  "SPX": [
    0.287432,
    0.288138
  ],
  "MON": [
    0.02432781,
    0.02447269
  ],
  "APEPE": [
    0.00000126,
    0.00000126
  ],
  "JASMY": [
    0.00534573,
    0.00532981
  ],
  "FO": [
    0.262881,
    0.263084
  ],
  "GRT": [
    0.02434232,
    0.024288
  ],
  "CRVUSD": [
    0.998816,
    1.003
  ],
  "KAG": [
    67.77,
    68.41
  ],
  "2Z": [
    0.073404,
    0.073872
  ],
  "SYRUP": [
    0.221429,
    0.219381
  ],
  "IOTA": [
    0.057238,
    0.057115
  ],
  "LDO": [
    0.287758,
    0.287503
  ],
  "OHM": [
    15.6,
    15.56
  ],
  "BTSE": [
    1.44,
    1.44
  ],
  "OP": [
    0.109463,
    0.109185
  ],
  "USTBL": [
    1.078,
    1.078
  ],
  "LIT": [
    0.906641,
    0.909381
  ],
  "ENS": [
    5.89,
    5.87
  ],
  "PYTH": [
    0.03916332,
    0.03911921
  ],
  "9BIT": [
    0.02739018,
    0.02739001
  ],
  "ZBCN": [
    0.00230449,
    0.00228537
  ],
  "XPL": [
    0.094646,
    0.093739
  ],
  "HNT": [
    1.2,
    1.2
  ],
  "UDS": [
    1.76,
    1.76
  ],
  "USDA": [
    0.984662,
    0.984662
  ],
  "AUSD": [
    0.999597,
    0.999689
  ],
  "IP": [
    0.612429,
    0.610466
  ],
  "B": [
    0.212968,
    0.211058
  ],
  "LUNC": [
    0.00003829,
    0.00003853
  ],
  "TEL": [
    0.00220339,
    0.00219999
  ],
  "BCAP": [
    22.89,
    22.89
  ],
  "XCN": [
    0.005347,
    0.00548341
  ],
  "SAND": [
    0.077393,
    0.076934
  ],
  "TWT": [
    0.487976,
    0.486516
  ],
  "STRK": [
    0.03550252,
    0.03533424
  ],
  "PENDLE": [
    1.21,
    1.2
  ],
  "AB": [
    0.00200191,
    0.00200206
  ],
  "PC0000031": [
    1,
    1
  ],
  "VSN": [
    0.051421,
    0.051431
  ],
  "REAL": [
    0.059401,
    0.059275
  ],
  "NEO": [
    2.66,
    2.66
  ],
  "WIF": [
    0.18867,
    0.187618
  ],
  "NUSD": [
    0.998735,
    0.998833
  ],
  "REUSD": [
    1.068,
    1.068
  ],
  "BORG": [
    0.187681,
    0.187393
  ],
  "COMP": [
    18.95,
    18.89
  ],
  "AXS": [
    1.069,
    1.064
  ],
  "FARTCOIN": [
    0.179474,
    0.1786
  ],
  "WFI": [
    2.17,
    2.17
  ],
  "ZK": [
    0.01838798,
    0.01831781
  ],
  "WAL": [
    0.077738,
    0.077374
  ],
  "GRASS": [
    0.31691,
    0.31473
  ],
  "FF": [
    0.070807,
    0.070573
  ],
  "MX": [
    1.79,
    1.79
  ],
  "MANA": [
    0.085173,
    0.084645
  ],
  "KOGE": [
    47.98,
    47.97
  ],
  "S": [
    0.04238932,
    0.04226163
  ],
  "FDIT": [
    1,
    1
  ],
  "THETA": [
    0.159215,
    0.158522
  ],
  "SATUSD": [
    0.996686,
    0.988026
  ],
  "RAY": [
    0.586937,
    0.585049
  ],
  "FT": [
    0.09811,
    0.097816
  ],
  "CVX": [
    1.69,
    1.69
  ]
}