{
  "RIVER": [
    24.39
  ],
  "FTN": [
    1.088,
    1.089
  ],
  "CAKE": [
    1.41,
    1.42
  ],
  "A7A5": [
    0.01166969,
    0.01173331
  ],
  "DCR": [
    26.3,
    26.47
  ],
  "VIRTUAL": [
    0.69351,
    0.69559
  ],
  "STX": [
    0.243812,
    0.24458
  ],
  "PENGU": [
    0.00699556,
    0.00707178
  ],
  "EURC": [
    1.16,
    1.16
  ],
  "SEI": [
    0.063428,
    0.063338
  ],
  "ETHFI": [
    0.528064,
    0.534774
  ],
  "JAAA": [
    1.027,
    1.027
  ],
  "XTZ": [
    0.384377,
    0.38851
  ],
  "DASH": [
    31.4,
    31.53
  ],
  "FDUSD": [
    0.999276,
    0.999134
  ],
  "CHZ": [
    0.03558813,
    0.03574216
  ],
  "KITE": [
    0.198292,
    0.204679
  ],
  "USX": [
    0.999842,
    0.999723
  ],
  "KAU": [
    148.13,
    149.35
  ],
  "CRV": [
    0.232362,
    0.234909
  ],
  "GNO": [
    130.72,
    131.79
  ],
  "SUN": [
    0.01747182,
    0.01772304
  ],
  "PRIME": [
    1.025,
    1.026
  ],
  "BTT": [
    3.33283e-7,
    3.34609e-7
  ],
  "NFT": [
    3.31927e-7,
    3.32056e-7
  ],
  "USDAI": [
    0.999692,
    0.999567
  ],
  "CFX": [
    0.061279,
    0.061862
  ],
  "ADI": [
    3.28,
    3.26
  ],
  "KAIA": [
    0.051399,
    0.051589
  ],
  "INJ": [
    2.98,
    3.01
  ],
  "LIT": [
    1.17,
    1.2
  ],
  "TIA": [
    0.333624,
    0.336254
  ],
  "AERO": [
    0.319817,
    0.320742
  ],
  "BSV": [
    14.36,
    14.46
  ],
  "FLOKI": [
    0.00002914,
    0.0000294
  ],
  "SPX": [
    0.298592,
    0.303766
  ],
  "DEXE": [
    6.19,
    6.02
  ],
  "GRT": [
    0.02568423,
    0.02596551
  ],
  "JASMY": [
    0.00562172,
    0.00564126
  ],
  "SYRUP": [
    0.239229,
    0.241054
  ],
  "FRAX": [
    0.992412,
    0.991798
  ],
  "2Z": [
    0.077415,
    0.078754
  ],
  "IP": [
    0.767899,
    0.775356
  ],
  "IOTA": [
    0.06207,
    0.062235
  ],
  "APEPE": [
    0.00000128,
    0.00000128
  ],
  "FO": [
    0.263117,
    0.263096
  ],
  "BTSE": [
    1.61,
    1.61
  ],
  "CRVUSD": [
    1.004,
    0.999247
  ],
  "OHM": [
    16.52,
    16.45
  ],
  "OP": [
    0.120111,
    0.120651
  ],
  "PYTH": [
    0.04435417,
    0.04450109
  ],
  "LDO": [
    0.295074,
    0.29697
  ],
  "VVV": [
    5.26,
    5.42
  ],
  "B": [
    0.241692,
    0.242546
  ],
  "MON": [
    0.02209542,
    0.02231328
  ],
  "ENS": [
    6.18,
    6.25
  ],
  "HNT": [
    1.27,
    1.28
  ],
  "TEL": [
    0.0024593,
    0.00247811
  ],
  "XPL": [
    0.099068,
    0.099825
  ],
  "ZBCN": [
    0.0022739,
    0.00227321
  ],
  "UDS": [
    1.78,
    1.78
  ],
  "LUNC": [
    0.00003984,
    0.00004015
  ],
  "USDA": [
    0.984014,
    0.984014
  ],
  "SAND": [
    0.081107,
    0.081242
  ],
  "AUSD": [
    0.999972,
    0.999764
  ],
  "GRASS": [
    0.383652,
    0.396825
  ],
  "TWT": [
    0.514192,
    0.514438
  ],
  "BCAP": [
    22.99,
    22.99
  ],
  "AB": [
    0.00209739,
    0.00210278
  ],
  "STRK": [
    0.03663096,
    0.03646348
  ],
  "PENDLE": [
    1.24,
    1.24
  ],
  "BORG": [
    0.20531,
    0.208558
  ],
  "NUSD": [
    0.999678,
    0.99876
  ],
  "AXS": [
    1.18,
    1.19
  ],
  "9BIT": [
    0.02451884,
    0.02435761
  ],
  "FARTCOIN": [
    0.187814,
    0.198061
  ],
  "XCN": [
    0.00523579,
    0.00526503
  ],
  "USTBL": [
    1.077,
    1.078
  ],
  "REUSD": [
    1.067,
    1.067
  ],
  "NEO": [
    2.71,
    2.7
  ],
  "PC0000031": [
    1,
    1
  ],
  "VSN": [
    0.052473,
    0.052513
  ],
  "REAL": [
    0.058196,
    0.058956
  ],
  "COMP": [
    18.66,
    18.92
  ],
  "WFI": [
    2.2,
    2.22
  ],
  "FDIT": [
    1,
    1
  ],
  "FLUID": [
    2.24,
    2.26
  ],
  "WAL": [
    0.078348,
    0.078786
  ],
  "ZK": [
    0.01910741,
    0.01903043
  ],
  "IUSD": [
    1,
    0.999996
  ],
  "THETA": [
    0.17247,
    0.173541
  ],
  "MANA": [
    0.089145,
    0.089562
  ],
  "WIF": [
    0.172262,
    0.172127
  ],
  "H": [
    0.095254,
    0.091921
  ],
  "S": [
    0.04361111,
    0.0440372
  ],
  "FF": [
    0.07053,
    0.070594
  ],
  "RAY": [
    0.606818,
    0.611988
  ],
  "MX": [
    1.79,
    1.79
  ],
  "CVX": [
    1.76,
    1.77
  ],
  "KOGE": [
    48,
    48
  ]
}